2025-02-17 10:42:39,069 [INFO] Activator:176 - 


2025-02-17 10:42:39,070 [INFO] Activator:177 - !SESSION log4j initialized
2025-02-17 10:42:40,768 [INFO] LogOutputStream:77 - [STDOUT_REDIRECT] 
2025-02-17 10:42:42,170 [INFO] ApplicationProperties:184 - Using Application install path: /home/engineering/st/stm32cubeide_1.16.1/plugins/com.st.stm32cube.common.mx_6.12.1.202409122256
2025-02-17 10:42:42,186 [INFO] DbMcusXml:78 - Set database path to: /home/engineering/st/stm32cubeide_1.16.1/plugins/com.st.stm32cube.common.mx_6.12.1.202409122256//db//mcu/
2025-02-17 10:42:42,187 [INFO] ApiDb:274 - Set plugin database path to: /home/engineering/st/stm32cubeide_1.16.1/plugins/com.st.stm32cube.common.mx_6.12.1.202409122256//db//plugins/boardmanager/
2025-02-17 10:42:42,187 [WARN] ApiDb:259 - Overriding images path with different value:  => /home/engineering/st/stm32cubeide_1.16.1/plugins/com.st.stm32cube.common.mx_6.12.1.202409122256//db//plugins/mcufinder/images/
2025-02-17 10:42:42,191 [INFO] ApiDb:250 - Set database path to: /home/engineering/.stmcufinder/plugins/mcufinder//mcu/
2025-02-17 10:42:42,192 [INFO] DbMcusAds:125 - Set database path to: /home/engineering/.stmcufinder/plugins/mcufinder//mcu/
2025-02-17 10:42:42,194 [INFO] CrossReferenceDbSqlite:203 - Set database path to: /home/engineering/.stmcufinder/plugins/mcufinder//mcu/cs/
2025-02-17 10:42:42,302 [INFO] RulesReader:64 - Compatibility file has been processed (297 Rules)
2025-02-17 10:42:42,352 [INFO] DbMcusXml:78 - Set database path to: /home/engineering/st/stm32cubeide_1.16.1/plugins/com.st.stm32cube.common.mx_6.12.1.202409122256//db//mcu/
2025-02-17 10:42:42,353 [INFO] ApiDb:274 - Set plugin database path to: /home/engineering/st/stm32cubeide_1.16.1/plugins/com.st.stm32cube.common.mx_6.12.1.202409122256//db//plugins/boardmanager/
2025-02-17 10:42:42,353 [INFO] ApiDb:261 - Set plugin images path to: /home/engineering/st/stm32cubeide_1.16.1/plugins/com.st.stm32cube.common.mx_6.12.1.202409122256//db//plugins/mcufinder/images/
2025-02-17 10:42:42,354 [WARN] DbFile:41 - Overriding database path with different value: /home/engineering/.stmcufinder/plugins/mcufinder/ => /home/engineering/.stmcufinder/plugins/mcufinder
2025-02-17 10:42:42,354 [INFO] ApiDb:250 - Set database path to: /home/engineering/.stmcufinder/plugins/mcufinder//mcu/
2025-02-17 10:42:42,354 [WARN] DbFile:41 - Overriding database path with different value: /home/engineering/.stmcufinder/plugins/mcufinder/ => /home/engineering/.stmcufinder/plugins/mcufinder
2025-02-17 10:42:42,354 [INFO] DbMcusAds:125 - Set database path to: /home/engineering/.stmcufinder/plugins/mcufinder//mcu/
2025-02-17 10:42:42,354 [WARN] DbFile:41 - Overriding database path with different value: /home/engineering/.stmcufinder/plugins/mcufinder/ => /home/engineering/.stmcufinder/plugins/mcufinder
2025-02-17 10:42:42,354 [WARN] DbFile:41 - Overriding database path with different value: /home/engineering/.stmcufinder/plugins/mcufinder/ => /home/engineering/.stmcufinder/plugins/mcufinder
2025-02-17 10:42:42,354 [INFO] CrossReferenceDbSqlite:203 - Set database path to: /home/engineering/.stmcufinder/plugins/mcufinder//mcu/cs/
2025-02-17 10:42:42,405 [INFO] MainPanel:268 - HeapMemory: 268435456
2025-02-17 10:42:42,516 [INFO] DbMcusXml:78 - Set database path to: /home/engineering/st/stm32cubeide_1.16.1/plugins/com.st.stm32cube.common.mx_6.12.1.202409122256//db//mcu/
2025-02-17 10:42:42,516 [INFO] ApiDb:274 - Set plugin database path to: /home/engineering/st/stm32cubeide_1.16.1/plugins/com.st.stm32cube.common.mx_6.12.1.202409122256//db//plugins/boardmanager/
2025-02-17 10:42:42,517 [INFO] ApiDb:261 - Set plugin images path to: /home/engineering/st/stm32cubeide_1.16.1/plugins/com.st.stm32cube.common.mx_6.12.1.202409122256//db//plugins/mcufinder/images/
2025-02-17 10:42:42,517 [WARN] DbFile:41 - Overriding database path with different value: /home/engineering/.stmcufinder/plugins/mcufinder/ => /home/engineering/.stmcufinder/plugins/mcufinder
2025-02-17 10:42:42,517 [INFO] ApiDb:250 - Set database path to: /home/engineering/.stmcufinder/plugins/mcufinder//mcu/
2025-02-17 10:42:42,517 [WARN] DbFile:41 - Overriding database path with different value: /home/engineering/.stmcufinder/plugins/mcufinder/ => /home/engineering/.stmcufinder/plugins/mcufinder
2025-02-17 10:42:42,517 [INFO] DbMcusAds:125 - Set database path to: /home/engineering/.stmcufinder/plugins/mcufinder//mcu/
2025-02-17 10:42:42,517 [WARN] DbFile:41 - Overriding database path with different value: /home/engineering/.stmcufinder/plugins/mcufinder/ => /home/engineering/.stmcufinder/plugins/mcufinder
2025-02-17 10:42:42,517 [WARN] DbFile:41 - Overriding database path with different value: /home/engineering/.stmcufinder/plugins/mcufinder/ => /home/engineering/.stmcufinder/plugins/mcufinder
2025-02-17 10:42:42,517 [INFO] CrossReferenceDbSqlite:203 - Set database path to: /home/engineering/.stmcufinder/plugins/mcufinder//mcu/cs/
2025-02-17 10:42:42,528 [INFO] ApplicationProperties:184 - Using Application install path: /home/engineering/st/stm32cubeide_1.16.1/plugins/com.st.stm32cube.common.mx_6.12.1.202409122256
2025-02-17 10:42:42,529 [INFO] PluginManage:196 - Search for loadable plugins [exclusion list=, ]
2025-02-17 10:42:42,530 [INFO] PluginManage:310 - Check plugin analytics
2025-02-17 10:42:42,654 [INFO] AnalyticsPlugin:253 - Accepted Software Licenses: 
2025-02-17 10:42:42,654 [INFO] AnalyticsPlugin:255 - Accepted CMSIS Pack Licenses: 
2025-02-17 10:42:42,654 [INFO] AnalyticsPlugin:257 - Accepted Firmware Licenses: FW.F4.1.28.0
2025-02-17 10:42:42,655 [INFO] PluginManage:359 - Loaded plugin analytics (category:tool,tabindex:-1)
2025-02-17 10:42:42,656 [INFO] PluginManage:310 - Check plugin cadmodel
2025-02-17 10:42:42,658 [INFO] CADModel:105 - Init CAD model plugin
2025-02-17 10:42:42,658 [INFO] PluginManage:359 - Loaded plugin cadmodel (category:power,tabindex:5)
2025-02-17 10:42:42,659 [INFO] PluginManage:310 - Check plugin clock
2025-02-17 10:42:42,665 [INFO] PluginManage:359 - Loaded plugin clock (category:base,tabindex:2)
2025-02-17 10:42:42,665 [INFO] PluginManage:310 - Check plugin ddr
2025-02-17 10:42:42,667 [INFO] PluginManage:359 - Loaded plugin ddr (category:tool,tabindex:6)
2025-02-17 10:42:42,667 [INFO] PluginManage:310 - Check plugin filemanager
2025-02-17 10:42:42,841 [INFO] PluginManage:359 - Loaded plugin filemanager (category:base,tabindex:10)
2025-02-17 10:42:42,841 [INFO] PluginManage:310 - Check plugin ipmanager
2025-02-17 10:42:42,848 [INFO] PluginManage:359 - Loaded plugin ipmanager (category:base,tabindex:5)
2025-02-17 10:42:42,848 [INFO] PluginManage:310 - Check plugin lpbam
2025-02-17 10:42:42,855 [INFO] PluginManage:359 - Loaded plugin lpbam (category:base,tabindex:0)
2025-02-17 10:42:42,855 [INFO] PluginManage:310 - Check plugin memorymap
2025-02-17 10:42:42,865 [INFO] PluginManage:359 - Loaded plugin memorymap (category:base,tabindex:4)
2025-02-17 10:42:42,865 [INFO] PluginManage:310 - Check plugin pinoutandconfiguration
2025-02-17 10:42:42,874 [INFO] PluginManage:359 - Loaded plugin pinoutandconfiguration (category:base,tabindex:1)
2025-02-17 10:42:42,874 [INFO] PluginManage:310 - Check plugin pinoutconfig
2025-02-17 10:42:42,950 [WARN] SupportedApi:132 - Cannot load RTOS API schema: s4s-elt-must-match.1: The content of 'definitions' must match (annotation?, (simpleType | complexType)?, (unique | key | keyref)*)). A problem was found starting at: attribute.
2025-02-17 10:42:43,094 [INFO] PluginManage:359 - Loaded plugin pinoutconfig (category:base,tabindex:0)
2025-02-17 10:42:43,095 [INFO] PluginManage:310 - Check plugin power
2025-02-17 10:42:43,107 [INFO] PluginManage:359 - Loaded plugin power (category:power,tabindex:4)
2025-02-17 10:42:43,108 [INFO] PluginManage:310 - Check plugin projectmanager
2025-02-17 10:42:43,132 [INFO] PluginManage:359 - Loaded plugin projectmanager (category:projectmanager,tabindex:4)
2025-02-17 10:42:43,134 [INFO] PluginManage:310 - Check plugin rif
2025-02-17 10:42:43,143 [INFO] PluginManage:359 - Loaded plugin rif (category:base,tabindex:3)
2025-02-17 10:42:43,144 [INFO] PluginManage:310 - Check plugin thirdparty
2025-02-17 10:42:43,261 [INFO] PluginManage:359 - Loaded plugin thirdparty (category:base,tabindex:-1)
2025-02-17 10:42:43,261 [INFO] PluginManage:310 - Check plugin tools
2025-02-17 10:42:43,261 [WARN] IntegrityCheckThread:84 - waiting for thirdparty lock release [integrity check]
2025-02-17 10:42:43,262 [INFO] IntegrityCheckThread:86 - entering critical section [integrity check]
2025-02-17 10:42:43,262 [INFO] ThirdPartyUpdaterWithRetryManager:70 - Updater plugin not ready yet. [1/15]
2025-02-17 10:42:43,263 [INFO] PluginManage:359 - Loaded plugin tools (category:base,tabindex:7)
2025-02-17 10:42:43,263 [INFO] PluginManage:310 - Check plugin tutovideos
2025-02-17 10:42:43,473 [INFO] PluginManage:359 - Loaded plugin tutovideos (category:base,tabindex:-1)
2025-02-17 10:42:43,474 [INFO] PluginManage:310 - Check plugin updater
2025-02-17 10:42:43,489 [INFO] PluginManage:359 - Loaded plugin updater (category:base,tabindex:12)
2025-02-17 10:42:43,489 [INFO] PluginManage:310 - Check plugin userauth
2025-02-17 10:42:43,496 [INFO] UserAuth:113 - Init User Auth plugin
2025-02-17 10:42:43,497 [INFO] PluginManage:359 - Loaded plugin userauth (category:base,tabindex:14)
2025-02-17 10:42:43,497 [INFO] PluginManage:283 - PluginManage : Loaded plugins [18]
2025-02-17 10:42:43,715 [INFO] PinOutPanel:1561 - setPackage(No Configuration,No Configuration)
2025-02-17 10:42:43,795 [INFO] CADModel:165 - CPN selected for project level
2025-02-17 10:42:43,798 [INFO] CADModel:114 - Register for checkConnection events
2025-02-17 10:42:43,806 [INFO] IPUIPlugin:80 - create IPUIPlugin
2025-02-17 10:42:43,806 [INFO] PluginManager:220 - loadIPPluginJar : add radio
2025-02-17 10:42:43,807 [INFO] IPUIPlugin:80 - create IPUIPlugin
2025-02-17 10:42:43,807 [INFO] PluginManager:220 - loadIPPluginJar : add genericplugin
2025-02-17 10:42:43,808 [INFO] IPUIPlugin:80 - create IPUIPlugin
2025-02-17 10:42:43,808 [INFO] PluginManager:220 - loadIPPluginJar : add fatfs
2025-02-17 10:42:43,813 [INFO] IPUIPlugin:80 - create IPUIPlugin
2025-02-17 10:42:43,813 [INFO] PluginManager:220 - loadIPPluginJar : add usart
2025-02-17 10:42:43,814 [INFO] IPUIPlugin:80 - create IPUIPlugin
2025-02-17 10:42:43,814 [INFO] PluginManager:220 - loadIPPluginJar : add i2c
2025-02-17 10:42:43,816 [INFO] IPUIPlugin:80 - create IPUIPlugin
2025-02-17 10:42:43,816 [INFO] PluginManager:220 - loadIPPluginJar : add hash
2025-02-17 10:42:43,821 [INFO] IPUIPlugin:80 - create IPUIPlugin
2025-02-17 10:42:43,821 [INFO] PluginManager:220 - loadIPPluginJar : add linkedlist
2025-02-17 10:42:43,822 [INFO] IPUIPlugin:80 - create IPUIPlugin
2025-02-17 10:42:43,823 [INFO] PluginManager:220 - loadIPPluginJar : add lorawan
2025-02-17 10:42:43,824 [INFO] IPUIPlugin:80 - create IPUIPlugin
2025-02-17 10:42:43,824 [INFO] PluginManager:220 - loadIPPluginJar : add aes
2025-02-17 10:42:43,828 [INFO] IPUIPlugin:80 - create IPUIPlugin
2025-02-17 10:42:43,829 [INFO] PluginManager:220 - loadIPPluginJar : add dma
2025-02-17 10:42:43,830 [INFO] IPUIPlugin:80 - create IPUIPlugin
2025-02-17 10:42:43,830 [INFO] PluginManager:220 - loadIPPluginJar : add spi
2025-02-17 10:42:43,834 [INFO] IPUIPlugin:80 - create IPUIPlugin
2025-02-17 10:42:43,834 [INFO] PluginManager:220 - loadIPPluginJar : add adc
2025-02-17 10:42:43,836 [INFO] IPUIPlugin:80 - create IPUIPlugin
2025-02-17 10:42:43,836 [INFO] PluginManager:220 - loadIPPluginJar : add quadspi
2025-02-17 10:42:43,838 [INFO] IPUIPlugin:80 - create IPUIPlugin
2025-02-17 10:42:43,838 [INFO] PluginManager:220 - loadIPPluginJar : add gpio
2025-02-17 10:42:43,840 [INFO] IPUIPlugin:80 - create IPUIPlugin
2025-02-17 10:42:43,840 [INFO] PluginManager:220 - loadIPPluginJar : add nvic
2025-02-17 10:42:43,842 [INFO] IPUIPlugin:80 - create IPUIPlugin
2025-02-17 10:42:43,842 [INFO] PluginManager:220 - loadIPPluginJar : add cryp
2025-02-17 10:42:43,844 [INFO] IPUIPlugin:80 - create IPUIPlugin
2025-02-17 10:42:43,844 [INFO] PluginManager:220 - loadIPPluginJar : add i3c
2025-02-17 10:42:43,846 [INFO] IPUIPlugin:80 - create IPUIPlugin
2025-02-17 10:42:43,846 [INFO] PluginManager:220 - loadIPPluginJar : add ipddr
2025-02-17 10:42:43,848 [INFO] IPUIPlugin:80 - create IPUIPlugin
2025-02-17 10:42:43,848 [INFO] PluginManager:220 - loadIPPluginJar : add dfsdm
2025-02-17 10:42:43,851 [INFO] IPUIPlugin:80 - create IPUIPlugin
2025-02-17 10:42:43,851 [INFO] PluginManager:220 - loadIPPluginJar : add fmc
2025-02-17 10:42:43,852 [INFO] IPUIPlugin:80 - create IPUIPlugin
2025-02-17 10:42:43,852 [INFO] PluginManager:220 - loadIPPluginJar : add ts
2025-02-17 10:42:43,854 [INFO] IPUIPlugin:80 - create IPUIPlugin
2025-02-17 10:42:43,854 [INFO] PluginManager:220 - loadIPPluginJar : add tracer_emb
2025-02-17 10:42:43,856 [INFO] IPUIPlugin:80 - create IPUIPlugin
2025-02-17 10:42:43,856 [INFO] PluginManager:220 - loadIPPluginJar : add comp
2025-02-17 10:42:43,857 [INFO] IPUIPlugin:80 - create IPUIPlugin
2025-02-17 10:42:43,858 [INFO] PluginManager:220 - loadIPPluginJar : add pdm2pcm
2025-02-17 10:42:43,858 [INFO] IPUIPlugin:80 - create IPUIPlugin
2025-02-17 10:42:43,859 [INFO] PluginManager:220 - loadIPPluginJar : add ltdc
2025-02-17 10:42:43,863 [INFO] IPUIPlugin:80 - create IPUIPlugin
2025-02-17 10:42:43,865 [INFO] PluginManager:220 - loadIPPluginJar : add plateformsettings
2025-02-17 10:42:43,867 [INFO] IPUIPlugin:80 - create IPUIPlugin
2025-02-17 10:42:43,867 [INFO] PluginManager:220 - loadIPPluginJar : add usbx
2025-02-17 10:42:43,872 [INFO] IPUIPlugin:80 - create IPUIPlugin
2025-02-17 10:42:43,872 [INFO] PluginManager:220 - loadIPPluginJar : add mdma
2025-02-17 10:42:43,874 [INFO] IPUIPlugin:80 - create IPUIPlugin
2025-02-17 10:42:43,874 [INFO] PluginManager:220 - loadIPPluginJar : add resmgrutility
2025-02-17 10:42:43,877 [INFO] IPUIPlugin:80 - create IPUIPlugin
2025-02-17 10:42:43,877 [INFO] PluginManager:220 - loadIPPluginJar : add touchsensing
2025-02-17 10:42:43,878 [INFO] IPUIPlugin:80 - create IPUIPlugin
2025-02-17 10:42:43,878 [INFO] PluginManager:220 - loadIPPluginJar : add ucpd
2025-02-17 10:42:43,879 [INFO] IPUIPlugin:80 - create IPUIPlugin
2025-02-17 10:42:43,879 [INFO] PluginManager:220 - loadIPPluginJar : add can
2025-02-17 10:42:43,880 [INFO] IPUIPlugin:80 - create IPUIPlugin
2025-02-17 10:42:43,881 [INFO] PluginManager:220 - loadIPPluginJar : add gfxmmu
2025-02-17 10:42:43,882 [INFO] IPUIPlugin:80 - create IPUIPlugin
2025-02-17 10:42:43,882 [INFO] PluginManager:220 - loadIPPluginJar : add gtzc
2025-02-17 10:42:43,887 [INFO] IPUIPlugin:80 - create IPUIPlugin
2025-02-17 10:42:43,887 [INFO] PluginManager:220 - loadIPPluginJar : add stm32_wpan
2025-02-17 10:42:43,888 [INFO] IPUIPlugin:80 - create IPUIPlugin
2025-02-17 10:42:43,888 [INFO] PluginManager:220 - loadIPPluginJar : add tim
2025-02-17 10:42:43,891 [INFO] IPUIPlugin:80 - create IPUIPlugin
2025-02-17 10:42:43,891 [INFO] PluginManager:220 - loadIPPluginJar : add gic
2025-02-17 10:42:43,893 [INFO] IPUIPlugin:80 - create IPUIPlugin
2025-02-17 10:42:43,893 [INFO] PluginManager:220 - loadIPPluginJar : add openamp
2025-02-17 10:42:43,894 [INFO] IPUIPlugin:80 - create IPUIPlugin
2025-02-17 10:42:43,894 [INFO] PluginManager:220 - loadIPPluginJar : add tsc
2025-02-17 10:42:43,895 [INFO] IPUIPlugin:80 - create IPUIPlugin
2025-02-17 10:42:43,895 [INFO] PluginManager:220 - loadIPPluginJar : add sai
2025-02-17 10:42:43,897 [INFO] IPUIPlugin:80 - create IPUIPlugin
2025-02-17 10:42:43,897 [INFO] PluginManager:220 - loadIPPluginJar : add i2s
2025-02-17 10:42:43,900 [INFO] IPUIPlugin:80 - create IPUIPlugin
2025-02-17 10:42:43,900 [INFO] PluginManager:220 - loadIPPluginJar : add freertos
2025-02-17 10:42:43,902 [INFO] IPUIPlugin:80 - create IPUIPlugin
2025-02-17 10:42:43,902 [INFO] PluginManager:220 - loadIPPluginJar : add extmemmanager
2025-02-17 10:42:43,903 [INFO] IPUIPlugin:80 - create IPUIPlugin
2025-02-17 10:42:43,903 [INFO] PluginManager:220 - loadIPPluginJar : add ddr_ctrl_phy
2025-02-17 10:42:43,905 [INFO] IPUIPlugin:80 - create IPUIPlugin
2025-02-17 10:42:43,905 [INFO] PluginManager:220 - loadIPPluginJar : add dma3
2025-02-17 10:42:43,908 [INFO] IPUIPlugin:80 - create IPUIPlugin
2025-02-17 10:42:43,908 [INFO] PluginManager:220 - loadIPPluginJar : add opamp
2025-02-17 10:42:44,011 [INFO] CADModel:165 - CPN selected for project level
2025-02-17 10:42:44,011 [INFO] CADModel:114 - Register for checkConnection events
2025-02-17 10:42:44,012 [FATAL] Updater:334 - Updater called before beeing initialized
2025-02-17 10:42:44,012 [ERROR] CADModel:125 - Updater not yet initialized, retry later 
2025-02-17 10:42:44,104 [INFO] CADModel:165 - CPN selected for project level
2025-02-17 10:42:44,104 [INFO] CADModel:114 - Register for checkConnection events
2025-02-17 10:42:44,104 [FATAL] Updater:334 - Updater called before beeing initialized
2025-02-17 10:42:44,104 [ERROR] CADModel:125 - Updater not yet initialized, retry later 
2025-02-17 10:42:44,107 [FATAL] Updater:334 - Updater called before beeing initialized
2025-02-17 10:42:44,161 [FATAL] Updater:334 - Updater called before beeing initialized
2025-02-17 10:42:44,164 [INFO] DbMcusAds:53 - JSON generation date=Tue Dec 17 08:01:15 PST 2024 (1734451275111)
2025-02-17 10:42:44,164 [FATAL] Updater:334 - Updater called before beeing initialized
2025-02-17 10:42:44,187 [WARN] DetailPanel:346 - Failed to get advertising image, set to default
2025-02-17 10:42:44,251 [FATAL] Updater:334 - Updater called before beeing initialized
2025-02-17 10:42:44,253 [FATAL] Updater:334 - Updater called before beeing initialized
2025-02-17 10:42:44,253 [FATAL] Updater:334 - Updater called before beeing initialized
2025-02-17 10:42:44,253 [WARN] DetailPanel:346 - Failed to get advertising image, set to default
2025-02-17 10:42:44,254 [FATAL] Updater:334 - Updater called before beeing initialized
2025-02-17 10:42:44,281 [ERROR] Updater:1164 - MainUpdater not yet initialized. External WinMGr cannot be set.
2025-02-17 10:42:44,282 [INFO] Updater:1100 - Updater Version found : 6.12.1
2025-02-17 10:42:44,299 [INFO] ApplicationProperties:184 - Using Application install path: /home/engineering/st/stm32cubeide_1.16.1/plugins/com.st.stm32cube.common.mx_6.12.1.202409122256
2025-02-17 10:42:44,563 [INFO] MainUpdater:2873 - connection check result : 10
2025-02-17 10:42:44,564 [INFO] MainUpdater:290 - Updater Check For Update Now.
2025-02-17 10:42:44,564 [INFO] MicroXplorer:498 - Change Database Version : DB.6.0.121
2025-02-17 10:42:44,570 [INFO] McuFinderGlobals:63 - Set McuFinder mode to 2 (CubeIDE integrated)
2025-02-17 10:42:44,573 [INFO] UserAuth:417 - Internet connection configuration mode: 1
2025-02-17 10:42:44,585 [INFO] JxBrowserEngine:152 - Initiate JxBrowser Engine with user profile folder
2025-02-17 10:42:44,763 [INFO] CheckServerUpdateThread:120 - End of CheckServer Thread
2025-02-17 10:42:45,306 [INFO] WebApp:167 - Instantiating new browser for Auth
2025-02-17 10:42:46,075 [INFO] WebApp:448 - Apply proxy settings
2025-02-17 10:42:46,075 [INFO] WebApp:533 - Chromium requires no authentication
2025-02-17 10:42:46,091 [INFO] WebApp:476 - Direct internet connection detected
2025-02-17 10:42:46,112 [INFO] WebApp:869 - Register for checkConnection events
2025-02-17 10:42:46,112 [INFO] WebApp:448 - Apply proxy settings
2025-02-17 10:42:46,113 [INFO] WebApp:533 - Chromium requires no authentication
2025-02-17 10:42:46,113 [INFO] WebApp:476 - Direct internet connection detected
2025-02-17 10:42:46,242 [INFO] WebApp:220 - Starting web application
2025-02-17 10:42:46,242 [INFO] WebApp:578 - Web application path used /home/engineering/st/stm32cubeide_1.16.1/plugins/com.st.stm32cube.common.mx_6.12.1.202409122256/db/plugins/mcufinder/reactClient1/index.html
2025-02-17 10:42:46,528 [INFO] WebApp:186 - Connection restablished
2025-02-17 10:42:46,529 [INFO] UserAuth:417 - Internet connection configuration mode: 1
2025-02-17 10:42:46,596 [WARN] PackLoader:240 - Cannot read IP mode file for STMicroelectronics.FP-SNS-MOTENVWB1.1.4.0
2025-02-17 10:42:46,617 [WARN] PackLoader:240 - Cannot read IP mode file for STMicroelectronics.FP-ATR-ASTRA1.2.0.1
2025-02-17 10:42:46,654 [WARN] PackLoader:240 - Cannot read IP mode file for STMicroelectronics.X-CUBE-SMBUS.2.1.0
2025-02-17 10:42:46,667 [WARN] PackLoader:240 - Cannot read IP mode file for STMicroelectronics.X-CUBE-WB05N.1.1.0
2025-02-17 10:42:46,735 [WARN] PackLoader:240 - Cannot read IP mode file for STMicroelectronics.X-CUBE-AZRTOS-F7.1.1.0
2025-02-17 10:42:46,865 [WARN] PackLoader:240 - Cannot read IP mode file for STMicroelectronics.X-CUBE-MEMS1.11.0.0
2025-02-17 10:42:47,075 [WARN] PackLoader:240 - Cannot read IP mode file for STMicroelectronics.FP-SNS-FLIGHT1.5.0.2
2025-02-17 10:42:47,080 [WARN] PackLoader:240 - Cannot read IP mode file for STMicroelectronics.X-CUBE-DISPLAY.3.0.0
2025-02-17 10:42:47,085 [WARN] PackLoader:240 - Cannot read IP mode file for STMicroelectronics.X-CUBE-BLE1.7.0.0
2025-02-17 10:42:47,093 [WARN] PackLoader:240 - Cannot read IP mode file for STMicroelectronics.X-CUBE-NFC10.1.0.0
2025-02-17 10:42:47,100 [WARN] PackLoader:240 - Cannot read IP mode file for STMicroelectronics.X-CUBE-BLEMGR.4.0.0
2025-02-17 10:42:47,105 [WARN] PackLoader:240 - Cannot read IP mode file for emotas.I-CUBE-CANOPEN.1.3.0
2025-02-17 10:42:47,126 [WARN] PackLoader:240 - Cannot read IP mode file for STMicroelectronics.X-CUBE-BLEMGR.3.1.0
2025-02-17 10:42:47,129 [WARN] PackLoader:240 - Cannot read IP mode file for STMicroelectronics.X-CUBE-AI.10.0.0
2025-02-17 10:42:47,132 [WARN] PackLoader:240 - Cannot read IP mode file for STMicroelectronics.FP-SNS-SMARTAG2.1.2.0
2025-02-17 10:42:47,195 [WARN] PackLoader:240 - Cannot read IP mode file for STMicroelectronics.X-CUBE-MEMS1.11.1.0
2025-02-17 10:42:47,301 [INFO] LogOutputStream:77 - [STDOUT_REDIRECT] 1 : Invalid condition id : UX_CORESTACK_Condition cause : null
2025-02-17 10:42:47,302 [INFO] LogOutputStream:77 - [STDOUT_REDIRECT] 1 : Invalid condition id : UX_CORESTACK_Condition cause : null
2025-02-17 10:42:47,302 [INFO] LogOutputStream:77 - [STDOUT_REDIRECT] 1 : Invalid condition id : UX_CORESTACK_Condition cause : null
2025-02-17 10:42:47,303 [INFO] LogOutputStream:77 - [STDOUT_REDIRECT] 1 : Invalid condition id : UX_CORESTACK_Condition cause : null
2025-02-17 10:42:47,303 [INFO] LogOutputStream:77 - [STDOUT_REDIRECT] 1 : Invalid condition id : UX_CORESTACK_Condition cause : null
2025-02-17 10:42:47,304 [WARN] PackLoader:240 - Cannot read IP mode file for STMicroelectronics.X-CUBE-AZRTOS-WL.2.0.0
2025-02-17 10:42:47,310 [WARN] PackLoader:240 - Cannot read IP mode file for STMicroelectronics.FP-SNS-MOTENV1.5.0.0
2025-02-17 10:42:47,312 [WARN] PackLoader:240 - Cannot read IP mode file for wolfSSL.I-CUBE-wolfMQTT.1.19.0
2025-02-17 10:42:47,321 [WARN] PackLoader:240 - Cannot read IP mode file for WES.I-CUBE-Cesium.1.3.0
2025-02-17 10:42:47,328 [WARN] PackLoader:240 - Cannot read IP mode file for STMicroelectronics.X-CUBE-BLE2.3.3.0
2025-02-17 10:42:47,336 [WARN] PackLoader:240 - Cannot read IP mode file for STMicroelectronics.X-CUBE-NFC9.1.0.0
2025-02-17 10:42:47,348 [WARN] PackLoader:240 - Cannot read IP mode file for STMicroelectronics.X-CUBE-TCPP.4.1.0
2025-02-17 10:42:47,367 [WARN] PackLoader:240 - Cannot read IP mode file for STMicroelectronics.X-CUBE-AZRTOS-G0.1.1.0
2025-02-17 10:42:47,379 [WARN] PackLoader:240 - Cannot read IP mode file for STMicroelectronics.X-CUBE-SAFEA1.1.2.2
2025-02-17 10:42:47,385 [WARN] PackLoader:240 - Cannot read IP mode file for STMicroelectronics.X-CUBE-NFC4.3.0.0
2025-02-17 10:42:47,393 [WARN] PackLoader:240 - Cannot read IP mode file for EmbeddedOffice.I-CUBE-FS-RTOS.1.0.1
2025-02-17 10:42:47,394 [ERROR] ConditionMgr:805 - Attr not supported : Dmpu
2025-02-17 10:42:47,394 [ERROR] ConditionMgr:805 - Attr not supported : Dmpu
2025-02-17 10:42:47,394 [ERROR] ConditionMgr:805 - Attr not supported : Dmpu
2025-02-17 10:42:47,395 [ERROR] ConditionMgr:805 - Attr not supported : Dmpu
2025-02-17 10:42:47,395 [ERROR] ConditionMgr:805 - Attr not supported : Dmpu
2025-02-17 10:42:47,395 [ERROR] ConditionMgr:805 - Attr not supported : Dmpu
2025-02-17 10:42:47,395 [ERROR] ConditionMgr:805 - Attr not supported : Dmpu
2025-02-17 10:42:47,395 [ERROR] ConditionMgr:805 - Attr not supported : Dmpu
2025-02-17 10:42:47,395 [ERROR] ConditionMgr:805 - Attr not supported : Dmpu
2025-02-17 10:42:47,395 [ERROR] ConditionMgr:805 - Attr not supported : Dmpu
2025-02-17 10:42:47,395 [ERROR] ConditionMgr:805 - Attr not supported : Dmpu
2025-02-17 10:42:47,396 [ERROR] ConditionMgr:805 - Attr not supported : Dmpu
2025-02-17 10:42:47,396 [ERROR] ConditionMgr:805 - Attr not supported : Dmpu
2025-02-17 10:42:47,396 [ERROR] ConditionMgr:805 - Attr not supported : Dmpu
2025-02-17 10:42:47,396 [ERROR] ConditionMgr:805 - Attr not supported : Dmpu
2025-02-17 10:42:47,396 [ERROR] ConditionMgr:805 - Attr not supported : Dmpu
2025-02-17 10:42:47,396 [ERROR] ConditionMgr:805 - Attr not supported : Dmpu
2025-02-17 10:42:47,396 [ERROR] ConditionMgr:805 - Attr not supported : Dmpu
2025-02-17 10:42:47,396 [ERROR] ConditionMgr:805 - Attr not supported : Dmpu
2025-02-17 10:42:47,396 [ERROR] ConditionMgr:805 - Attr not supported : Dmpu
2025-02-17 10:42:47,396 [ERROR] ConditionMgr:805 - Attr not supported : Dmpu
2025-02-17 10:42:47,396 [ERROR] ConditionMgr:805 - Attr not supported : Dmpu
2025-02-17 10:42:47,396 [ERROR] ConditionMgr:805 - Attr not supported : Dmpu
2025-02-17 10:42:47,397 [ERROR] ConditionMgr:805 - Attr not supported : Dmpu
2025-02-17 10:42:47,397 [ERROR] ConditionMgr:805 - Attr not supported : Dmpu
2025-02-17 10:42:47,397 [ERROR] ConditionMgr:805 - Attr not supported : Dmpu
2025-02-17 10:42:47,398 [ERROR] ConditionMgr:805 - Attr not supported : Dmpu
2025-02-17 10:42:47,398 [ERROR] ConditionMgr:805 - Attr not supported : Dmpu
2025-02-17 10:42:47,398 [ERROR] ConditionMgr:805 - Attr not supported : Dmpu
2025-02-17 10:42:47,398 [ERROR] ConditionMgr:805 - Attr not supported : Dmpu
2025-02-17 10:42:47,398 [ERROR] ConditionMgr:805 - Attr not supported : Dmpu
2025-02-17 10:42:47,398 [ERROR] ConditionMgr:805 - Attr not supported : Dmpu
2025-02-17 10:42:47,398 [ERROR] ConditionMgr:805 - Attr not supported : Dmpu
2025-02-17 10:42:47,398 [ERROR] ConditionMgr:805 - Attr not supported : Dmpu
2025-02-17 10:42:47,398 [ERROR] ConditionMgr:805 - Attr not supported : Dmpu
2025-02-17 10:42:47,398 [ERROR] ConditionMgr:805 - Attr not supported : Dmpu
2025-02-17 10:42:47,398 [ERROR] ConditionMgr:805 - Attr not supported : Dmpu
2025-02-17 10:42:47,398 [ERROR] ConditionMgr:805 - Attr not supported : Dmpu
2025-02-17 10:42:47,398 [ERROR] ConditionMgr:805 - Attr not supported : Dmpu
2025-02-17 10:42:47,398 [ERROR] ConditionMgr:805 - Attr not supported : Dmpu
2025-02-17 10:42:47,398 [ERROR] ConditionMgr:805 - Attr not supported : Dmpu
2025-02-17 10:42:47,398 [ERROR] ConditionMgr:805 - Attr not supported : Dmpu
2025-02-17 10:42:47,398 [ERROR] ConditionMgr:805 - Attr not supported : Dmpu
2025-02-17 10:42:47,398 [ERROR] ConditionMgr:805 - Attr not supported : Dmpu
2025-02-17 10:42:47,398 [ERROR] ConditionMgr:805 - Attr not supported : Dmpu
2025-02-17 10:42:47,398 [ERROR] ConditionMgr:805 - Attr not supported : Dmpu
2025-02-17 10:42:47,398 [ERROR] ConditionMgr:805 - Attr not supported : Dmpu
2025-02-17 10:42:47,398 [ERROR] ConditionMgr:805 - Attr not supported : Dmpu
2025-02-17 10:42:47,398 [ERROR] ConditionMgr:805 - Attr not supported : Dmpu
2025-02-17 10:42:47,398 [ERROR] ConditionMgr:805 - Attr not supported : Dmpu
2025-02-17 10:42:47,398 [ERROR] ConditionMgr:805 - Attr not supported : Dmpu
2025-02-17 10:42:47,399 [ERROR] ConditionMgr:805 - Attr not supported : Dmpu
2025-02-17 10:42:47,399 [ERROR] ConditionMgr:805 - Attr not supported : Dmpu
2025-02-17 10:42:47,399 [ERROR] ConditionMgr:805 - Attr not supported : Dmpu
2025-02-17 10:42:47,399 [ERROR] ConditionMgr:805 - Attr not supported : Dmpu
2025-02-17 10:42:47,399 [ERROR] ConditionMgr:805 - Attr not supported : Dmpu
2025-02-17 10:42:47,399 [ERROR] ConditionMgr:805 - Attr not supported : Dmpu
2025-02-17 10:42:47,399 [ERROR] ConditionMgr:805 - Attr not supported : Dmpu
2025-02-17 10:42:47,399 [ERROR] ConditionMgr:805 - Attr not supported : Dmpu
2025-02-17 10:42:47,399 [ERROR] ConditionMgr:805 - Attr not supported : Dmpu
2025-02-17 10:42:47,399 [ERROR] ConditionMgr:805 - Attr not supported : Dmpu
2025-02-17 10:42:47,399 [ERROR] ConditionMgr:805 - Attr not supported : Dmpu
2025-02-17 10:42:47,399 [ERROR] ConditionMgr:805 - Attr not supported : Dmpu
2025-02-17 10:42:47,399 [ERROR] ConditionMgr:805 - Attr not supported : Dmpu
2025-02-17 10:42:47,403 [ERROR] Engine:466 - /home/engineering/.stm32cubemx/thirdparties/pdsc/STMicroelectronics.X-CUBE-TCPP.4.2.0.pdsc: PDSC version is not supported
2025-02-17 10:42:47,406 [WARN] PackLoader:240 - Cannot read IP mode file for RealThread.X-CUBE-RT-Thread_Nano.4.1.1
2025-02-17 10:42:47,409 [WARN] PackLoader:240 - Cannot read IP mode file for STMicroelectronics.FP-ATR-SIGFOX1.3.2.0
2025-02-17 10:42:47,413 [WARN] ConditionMgr:438 - getConditionDescription Invalid condition id : Cortex-A Device cause : null
2025-02-17 10:42:47,431 [WARN] ConditionMgr:1039 - genDependencies : Invalid condition id : Cortex-A Device cause : null
2025-02-17 10:42:47,432 [WARN] ConditionMgr:1039 - genDependencies : Invalid condition id : Cortex-A Device cause : null
2025-02-17 10:42:47,432 [WARN] ConditionMgr:1039 - genDependencies : Invalid condition id : Cortex-A Device cause : null
2025-02-17 10:42:47,435 [WARN] PackLoader:240 - Cannot read IP mode file for STMicroelectronics.X-CUBE-EEPRMA1.5.1.0
2025-02-17 10:42:47,450 [WARN] PackLoader:240 - Cannot read IP mode file for wolfSSL.I-CUBE-wolfSSL.5.7.4
2025-02-17 10:42:47,453 [WARN] PackLoader:240 - Cannot read IP mode file for ITTIA_DB.I-CUBE-ITTIADB.8.9.0
2025-02-17 10:42:47,471 [WARN] PackLoader:240 - Cannot read IP mode file for SEGGER.I-CUBE-embOS.1.3.1
2025-02-17 10:42:47,505 [WARN] PackLoader:240 - Cannot read IP mode file for STMicroelectronics.X-CUBE-ALGOBUILD.1.4.0
2025-02-17 10:42:47,507 [WARN] PackLoader:240 - Cannot read IP mode file for STMicroelectronics.X-CUBE-AI.9.1.0
2025-02-17 10:42:47,515 [WARN] PackLoader:240 - Cannot read IP mode file for STMicroelectronics.X-CUBE-AZRTOS-F4.1.1.0
2025-02-17 10:42:47,518 [WARN] PackLoader:240 - Cannot read IP mode file for STMicroelectronics.X-CUBE-ISPU.2.1.0
2025-02-17 10:42:47,520 [WARN] PackLoader:240 - Cannot read IP mode file for STMicroelectronics.X-CUBE-FREERTOS.1.2.0
2025-02-17 10:42:47,530 [WARN] PackLoader:240 - Cannot read IP mode file for STMicroelectronics.X-CUBE-AZRTOS-L5.2.0.0
2025-02-17 10:42:47,534 [WARN] PackLoader:240 - Cannot read IP mode file for STMicroelectronics.X-CUBE-NFC6.3.1.0
2025-02-17 10:42:47,537 [WARN] PackLoader:240 - Cannot read IP mode file for STMicroelectronics.X-CUBE-DPower.1.2.0
2025-02-17 10:42:47,540 [WARN] PackLoader:240 - Cannot read IP mode file for STMicroelectronics.X-CUBE-FREERTOS.1.3.0
2025-02-17 10:42:47,542 [WARN] PackLoader:240 - Cannot read IP mode file for STMicroelectronics.X-CUBE-NFC7.1.0.1
2025-02-17 10:42:47,551 [WARN] ConditionMgr:438 - getConditionDescription Invalid condition id : LAN8742 Phy interface Condition cause : null
2025-02-17 10:42:47,552 [WARN] PackLoader:240 - Cannot read IP mode file for STMicroelectronics.X-CUBE-AZRTOS-L4.2.0.0
2025-02-17 10:42:47,552 [WARN] ConditionMgr:1039 - genDependencies : Invalid condition id : LAN8742 Phy interface Condition cause : null
2025-02-17 10:42:47,552 [WARN] ConditionMgr:1039 - genDependencies : Invalid condition id : LAN8742 Phy interface Condition cause : null
2025-02-17 10:42:47,553 [WARN] ConditionMgr:1039 - genDependencies : Invalid condition id : LAN8742 Phy interface Condition cause : null
2025-02-17 10:42:47,556 [WARN] PackLoader:240 - Cannot read IP mode file for STMicroelectronics.X-CUBE-SFXS2LP1.4.0.0
2025-02-17 10:42:47,567 [WARN] PackLoader:240 - Cannot read IP mode file for STMicroelectronics.X-CUBE-AZRTOS-H7.3.3.0
2025-02-17 10:42:47,575 [WARN] PackLoader:240 - Cannot read IP mode file for STMicroelectronics.X-CUBE-IPS.3.0.0
2025-02-17 10:42:47,585 [WARN] ConditionMgr:438 - getConditionDescription Invalid condition id : UX DEVICE CLASS RTOS Condition cause : null
2025-02-17 10:42:47,585 [WARN] ConditionMgr:438 - getConditionDescription Invalid condition id : UX DEVICE CLASS RTOS Condition cause : null
2025-02-17 10:42:47,586 [WARN] PackLoader:240 - Cannot read IP mode file for STMicroelectronics.X-CUBE-AZRTOS-WB.2.0.0
2025-02-17 10:42:47,587 [WARN] ConditionMgr:1039 - genDependencies : Invalid condition id : UX DEVICE CLASS RTOS Condition cause : null
2025-02-17 10:42:47,587 [WARN] ConditionMgr:1039 - genDependencies : Invalid condition id : UX DEVICE CLASS RTOS Condition cause : null
2025-02-17 10:42:47,587 [WARN] ConditionMgr:1039 - genDependencies : Invalid condition id : UX DEVICE CLASS RTOS Condition cause : null
2025-02-17 10:42:47,587 [WARN] ConditionMgr:1039 - genDependencies : Invalid condition id : UX DEVICE CLASS RTOS Condition cause : null
2025-02-17 10:42:47,587 [WARN] ConditionMgr:1039 - genDependencies : Invalid condition id : UX DEVICE CLASS RTOS Condition cause : null
2025-02-17 10:42:47,590 [WARN] PackLoader:240 - Cannot read IP mode file for STMicroelectronics.X-CUBE-GNSS1.7.0.0
2025-02-17 10:42:47,593 [WARN] PackLoader:240 - Cannot read IP mode file for STMicroelectronics.X-CUBE-GNSS1.7.0.1
2025-02-17 10:42:47,597 [WARN] PackLoader:240 - Cannot read IP mode file for STMicroelectronics.FP-SNS-STBOX1.2.0.0
2025-02-17 10:42:47,609 [WARN] PackLoader:240 - Cannot read IP mode file for STMicroelectronics.X-CUBE-SUBG2.5.0.0
2025-02-17 10:42:47,613 [WARN] PackLoader:240 - Cannot read IP mode file for Cesanta.I-CUBE-Mongoose.7.13.0
2025-02-17 10:42:47,620 [WARN] PackLoader:240 - Cannot read IP mode file for STMicroelectronics.X-CUBE-AZRTOS-G4.2.0.0
2025-02-17 10:42:47,623 [ERROR] Engine:466 - /home/engineering/.stm32cubemx/thirdparties/pdsc/STMicroelectronics.X-CUBE-IPS.3.1.0.pdsc: PDSC version is not supported
2025-02-17 10:42:47,625 [WARN] PackLoader:240 - Cannot read IP mode file for STMicroelectronics.X-CUBE-ALS.1.0.2
2025-02-17 10:42:47,627 [WARN] PackLoader:240 - Cannot read IP mode file for STMicroelectronics.X-CUBE-TOUCHGFX.4.24.2
2025-02-17 10:42:47,629 [WARN] PackLoader:240 - Cannot read IP mode file for STMicroelectronics.X-CUBE-TOUCHGFX.4.24.1
2025-02-17 10:42:47,630 [WARN] PackLoader:240 - Cannot read IP mode file for wolfSSL.I-CUBE-wolfTPM.3.4.0
2025-02-17 10:42:47,631 [WARN] PackLoader:240 - Cannot read IP mode file for portGmbH.I-Cube-SoM-uGOAL.1.1.0
2025-02-17 10:42:47,640 [WARN] PackLoader:240 - Cannot read IP mode file for STMicroelectronics.X-CUBE-AZRTOS-H7RS.1.0.0
2025-02-17 10:42:47,647 [WARN] PackLoader:240 - Cannot read IP mode file for STMicroelectronics.X-CUBE-TOF1.3.4.2
2025-02-17 10:42:47,663 [WARN] PackLoader:240 - Cannot read IP mode file for Infineon.AIROC-Wi-Fi-Bluetooth-STM32.1.6.1
2025-02-17 10:42:47,667 [WARN] PackLoader:240 - Cannot read IP mode file for wolfSSL.I-CUBE-wolfSSH.1.4.17
2025-02-17 10:42:47,667 [INFO] ThirdParty:978 - Integrity check success = true
2025-02-17 10:42:47,667 [INFO] IntegrityCheckThread:100 - exiting critical section [integrity check]
2025-02-17 10:42:47,667 [INFO] IntegrityCheckThread:103 - End integrity checks thread
2025-02-17 10:43:46,840 [INFO] McuFinderGlobals:63 - Set McuFinder mode to 2 (CubeIDE integrated)
2025-02-17 10:43:46,842 [INFO] MainUpdater:2873 - connection check result : 10
2025-02-17 10:43:47,358 [INFO] ApiDb:581 - Connected to CubeFinder SQLite database (/home/engineering/.stmcufinder/plugins/mcufinder/mcu/cube-finder-db.db)
2025-02-17 10:43:47,411 [INFO] ApiDb:668 - CubeFinder database Data Model version=2.1
2025-02-17 10:43:47,411 [INFO] ApiDb:669 - CubeFinder database Configuration version=3.0.39
2025-02-17 10:43:47,412 [INFO] ApiDb:670 - CubeFinder database generation date=2025-02-07 (1738919966)
2025-02-17 10:43:47,412 [INFO] ApiDb:671 - CubeFinder database FW Pack versions=[FP-ATR-ASTRA1_V2.0.0, FP-SNS-FLIGHT1_V5.0.2, FP-SNS-MOTENV1_V5.0.0, FP-SNS-MOTENVWB1_V1.4.0, FP-SNS-SMARTAG2_V1.2.0, FP-SNS-STBOX1_V2.0.0, STM32Cube_FW_C0_V1.3.0, STM32Cube_FW_F4_V1.28.1, STM32Cube_FW_F7_V1.17.2, STM32Cube_FW_G0_V1.6.2, STM32Cube_FW_G4_V1.6.1, STM32Cube_FW_H5_V1.4.0, STM32Cube_FW_H7RS_V1.1.0, STM32Cube_FW_H7_V1.12.0, STM32Cube_FW_L0_V1.12.2, STM32Cube_FW_L4_V1.18.1, STM32Cube_FW_L5_V1.5.1, STM32Cube_FW_N6_V1.0.0, STM32Cube_FW_U0_V1.2.0, STM32Cube_FW_U3_V1.0.0, STM32Cube_FW_U5_V1.7.0, STM32Cube_FW_WB0_V1.1.0, STM32Cube_FW_WBA_V1.5.0, STM32Cube_FW_WB_V1.21.0, STM32Cube_FW_WL3_V1.0.0, STM32Cube_FW_WL_V1.3.0, X-CUBE-ALGOBUILD_V1.4.0, X-CUBE-ALS_V1.0.2, X-CUBE-AZRTOS-F4_V1.1.0, X-CUBE-AZRTOS-F7_V1.1.0, X-CUBE-AZRTOS-G0_V1.1.0, X-CUBE-AZRTOS-G4_V2.0.0, X-CUBE-AZRTOS-H7RS_V1.0.0, X-CUBE-AZRTOS-H7_V3.3.0, X-CUBE-AZRTOS-L4_V2.0.0, X-CUBE-AZRTOS-L5_V2.0.0, X-CUBE-AZRTOS-WB_V2.0.0, X-CUBE-AZRTOS-WL_V2.0.0, X-CUBE-BLE1_V7.0.0, X-CUBE-BLE2_V3.3.0, X-CUBE-BLEMGR_V4.0.0, X-CUBE-EEPRMA1_V5.1.0, X-CUBE-FREERTOS_V1.2.0, X-CUBE-GNSS1_V6.0.0, X-CUBE-MEMS1_V11.1.0, X-CUBE-NFC4_V3.0.0, X-CUBE-NFC7_V1.0.1, X-CUBE-SFXS2LP1_V4.0.0, X-CUBE-SUBG2_V5.0.0, X-CUBE-TOF1_V3.4.2]
2025-02-17 10:43:47,471 [INFO] DbBoardsSqlite:226 - include board P-NUCLEO-WB55-NUCLEO as a kit item of type 'Nucleo-64'
2025-02-17 10:43:47,471 [INFO] DbBoardsSqlite:226 - include board P-NUCLEO-WB55-USBDONGLE as a kit item of type 'Nucleo USB Dongle'
2025-02-17 10:43:47,475 [INFO] DbBoardsSqlite:226 - include board STEVAL-IDP005V1 as a kit item of type 'Evaluation Board'
2025-02-17 10:43:47,476 [INFO] DbBoardsSqlite:226 - include board STEVAL-IDP005V2 as a kit item of type 'Evaluation Board'
2025-02-17 10:43:47,532 [INFO] ApiDb:240 - Found 646 in-development CPN: [B-G473E-ZEST1S, B-WB1M-WPAN1, B-WL5M-SUBG1, NUCLEO-C031C6, NUCLEO-C071RB, NUCLEO-H503RB, NUCLEO-H533RE, NUCLEO-H563ZI, NUCLEO-H7S3L8, NUCLEO-U031R8, NUCLEO-U083RC, NUCLEO-U545RE-Q, NUCLEO-U5A5ZJ-Q, NUCLEO-WB05KZ, NUCLEO-WB07CC, NUCLEO-WB09KE, NUCLEO-WBA52CG, NUCLEO-WBA55CG, STEVAL-PROTEUS1, STEVAL-SMARTAG2, STEVAL-STWINBX1, STM320518-EVAL, STM32C0116-DK, STM32C011D6Y3TR, STM32C011D6Y6TR, STM32C011F4P3, STM32C011F4P6, STM32C011F4U3, STM32C011F4U6TR, STM32C011F6P3, STM32C011F6P6, STM32C011F6U3, STM32C011F6U6TR, STM32C011J4M3, STM32C011J4M6, STM32C011J6M3, STM32C011J6M6, STM32C0316-DK, STM32C031C4T3, STM32C031C4T6, STM32C031C4U3, STM32C031C4U6, STM32C031C6T3, STM32C031C6T6, STM32C031C6U3, STM32C031C6U6, STM32C031F4P3, STM32C031F4P6, STM32C031F6P3, STM32C031F6P6, STM32C031G4U3, STM32C031G4U6, STM32C031G6U3, STM32C031G6U6, STM32C031K4T3, STM32C031K4T6, STM32C031K4U3, STM32C031K4U6, STM32C031K6T3, STM32C031K6T6, STM32C031K6U3, STM32C031K6U6, STM32C071C8T6, STM32C071C8T6N, STM32C071C8U6, STM32C071C8U6N, STM32C071CBT6, STM32C071CBT6N, STM32C071CBU6, STM32C071CBU6N, STM32C071F8P6, STM32C071F8P6N, STM32C071FBP6, STM32C071FBP6N, STM32C071FBY6TR, STM32C071G8U6, STM32C071G8U6N, STM32C071GBU6, STM32C071GBU6N, STM32C071K8T6, STM32C071K8T6N, STM32C071K8U6, STM32C071K8U6N, STM32C071KBT6, STM32C071KBT6N, STM32C071KBU6, STM32C071KBU6N, STM32C071R8T6, STM32C071R8T6N, STM32C071RBI6N, STM32C071RBT6, STM32C071RBT6N, STM32G071K8TXN, STM32G071K8UXN, STM32G081GBU6N, STM32G081KBT6N, STM32G081KBUXN, STM32G0B1CCT6N, STM32G0B1KCT6, STM32G0B1NEY6TR, STM32G0B1RCT6N, STM32G0C1CCT6, STM32G0C1CCT6N, STM32G0C1CCU6N, STM32G0C1CET6N, STM32G0C1CEU6N, STM32G0C1KCT6, STM32G0C1NEY6TR, STM32G0C1RCI6N, STM32G0C1RCT6N, STM32G0C1REI6N, STM32G0C1RET6N, STM32G0C1VCI6, STM32G0C1VEI6, STM32G411C6T3, STM32G411C6T6, STM32G411C6U3, STM32G411C6U6, STM32G411C8T3, STM32G411C8T6, STM32G411C8U3, STM32G411C8U6, STM32G411CBT3, STM32G411CBT6, STM32G411CBU3, STM32G411CBU6, STM32G411K6T3, STM32G411K6T6, STM32G411K6U3, STM32G411K6U6, STM32G411K8T3, STM32G411K8T6, STM32G411K8U3, STM32G411K8U6, STM32G411KBT3, STM32G411KBT6, STM32G411KBU3, STM32G411KBU6, STM32G411M6T3, STM32G411M6T6, STM32G411M8T3, STM32G411M8T6, STM32G411MBT3, STM32G411MBT6, STM32G411R6T3, STM32G411R6T6, STM32G411R8T3, STM32G411R8T6, STM32G411RBT3, STM32G411RBT6, STM32G414CBT3, STM32G414CBT6, STM32G414CBU3, STM32G414CBU6, STM32G414CCT3, STM32G414CCT6, STM32G414CCU3, STM32G414CCU6, STM32G414MBT3, STM32G414MBT6, STM32G414MCT3, STM32G414MCT6, STM32G414RBT3, STM32G414RBT6, STM32G414RCT3, STM32G414RCT6, STM32G414VBT3, STM32G414VBT6, STM32G414VCT3, STM32G414VCT6, STM32G431CBT3Z, STM32G431RBT3Z, STM32G471CCT6, STM32G471CCU6, STM32G471CET3, STM32G471CET6, STM32G471CEU3, STM32G471CEU6, STM32G471MCT6, STM32G471MET3, STM32G471MET6, STM32G471MEY6TR, STM32G471QCT6, STM32G471QET3, STM32G471RCT6, STM32G471RET3, STM32G471RET6, STM32G471VCH6, STM32G471VCI6, STM32G471VCT6, STM32G471VEH3, STM32G471VEH6, STM32G471VEI3, STM32G471VEI6, STM32G471VET3, STM32G471VET6, STM32G473QET3Z, STM32G473RET3Z, STM32G474CCT6, STM32G491RET3Z, STM32H503CBT6, STM32H503CBU6, STM32H503EBY6TR, STM32H503KBU6, STM32H503RBT6, STM32H523CCT6, STM32H523CCU6, STM32H523CET6, STM32H523CEU6, STM32H523HEY6TR, STM32H523RCT6, STM32H523RET6, STM32H523VCI6, STM32H523VCT6, STM32H523VEI6, STM32H523VET6, STM32H523ZCJ6, STM32H523ZCT6, STM32H523ZEJ6, STM32H523ZET6, STM32H533CET6, STM32H533CEU6, STM32H533HEY6TR, STM32H533RET6, STM32H533VEI6, STM32H533VET6, STM32H533ZEJ6, STM32H533ZET6, STM32H562AGI6, STM32H562AII6, STM32H562IGK6, STM32H562IGT6, STM32H562IIK6, STM32H562IIT6, STM32H562RGT6, STM32H562RGV6, STM32H562RIT6, STM32H562RIV6, STM32H562VGT6, STM32H562VIT6, STM32H562ZGT6, STM32H562ZIT6, STM32H563AGI6, STM32H563AII3Q, STM32H563AII6, STM32H563IGK6, STM32H563IGT6, STM32H563IIK3Q, STM32H563IIK6, STM32H563IIT3Q, STM32H563IIT6, STM32H563MIY3QTR, STM32H563RGT6, STM32H563RGV6, STM32H563RIT6, STM32H563RIV6, STM32H563VGT6, STM32H563VIT3Q, STM32H563VIT6, STM32H563ZGT6, STM32H563ZIT3Q, STM32H563ZIT6, STM32H573AII3Q, STM32H573AII6, STM32H573I-DK, STM32H573IIK3Q, STM32H573IIK6, STM32H573IIT3Q, STM32H573IIT6, STM32H573MIY3QTR, STM32H573RIT6, STM32H573RIV6, STM32H573VIT3Q, STM32H573VIT6, STM32H573ZIT3Q, STM32H573ZIT6, STM32H7R3A8I6, STM32H7R3I8K6, STM32H7R3I8T6, STM32H7R3L8H6, STM32H7R3L8H6H, STM32H7R3R8V6, STM32H7R3V8H6, STM32H7R3V8T6, STM32H7R3V8Y6TR, STM32H7R3Z8J6, STM32H7R3Z8T6, STM32H7R7A8I6, STM32H7R7I8K6, STM32H7R7I8T6, STM32H7R7L8H6, STM32H7R7L8H6H, STM32H7R7Z8J6, STM32H7S3A8I6, STM32H7S3I8K6, STM32H7S3I8T6, STM32H7S3L8H6, STM32H7S3L8H6H, STM32H7S3R8V6, STM32H7S3V8H6, STM32H7S3V8T6, STM32H7S3V8Y6TR, STM32H7S3Z8J6, STM32H7S3Z8T6, STM32H7S78-DK, STM32H7S7A8I6, STM32H7S7I8K6, STM32H7S7I8T6, STM32H7S7L8H6, STM32H7S7L8H6H, STM32H7S7Z8J6, STM32L4R5QGI6STR, STM32MP131AAE3, STM32MP131AAF3, STM32MP131AAG3, STM32MP131CAE3, STM32MP131CAF3, STM32MP131CAG3, STM32MP131DAE7, STM32MP131DAF7, STM32MP131DAG7, STM32MP131FAE7, STM32MP131FAF7, STM32MP131FAG7, STM32MP133AAE3, STM32MP133AAF3, STM32MP133AAG3, STM32MP133CAE3, STM32MP133CAF3, STM32MP133CAG3, STM32MP133DAE7, STM32MP133DAF7, STM32MP133DAG7, STM32MP133FAE7, STM32MP133FAF7, STM32MP133FAG7, STM32MP135AAE3, STM32MP135AAF3, STM32MP135AAG3, STM32MP135CAE3, STM32MP135CAF3, STM32MP135CAG3, STM32MP135DAE7, STM32MP135DAF7, STM32MP135DAG7, STM32MP135F-DK, STM32MP135FAE7, STM32MP135FAF7, STM32MP135FAF7T, STM32MP135FAF7U, STM32MP135FAG7, STM32MP251AAI3, STM32MP251AAK3, STM32MP251AAL3, STM32MP251CAI3, STM32MP251CAK3, STM32MP251CAL3, STM32MP251DAI3, STM32MP251DAK3, STM32MP251DAL3, STM32MP251FAI3, STM32MP251FAK3, STM32MP251FAL3, STM32MP253AAI3, STM32MP253AAK3, STM32MP253AAL3, STM32MP253CAI3, STM32MP253CAK3, STM32MP253CAL3, STM32MP253DAI3, STM32MP253DAK3, STM32MP253DAL3, STM32MP253FAI3, STM32MP253FAK3, STM32MP253FAL3, STM32MP255AAI3, STM32MP255AAK3, STM32MP255AAL3, STM32MP255CAI3, STM32MP255CAK3, STM32MP255CAL3, STM32MP255DAI3, STM32MP255DAK3, STM32MP255DAL3, STM32MP255FAI3, STM32MP255FAK3, STM32MP255FAL3, STM32MP257AAI3, STM32MP257AAK3, STM32MP257AAL3, STM32MP257CAI3, STM32MP257CAK3, STM32MP257CAL3, STM32MP257DAI3, STM32MP257DAK3, STM32MP257DAL3, STM32MP257F-DK, STM32MP257F-EV1, STM32MP257FAI3, STM32MP257FAK3, STM32MP257FAL3, STM32U031C6T6, STM32U031C6U6, STM32U031C8T6, STM32U031C8U6, STM32U031F4P6, STM32U031F6P6, STM32U031F8P6, STM32U031G6Y6TR, STM32U031G8Y6TR, STM32U031K4U6, STM32U031K6U6, STM32U031K8U6, STM32U031R6I6, STM32U031R6T6, STM32U031R8I6, STM32U031R8T6, STM32U073C8T6, STM32U073C8U6, STM32U073CBT6, STM32U073CBU6, STM32U073CCT6, STM32U073CCU6, STM32U073H8Y6TR, STM32U073HBY6TR, STM32U073HCY6TR, STM32U073K8U6, STM32U073KBU6, STM32U073KCU6, STM32U073M8I6, STM32U073M8T6, STM32U073MBI6, STM32U073MBT6, STM32U073MCI6, STM32U073MCT6, STM32U073R8I6, STM32U073R8T6, STM32U073RBI6, STM32U073RBT6, STM32U073RCI6, STM32U073RCT6, STM32U083C-DK, STM32U083CCT6, STM32U083CCU6, STM32U083HCY6TR, STM32U083KCU6, STM32U083MCI6, STM32U083MCT6, STM32U083RCI6, STM32U083RCT6, STM32U535CBT6, STM32U535CBT6Q, STM32U535CBU6, STM32U535CBU6Q, STM32U535CCT6, STM32U535CCT6Q, STM32U535CCU6, STM32U535CCU6Q, STM32U535CET6, STM32U535CET6Q, STM32U535CEU6, STM32U535CEU6Q, STM32U535JEY6QTR, STM32U535NCY6QTR, STM32U535NEY6QTR, STM32U535RBI6, STM32U535RBI6Q, STM32U535RBT6, STM32U535RBT6Q, STM32U535RCI6, STM32U535RCI6Q, STM32U535RCT6, STM32U535RCT6Q, STM32U535REI6, STM32U535REI6Q, STM32U535RET6, STM32U535RET6Q, STM32U535VCI6, STM32U535VCI6Q, STM32U535VCT6, STM32U535VCT6Q, STM32U535VEI6, STM32U535VEI6Q, STM32U535VET6, STM32U535VET6Q, STM32U545CET6, STM32U545CET6Q, STM32U545CEU6, STM32U545CEU6Q, STM32U545JEY6QTR, STM32U545NEY6QTR, STM32U545REI6, STM32U545REI6Q, STM32U545RET6, STM32U545RET6Q, STM32U545VEI6, STM32U545VEI6Q, STM32U545VET6, STM32U545VET6Q, STM32U595AIH6, STM32U595AIH6Q, STM32U595AJH6, STM32U595AJH6Q, STM32U595QII6, STM32U595QII6Q, STM32U595QJI6, STM32U595QJI6Q, STM32U595RIT6, STM32U595RIT6Q, STM32U595RJT6, STM32U595RJT6Q, STM32U595VIT6, STM32U595VIT6Q, STM32U595VJT6, STM32U595VJT6Q, STM32U595ZIT6, STM32U595ZIT6Q, STM32U595ZIY6QTR, STM32U595ZJT6, STM32U595ZJT6Q, STM32U595ZJY6QTR, STM32U599BJY6QTR, STM32U599NIH6Q, STM32U599NJH6Q, STM32U599VIT6Q, STM32U599VJT6, STM32U599VJT6Q, STM32U599ZIT6Q, STM32U599ZIY6QTR, STM32U599ZJT6Q, STM32U599ZJY6QTR, STM32U5A5AJH6, STM32U5A5AJH6Q, STM32U5A5QII3Q , STM32U5A5QJI6, STM32U5A5QJI6Q, STM32U5A5RJT6, STM32U5A5RJT6Q, STM32U5A5VJT6, STM32U5A5VJT6Q, STM32U5A5ZJT6, STM32U5A5ZJT6Q, STM32U5A5ZJY6QTR, STM32U5A9BJY6QTR, STM32U5A9J-DK, STM32U5A9NJH6Q, STM32U5A9VJT6Q, STM32U5A9ZJT6Q, STM32U5A9ZJY6QTR, STM32U5F7VIT6, STM32U5F7VIT6Q, STM32U5F7VJT6, STM32U5F7VJT6Q, STM32U5F9BJY6QTR, STM32U5F9NJH6Q, STM32U5F9VIT6Q, STM32U5F9VJT6Q, STM32U5F9ZIJ6QTR, STM32U5F9ZIT6Q, STM32U5F9ZJJ6QTR, STM32U5F9ZJT6Q, STM32U5G7VJT6, STM32U5G7VJT6Q, STM32U5G9BJY6QTR, STM32U5G9J-DK1, STM32U5G9J-DK2, STM32U5G9NJH6Q, STM32U5G9VJT6Q, STM32U5G9ZJJ6QTR, STM32U5G9ZJT6Q, STM32WB05KZV6TR, STM32WB05KZV7TR, STM32WB05TZF6TR, STM32WB05TZF7TR, STM32WB06CCF6TR, STM32WB06CCF7TR, STM32WB06CCV6TR, STM32WB06CCV7TR, STM32WB06KCV6TR, STM32WB06KCV7TR, STM32WB07CCF6TR, STM32WB07CCF7TR, STM32WB07CCV6TR, STM32WB07CCV7TR, STM32WB07KCV6TR, STM32WB07KCV7TR, STM32WB09KEV6TR, STM32WB09KEV7TR, STM32WB09TEF6TR, STM32WB09TEF7TR, STM32WB1MMCH6, STM32WBA50KGU6, STM32WBA50KGU6TR, STM32WBA52CEU6, STM32WBA52CEU6TR, STM32WBA52CEU7, STM32WBA52CEU7TR, STM32WBA52CGU6, STM32WBA52CGU6TR, STM32WBA52CGU6U, STM32WBA52CGU7, STM32WBA52CGU7TR, STM32WBA52KEU6, STM32WBA52KEU6TR, STM32WBA52KGU6, STM32WBA52KGU6TR, STM32WBA54CEU6, STM32WBA54CEU6TR, STM32WBA54CEU7, STM32WBA54CEU7TR, STM32WBA54CGU6, STM32WBA54CGU6TR, STM32WBA54CGU7, STM32WBA54CGU7TR, STM32WBA54KEU6, STM32WBA54KEU6TR, STM32WBA54KEU7, STM32WBA54KEU7TR, STM32WBA54KGU6, STM32WBA54KGU6TR, STM32WBA54KGU7, STM32WBA54KGU7TR, STM32WBA55CEU6, STM32WBA55CEU6TR, STM32WBA55CEU7, STM32WBA55CEU7TR, STM32WBA55CGU6, STM32WBA55CGU6TR, STM32WBA55CGU6U, STM32WBA55CGU7, STM32WBA55CGU7TR, STM32WBA55G-DK1, STM32WBA55HEF6, STM32WBA55HEF7, STM32WBA55HGF6, STM32WBA55HGF7, STM32WBA55UEI6, STM32WBA55UEI6TR, STM32WBA55UEI7, STM32WBA55UEI7TR, STM32WBA55UGI6, STM32WBA55UGI6TR, STM32WBA55UGI7, STM32WBA55UGI7TR, STM32WL5MOCH6, STM32WL5MOCH6TR]
2025-02-17 10:43:47,539 [INFO] ApiDb:668 - CubeFinder database Data Model version=2.1
2025-02-17 10:43:47,539 [INFO] ApiDb:669 - CubeFinder database Configuration version=3.0.39
2025-02-17 10:43:47,539 [INFO] ApiDb:670 - CubeFinder database generation date=2025-02-07 (1738919966)
2025-02-17 10:43:47,539 [INFO] ApiDb:671 - CubeFinder database FW Pack versions=[FP-ATR-ASTRA1_V2.0.0, FP-SNS-FLIGHT1_V5.0.2, FP-SNS-MOTENV1_V5.0.0, FP-SNS-MOTENVWB1_V1.4.0, FP-SNS-SMARTAG2_V1.2.0, FP-SNS-STBOX1_V2.0.0, STM32Cube_FW_C0_V1.3.0, STM32Cube_FW_F4_V1.28.1, STM32Cube_FW_F7_V1.17.2, STM32Cube_FW_G0_V1.6.2, STM32Cube_FW_G4_V1.6.1, STM32Cube_FW_H5_V1.4.0, STM32Cube_FW_H7RS_V1.1.0, STM32Cube_FW_H7_V1.12.0, STM32Cube_FW_L0_V1.12.2, STM32Cube_FW_L4_V1.18.1, STM32Cube_FW_L5_V1.5.1, STM32Cube_FW_N6_V1.0.0, STM32Cube_FW_U0_V1.2.0, STM32Cube_FW_U3_V1.0.0, STM32Cube_FW_U5_V1.7.0, STM32Cube_FW_WB0_V1.1.0, STM32Cube_FW_WBA_V1.5.0, STM32Cube_FW_WB_V1.21.0, STM32Cube_FW_WL3_V1.0.0, STM32Cube_FW_WL_V1.3.0, X-CUBE-ALGOBUILD_V1.4.0, X-CUBE-ALS_V1.0.2, X-CUBE-AZRTOS-F4_V1.1.0, X-CUBE-AZRTOS-F7_V1.1.0, X-CUBE-AZRTOS-G0_V1.1.0, X-CUBE-AZRTOS-G4_V2.0.0, X-CUBE-AZRTOS-H7RS_V1.0.0, X-CUBE-AZRTOS-H7_V3.3.0, X-CUBE-AZRTOS-L4_V2.0.0, X-CUBE-AZRTOS-L5_V2.0.0, X-CUBE-AZRTOS-WB_V2.0.0, X-CUBE-AZRTOS-WL_V2.0.0, X-CUBE-BLE1_V7.0.0, X-CUBE-BLE2_V3.3.0, X-CUBE-BLEMGR_V4.0.0, X-CUBE-EEPRMA1_V5.1.0, X-CUBE-FREERTOS_V1.2.0, X-CUBE-GNSS1_V6.0.0, X-CUBE-MEMS1_V11.1.0, X-CUBE-NFC4_V3.0.0, X-CUBE-NFC7_V1.0.1, X-CUBE-SFXS2LP1_V4.0.0, X-CUBE-SUBG2_V5.0.0, X-CUBE-TOF1_V3.4.2]
2025-02-17 10:43:50,353 [INFO] ApiDb:240 - Found 646 in-development CPN: [B-G473E-ZEST1S, B-WB1M-WPAN1, B-WL5M-SUBG1, NUCLEO-C031C6, NUCLEO-C071RB, NUCLEO-H503RB, NUCLEO-H533RE, NUCLEO-H563ZI, NUCLEO-H7S3L8, NUCLEO-U031R8, NUCLEO-U083RC, NUCLEO-U545RE-Q, NUCLEO-U5A5ZJ-Q, NUCLEO-WB05KZ, NUCLEO-WB07CC, NUCLEO-WB09KE, NUCLEO-WBA52CG, NUCLEO-WBA55CG, STEVAL-PROTEUS1, STEVAL-SMARTAG2, STEVAL-STWINBX1, STM320518-EVAL, STM32C0116-DK, STM32C011D6Y3TR, STM32C011D6Y6TR, STM32C011F4P3, STM32C011F4P6, STM32C011F4U3, STM32C011F4U6TR, STM32C011F6P3, STM32C011F6P6, STM32C011F6U3, STM32C011F6U6TR, STM32C011J4M3, STM32C011J4M6, STM32C011J6M3, STM32C011J6M6, STM32C0316-DK, STM32C031C4T3, STM32C031C4T6, STM32C031C4U3, STM32C031C4U6, STM32C031C6T3, STM32C031C6T6, STM32C031C6U3, STM32C031C6U6, STM32C031F4P3, STM32C031F4P6, STM32C031F6P3, STM32C031F6P6, STM32C031G4U3, STM32C031G4U6, STM32C031G6U3, STM32C031G6U6, STM32C031K4T3, STM32C031K4T6, STM32C031K4U3, STM32C031K4U6, STM32C031K6T3, STM32C031K6T6, STM32C031K6U3, STM32C031K6U6, STM32C071C8T6, STM32C071C8T6N, STM32C071C8U6, STM32C071C8U6N, STM32C071CBT6, STM32C071CBT6N, STM32C071CBU6, STM32C071CBU6N, STM32C071F8P6, STM32C071F8P6N, STM32C071FBP6, STM32C071FBP6N, STM32C071FBY6TR, STM32C071G8U6, STM32C071G8U6N, STM32C071GBU6, STM32C071GBU6N, STM32C071K8T6, STM32C071K8T6N, STM32C071K8U6, STM32C071K8U6N, STM32C071KBT6, STM32C071KBT6N, STM32C071KBU6, STM32C071KBU6N, STM32C071R8T6, STM32C071R8T6N, STM32C071RBI6N, STM32C071RBT6, STM32C071RBT6N, STM32G071K8TXN, STM32G071K8UXN, STM32G081GBU6N, STM32G081KBT6N, STM32G081KBUXN, STM32G0B1CCT6N, STM32G0B1KCT6, STM32G0B1NEY6TR, STM32G0B1RCT6N, STM32G0C1CCT6, STM32G0C1CCT6N, STM32G0C1CCU6N, STM32G0C1CET6N, STM32G0C1CEU6N, STM32G0C1KCT6, STM32G0C1NEY6TR, STM32G0C1RCI6N, STM32G0C1RCT6N, STM32G0C1REI6N, STM32G0C1RET6N, STM32G0C1VCI6, STM32G0C1VEI6, STM32G411C6T3, STM32G411C6T6, STM32G411C6U3, STM32G411C6U6, STM32G411C8T3, STM32G411C8T6, STM32G411C8U3, STM32G411C8U6, STM32G411CBT3, STM32G411CBT6, STM32G411CBU3, STM32G411CBU6, STM32G411K6T3, STM32G411K6T6, STM32G411K6U3, STM32G411K6U6, STM32G411K8T3, STM32G411K8T6, STM32G411K8U3, STM32G411K8U6, STM32G411KBT3, STM32G411KBT6, STM32G411KBU3, STM32G411KBU6, STM32G411M6T3, STM32G411M6T6, STM32G411M8T3, STM32G411M8T6, STM32G411MBT3, STM32G411MBT6, STM32G411R6T3, STM32G411R6T6, STM32G411R8T3, STM32G411R8T6, STM32G411RBT3, STM32G411RBT6, STM32G414CBT3, STM32G414CBT6, STM32G414CBU3, STM32G414CBU6, STM32G414CCT3, STM32G414CCT6, STM32G414CCU3, STM32G414CCU6, STM32G414MBT3, STM32G414MBT6, STM32G414MCT3, STM32G414MCT6, STM32G414RBT3, STM32G414RBT6, STM32G414RCT3, STM32G414RCT6, STM32G414VBT3, STM32G414VBT6, STM32G414VCT3, STM32G414VCT6, STM32G431CBT3Z, STM32G431RBT3Z, STM32G471CCT6, STM32G471CCU6, STM32G471CET3, STM32G471CET6, STM32G471CEU3, STM32G471CEU6, STM32G471MCT6, STM32G471MET3, STM32G471MET6, STM32G471MEY6TR, STM32G471QCT6, STM32G471QET3, STM32G471RCT6, STM32G471RET3, STM32G471RET6, STM32G471VCH6, STM32G471VCI6, STM32G471VCT6, STM32G471VEH3, STM32G471VEH6, STM32G471VEI3, STM32G471VEI6, STM32G471VET3, STM32G471VET6, STM32G473QET3Z, STM32G473RET3Z, STM32G474CCT6, STM32G491RET3Z, STM32H503CBT6, STM32H503CBU6, STM32H503EBY6TR, STM32H503KBU6, STM32H503RBT6, STM32H523CCT6, STM32H523CCU6, STM32H523CET6, STM32H523CEU6, STM32H523HEY6TR, STM32H523RCT6, STM32H523RET6, STM32H523VCI6, STM32H523VCT6, STM32H523VEI6, STM32H523VET6, STM32H523ZCJ6, STM32H523ZCT6, STM32H523ZEJ6, STM32H523ZET6, STM32H533CET6, STM32H533CEU6, STM32H533HEY6TR, STM32H533RET6, STM32H533VEI6, STM32H533VET6, STM32H533ZEJ6, STM32H533ZET6, STM32H562AGI6, STM32H562AII6, STM32H562IGK6, STM32H562IGT6, STM32H562IIK6, STM32H562IIT6, STM32H562RGT6, STM32H562RGV6, STM32H562RIT6, STM32H562RIV6, STM32H562VGT6, STM32H562VIT6, STM32H562ZGT6, STM32H562ZIT6, STM32H563AGI6, STM32H563AII3Q, STM32H563AII6, STM32H563IGK6, STM32H563IGT6, STM32H563IIK3Q, STM32H563IIK6, STM32H563IIT3Q, STM32H563IIT6, STM32H563MIY3QTR, STM32H563RGT6, STM32H563RGV6, STM32H563RIT6, STM32H563RIV6, STM32H563VGT6, STM32H563VIT3Q, STM32H563VIT6, STM32H563ZGT6, STM32H563ZIT3Q, STM32H563ZIT6, STM32H573AII3Q, STM32H573AII6, STM32H573I-DK, STM32H573IIK3Q, STM32H573IIK6, STM32H573IIT3Q, STM32H573IIT6, STM32H573MIY3QTR, STM32H573RIT6, STM32H573RIV6, STM32H573VIT3Q, STM32H573VIT6, STM32H573ZIT3Q, STM32H573ZIT6, STM32H7R3A8I6, STM32H7R3I8K6, STM32H7R3I8T6, STM32H7R3L8H6, STM32H7R3L8H6H, STM32H7R3R8V6, STM32H7R3V8H6, STM32H7R3V8T6, STM32H7R3V8Y6TR, STM32H7R3Z8J6, STM32H7R3Z8T6, STM32H7R7A8I6, STM32H7R7I8K6, STM32H7R7I8T6, STM32H7R7L8H6, STM32H7R7L8H6H, STM32H7R7Z8J6, STM32H7S3A8I6, STM32H7S3I8K6, STM32H7S3I8T6, STM32H7S3L8H6, STM32H7S3L8H6H, STM32H7S3R8V6, STM32H7S3V8H6, STM32H7S3V8T6, STM32H7S3V8Y6TR, STM32H7S3Z8J6, STM32H7S3Z8T6, STM32H7S78-DK, STM32H7S7A8I6, STM32H7S7I8K6, STM32H7S7I8T6, STM32H7S7L8H6, STM32H7S7L8H6H, STM32H7S7Z8J6, STM32L4R5QGI6STR, STM32MP131AAE3, STM32MP131AAF3, STM32MP131AAG3, STM32MP131CAE3, STM32MP131CAF3, STM32MP131CAG3, STM32MP131DAE7, STM32MP131DAF7, STM32MP131DAG7, STM32MP131FAE7, STM32MP131FAF7, STM32MP131FAG7, STM32MP133AAE3, STM32MP133AAF3, STM32MP133AAG3, STM32MP133CAE3, STM32MP133CAF3, STM32MP133CAG3, STM32MP133DAE7, STM32MP133DAF7, STM32MP133DAG7, STM32MP133FAE7, STM32MP133FAF7, STM32MP133FAG7, STM32MP135AAE3, STM32MP135AAF3, STM32MP135AAG3, STM32MP135CAE3, STM32MP135CAF3, STM32MP135CAG3, STM32MP135DAE7, STM32MP135DAF7, STM32MP135DAG7, STM32MP135F-DK, STM32MP135FAE7, STM32MP135FAF7, STM32MP135FAF7T, STM32MP135FAF7U, STM32MP135FAG7, STM32MP251AAI3, STM32MP251AAK3, STM32MP251AAL3, STM32MP251CAI3, STM32MP251CAK3, STM32MP251CAL3, STM32MP251DAI3, STM32MP251DAK3, STM32MP251DAL3, STM32MP251FAI3, STM32MP251FAK3, STM32MP251FAL3, STM32MP253AAI3, STM32MP253AAK3, STM32MP253AAL3, STM32MP253CAI3, STM32MP253CAK3, STM32MP253CAL3, STM32MP253DAI3, STM32MP253DAK3, STM32MP253DAL3, STM32MP253FAI3, STM32MP253FAK3, STM32MP253FAL3, STM32MP255AAI3, STM32MP255AAK3, STM32MP255AAL3, STM32MP255CAI3, STM32MP255CAK3, STM32MP255CAL3, STM32MP255DAI3, STM32MP255DAK3, STM32MP255DAL3, STM32MP255FAI3, STM32MP255FAK3, STM32MP255FAL3, STM32MP257AAI3, STM32MP257AAK3, STM32MP257AAL3, STM32MP257CAI3, STM32MP257CAK3, STM32MP257CAL3, STM32MP257DAI3, STM32MP257DAK3, STM32MP257DAL3, STM32MP257F-DK, STM32MP257F-EV1, STM32MP257FAI3, STM32MP257FAK3, STM32MP257FAL3, STM32U031C6T6, STM32U031C6U6, STM32U031C8T6, STM32U031C8U6, STM32U031F4P6, STM32U031F6P6, STM32U031F8P6, STM32U031G6Y6TR, STM32U031G8Y6TR, STM32U031K4U6, STM32U031K6U6, STM32U031K8U6, STM32U031R6I6, STM32U031R6T6, STM32U031R8I6, STM32U031R8T6, STM32U073C8T6, STM32U073C8U6, STM32U073CBT6, STM32U073CBU6, STM32U073CCT6, STM32U073CCU6, STM32U073H8Y6TR, STM32U073HBY6TR, STM32U073HCY6TR, STM32U073K8U6, STM32U073KBU6, STM32U073KCU6, STM32U073M8I6, STM32U073M8T6, STM32U073MBI6, STM32U073MBT6, STM32U073MCI6, STM32U073MCT6, STM32U073R8I6, STM32U073R8T6, STM32U073RBI6, STM32U073RBT6, STM32U073RCI6, STM32U073RCT6, STM32U083C-DK, STM32U083CCT6, STM32U083CCU6, STM32U083HCY6TR, STM32U083KCU6, STM32U083MCI6, STM32U083MCT6, STM32U083RCI6, STM32U083RCT6, STM32U535CBT6, STM32U535CBT6Q, STM32U535CBU6, STM32U535CBU6Q, STM32U535CCT6, STM32U535CCT6Q, STM32U535CCU6, STM32U535CCU6Q, STM32U535CET6, STM32U535CET6Q, STM32U535CEU6, STM32U535CEU6Q, STM32U535JEY6QTR, STM32U535NCY6QTR, STM32U535NEY6QTR, STM32U535RBI6, STM32U535RBI6Q, STM32U535RBT6, STM32U535RBT6Q, STM32U535RCI6, STM32U535RCI6Q, STM32U535RCT6, STM32U535RCT6Q, STM32U535REI6, STM32U535REI6Q, STM32U535RET6, STM32U535RET6Q, STM32U535VCI6, STM32U535VCI6Q, STM32U535VCT6, STM32U535VCT6Q, STM32U535VEI6, STM32U535VEI6Q, STM32U535VET6, STM32U535VET6Q, STM32U545CET6, STM32U545CET6Q, STM32U545CEU6, STM32U545CEU6Q, STM32U545JEY6QTR, STM32U545NEY6QTR, STM32U545REI6, STM32U545REI6Q, STM32U545RET6, STM32U545RET6Q, STM32U545VEI6, STM32U545VEI6Q, STM32U545VET6, STM32U545VET6Q, STM32U595AIH6, STM32U595AIH6Q, STM32U595AJH6, STM32U595AJH6Q, STM32U595QII6, STM32U595QII6Q, STM32U595QJI6, STM32U595QJI6Q, STM32U595RIT6, STM32U595RIT6Q, STM32U595RJT6, STM32U595RJT6Q, STM32U595VIT6, STM32U595VIT6Q, STM32U595VJT6, STM32U595VJT6Q, STM32U595ZIT6, STM32U595ZIT6Q, STM32U595ZIY6QTR, STM32U595ZJT6, STM32U595ZJT6Q, STM32U595ZJY6QTR, STM32U599BJY6QTR, STM32U599NIH6Q, STM32U599NJH6Q, STM32U599VIT6Q, STM32U599VJT6, STM32U599VJT6Q, STM32U599ZIT6Q, STM32U599ZIY6QTR, STM32U599ZJT6Q, STM32U599ZJY6QTR, STM32U5A5AJH6, STM32U5A5AJH6Q, STM32U5A5QII3Q , STM32U5A5QJI6, STM32U5A5QJI6Q, STM32U5A5RJT6, STM32U5A5RJT6Q, STM32U5A5VJT6, STM32U5A5VJT6Q, STM32U5A5ZJT6, STM32U5A5ZJT6Q, STM32U5A5ZJY6QTR, STM32U5A9BJY6QTR, STM32U5A9J-DK, STM32U5A9NJH6Q, STM32U5A9VJT6Q, STM32U5A9ZJT6Q, STM32U5A9ZJY6QTR, STM32U5F7VIT6, STM32U5F7VIT6Q, STM32U5F7VJT6, STM32U5F7VJT6Q, STM32U5F9BJY6QTR, STM32U5F9NJH6Q, STM32U5F9VIT6Q, STM32U5F9VJT6Q, STM32U5F9ZIJ6QTR, STM32U5F9ZIT6Q, STM32U5F9ZJJ6QTR, STM32U5F9ZJT6Q, STM32U5G7VJT6, STM32U5G7VJT6Q, STM32U5G9BJY6QTR, STM32U5G9J-DK1, STM32U5G9J-DK2, STM32U5G9NJH6Q, STM32U5G9VJT6Q, STM32U5G9ZJJ6QTR, STM32U5G9ZJT6Q, STM32WB05KZV6TR, STM32WB05KZV7TR, STM32WB05TZF6TR, STM32WB05TZF7TR, STM32WB06CCF6TR, STM32WB06CCF7TR, STM32WB06CCV6TR, STM32WB06CCV7TR, STM32WB06KCV6TR, STM32WB06KCV7TR, STM32WB07CCF6TR, STM32WB07CCF7TR, STM32WB07CCV6TR, STM32WB07CCV7TR, STM32WB07KCV6TR, STM32WB07KCV7TR, STM32WB09KEV6TR, STM32WB09KEV7TR, STM32WB09TEF6TR, STM32WB09TEF7TR, STM32WB1MMCH6, STM32WBA50KGU6, STM32WBA50KGU6TR, STM32WBA52CEU6, STM32WBA52CEU6TR, STM32WBA52CEU7, STM32WBA52CEU7TR, STM32WBA52CGU6, STM32WBA52CGU6TR, STM32WBA52CGU6U, STM32WBA52CGU7, STM32WBA52CGU7TR, STM32WBA52KEU6, STM32WBA52KEU6TR, STM32WBA52KGU6, STM32WBA52KGU6TR, STM32WBA54CEU6, STM32WBA54CEU6TR, STM32WBA54CEU7, STM32WBA54CEU7TR, STM32WBA54CGU6, STM32WBA54CGU6TR, STM32WBA54CGU7, STM32WBA54CGU7TR, STM32WBA54KEU6, STM32WBA54KEU6TR, STM32WBA54KEU7, STM32WBA54KEU7TR, STM32WBA54KGU6, STM32WBA54KGU6TR, STM32WBA54KGU7, STM32WBA54KGU7TR, STM32WBA55CEU6, STM32WBA55CEU6TR, STM32WBA55CEU7, STM32WBA55CEU7TR, STM32WBA55CGU6, STM32WBA55CGU6TR, STM32WBA55CGU6U, STM32WBA55CGU7, STM32WBA55CGU7TR, STM32WBA55G-DK1, STM32WBA55HEF6, STM32WBA55HEF7, STM32WBA55HGF6, STM32WBA55HGF7, STM32WBA55UEI6, STM32WBA55UEI6TR, STM32WBA55UEI7, STM32WBA55UEI7TR, STM32WBA55UGI6, STM32WBA55UGI6TR, STM32WBA55UGI7, STM32WBA55UGI7TR, STM32WL5MOCH6, STM32WL5MOCH6TR]
2025-02-17 10:43:50,357 [INFO] DbMcus:218 - Found 4440 MCUs, 4440 are supported
2025-02-17 10:43:50,358 [INFO] ApiDb:423 - Load user favorites file /home/engineering/.stm32cubeide/favorites.mcus.txt: 0 item(s)
2025-02-17 10:43:50,358 [INFO] ApiDb:427 - User favorites MCUs=[]
2025-02-17 10:43:50,358 [INFO] DbMcus:224 - Set 0 / 0 favorites MCUs
2025-02-17 10:43:50,730 [INFO] BoardInfo:889 - No configuration file found for board NUCLEO-N657X0-Q
2025-02-17 10:43:50,730 [INFO] DbBoards:161 - Board is not supported: NUCLEO-N657X0-Q
2025-02-17 10:43:50,739 [INFO] BoardInfo:889 - No configuration file found for board NUCLEO-WL33CC1
2025-02-17 10:43:50,740 [INFO] DbBoards:161 - Board is not supported: NUCLEO-WL33CC1
2025-02-17 10:43:50,740 [INFO] BoardInfo:889 - No configuration file found for board NUCLEO-WL33CC2
2025-02-17 10:43:50,741 [INFO] DbBoards:161 - Board is not supported: NUCLEO-WL33CC2
2025-02-17 10:43:50,744 [INFO] BoardInfo:889 - No configuration file found for board P-NUCLEO-WB55
2025-02-17 10:43:50,744 [INFO] DbBoards:161 - Kit is not supported: P-NUCLEO-WB55
2025-02-17 10:43:50,746 [INFO] BoardInfo:889 - No configuration file found for board STEVAL-BFA001V1B
2025-02-17 10:43:50,747 [INFO] DbBoards:161 - Kit is not supported: STEVAL-BFA001V1B
2025-02-17 10:43:50,747 [INFO] BoardInfo:889 - No configuration file found for board STEVAL-BFA001V2B
2025-02-17 10:43:50,747 [INFO] DbBoards:161 - Kit is not supported: STEVAL-BFA001V2B
2025-02-17 10:43:50,824 [INFO] BoardInfo:889 - No configuration file found for board STM32N6570-DK
2025-02-17 10:43:50,824 [INFO] DbBoards:161 - Board is not supported: STM32N6570-DK
2025-02-17 10:43:50,844 [INFO] DbBoards:168 - Found 205 boards, 198 are supported
2025-02-17 10:43:50,844 [INFO] DbBoards:169 - Found 205 boards, 25 of them is supported for  Bsp
2025-02-17 10:43:50,850 [INFO] ApiDb:423 - Load user favorites file /home/engineering/.stm32cubeide/favorites.boards.txt: 1 item(s)
2025-02-17 10:43:50,850 [INFO] ApiDb:427 - User favorites Boards=[STM32F407G-DISC1]
2025-02-17 10:43:50,850 [INFO] DbBoards:198 - Set 1 / 1 favorites Boards
2025-02-17 10:43:50,850 [INFO] McuFinderGlobals:76 - Set McuFinderConnectedMode to true
2025-02-17 10:43:50,857 [INFO] MultiScanPanel:200 - Auto-refresh data requested => check proxy status ongoing
2025-02-17 10:43:50,859 [INFO] FinderPluginLoader:95 - Searching for filters in installed packs
2025-02-17 10:43:52,150 [INFO] LoadUrlFilesThread:185 - End of LoadServerUrlFiles without Thread
2025-02-17 10:43:52,157 [INFO] DetailPanel:341 - Set advertising image to /home/engineering/STM32Cube/Repository//en.prom-stm32n6-mcu-finder.png
2025-02-17 10:43:56,236 [INFO] MultiScanPanel:200 - Auto-refresh data requested => check proxy status ongoing
2025-02-17 10:43:56,473 [INFO] LoadUrlFilesThread:185 - End of LoadServerUrlFiles without Thread
2025-02-17 10:43:56,473 [INFO] DetailPanel:341 - Set advertising image to /home/engineering/STM32Cube/Repository//en.prom-stm32n6-mcu-finder.png
2025-02-17 10:43:56,490 [INFO] DbBoards:642 - Loading board mini-images...
2025-02-17 10:43:58,484 [INFO] DbBoards:665 - Loaded 205 board mini-images
2025-02-17 10:44:36,230 [INFO] MainUpdater:2873 - connection check result : 10
2025-02-17 10:44:36,230 [INFO] MainUpdater:2873 - connection check result : 10
2025-02-17 10:44:36,301 [INFO] RulesReader:64 - Compatibility file has been processed (297 Rules)
2025-02-17 10:44:36,312 [INFO] RulesReader:64 - Compatibility file has been processed (297 Rules)
2025-02-17 10:44:36,317 [INFO] MicroXplorer:468 - Change Database Path : 
2025-02-17 10:44:36,320 [INFO] MicroXplorer:498 - Change Database Version : DB.6.0.121
2025-02-17 10:44:36,330 [WARN] ThirdParty:871 - waiting for thirdparty lock release [close project]
2025-02-17 10:44:36,330 [INFO] ThirdParty:873 - entering critical section [close project]
2025-02-17 10:44:36,332 [INFO] ThirdParty:883 - exiting critical section [close project]
2025-02-17 10:44:36,333 [INFO] PinOutPanel:1561 - setPackage(No Configuration,No Configuration)
2025-02-17 10:44:36,340 [INFO] UtilMem:75 - Begin LoadConfig() Used Memory: 926865528 Bytes (1073741824)
2025-02-17 10:44:36,360 [INFO] OpenFileManager:332 - Change cursor
2025-02-17 10:44:36,392 [INFO] ProjectFactory:442 - No CPN specified for board STM32F407G-DISC1 => set CPN to STM32F407VGT6
2025-02-17 10:44:36,393 [INFO] Mcu:2032 - Initializing MCU STM32F407V(E-G)Tx STM32F407VGTx STM32F407VGT6
2025-02-17 10:44:39,653 [INFO] Context:742 - Trying to add GPIOservice into a context  which must be forbidden
2025-02-17 10:44:40,112 [INFO] Rule:228 - rule 117617 - U5Cobra4M][GTZC] default value MPCBB3 and MPCBB5 - Not Secured memory - MPCBB1 is applicable
2025-02-17 10:44:40,112 [INFO] Rule:228 - rule 117617 - U5Cobra4M][GTZC] default value MPCBB3 and MPCBB5 - Not Secured memory - MPCBB1 is applicable
2025-02-17 10:44:40,112 [INFO] Rule:228 - rule 117617 - U5Cobra4M][GTZC] default value MPCBB3 and MPCBB5 - Not Secured memory - MPCBB2 is applicable
2025-02-17 10:44:40,112 [INFO] Rule:228 - rule 117617 - U5Cobra4M][GTZC] default value MPCBB3 and MPCBB5 - Not Secured memory - MPCBB2 is applicable
2025-02-17 10:44:40,112 [INFO] Rule:228 - rule 117617 - U5Cobra4M][GTZC] default value MPCBB3 and MPCBB5 - Not Secured memory - MPCBB3 is applicable
2025-02-17 10:44:40,112 [INFO] Rule:228 - rule 117617 - U5Cobra4M][GTZC] default value MPCBB3 and MPCBB5 - Not Secured memory - MPCBB3 is applicable
2025-02-17 10:44:40,112 [INFO] Rule:228 - rule 117617 - U5Cobra4M][GTZC] default value MPCBB3 and MPCBB5 - Not Secured memory - MPCBB4 is applicable
2025-02-17 10:44:40,112 [INFO] Rule:228 - rule 117617 - U5Cobra4M][GTZC] default value MPCBB3 and MPCBB5 - Not Secured memory - MPCBB4 is applicable
2025-02-17 10:44:40,112 [INFO] Rule:228 - rule 117617 - U5Cobra4M][GTZC] default value MPCBB3 and MPCBB5 - Secured memory - MPCBB1 is applicable
2025-02-17 10:44:40,112 [INFO] Rule:228 - rule 117617 - U5Cobra4M][GTZC] default value MPCBB3 and MPCBB5 - Secured memory - MPCBB2 is applicable
2025-02-17 10:44:40,112 [INFO] Rule:228 - rule 117617 - U5Cobra4M][GTZC] default value MPCBB3 and MPCBB5 - Secured memory - MPCBB3 is applicable
2025-02-17 10:44:40,112 [INFO] Rule:228 - rule 117617 - U5Cobra4M][GTZC] default value MPCBB3 and MPCBB5 - Secured memory - MPCBB4 is applicable
2025-02-17 10:44:40,112 [INFO] Rule:228 - rule 117617 - U5Cobra4M][GTZC] default value MPCBB3 and MPCBB5 - Privileged memory - MPCBB1 is applicable
2025-02-17 10:44:40,112 [INFO] Rule:228 - rule 117617 - U5Cobra4M][GTZC] default value MPCBB3 and MPCBB5 - Privileged memory - MPCBB2 is applicable
2025-02-17 10:44:40,112 [INFO] Rule:228 - rule 117617 - U5Cobra4M][GTZC] default value MPCBB3 and MPCBB5 - Privileged memory - MPCBB3 is applicable
2025-02-17 10:44:40,112 [INFO] Rule:228 - rule 117617 - U5Cobra4M][GTZC] default value MPCBB3 and MPCBB5 - Privileged memory - MPCBB4 is applicable
2025-02-17 10:44:40,112 [INFO] Rule:228 - rule 117617 - U5Cobra4M][GTZC] default value MPCBB3 and MPCBB5 - Not Privileged memory - MPCBB1 is applicable
2025-02-17 10:44:40,112 [INFO] Rule:228 - rule 117617 - U5Cobra4M][GTZC] default value MPCBB3 and MPCBB5 - Not Privileged memory - MPCBB2 is applicable
2025-02-17 10:44:40,112 [INFO] Rule:228 - rule 117617 - U5Cobra4M][GTZC] default value MPCBB3 and MPCBB5 - Not Privileged memory - MPCBB3 is applicable
2025-02-17 10:44:40,113 [INFO] Rule:228 - rule 117617 - U5Cobra4M][GTZC] default value MPCBB3 and MPCBB5 - Not Privileged memory - MPCBB4 is applicable
2025-02-17 10:44:40,113 [INFO] Rule:228 - rule 117617 - U5Cobra4M][GTZC] default value MPCBB3 and MPCBB5 - Privileged memory - MPCBB1 is applicable
2025-02-17 10:44:40,113 [INFO] Rule:228 - rule 117617 - U5Cobra4M][GTZC] default value MPCBB3 and MPCBB5 - Privileged memory - MPCBB2 is applicable
2025-02-17 10:44:40,113 [INFO] Rule:228 - rule 117617 - U5Cobra4M][GTZC] default value MPCBB3 and MPCBB5 - Privileged memory - MPCBB3 is applicable
2025-02-17 10:44:40,113 [INFO] Rule:228 - rule 117617 - U5Cobra4M][GTZC] default value MPCBB3 and MPCBB5 - Privileged memory - MPCBB4 is applicable
2025-02-17 10:44:40,113 [INFO] Rule:228 - rule 117617 - U5Cobra4M][GTZC] default value MPCBB3 and MPCBB5 - Privileged memory - MPCBB1 is applicable
2025-02-17 10:44:40,113 [INFO] Rule:228 - rule 117617 - U5Cobra4M][GTZC] default value MPCBB3 and MPCBB5 - Privileged memory - MPCBB2 is applicable
2025-02-17 10:44:40,113 [INFO] Rule:228 - rule 117617 - U5Cobra4M][GTZC] default value MPCBB3 and MPCBB5 - Privileged memory - MPCBB3 is applicable
2025-02-17 10:44:40,113 [INFO] Rule:228 - rule 117617 - U5Cobra4M][GTZC] default value MPCBB3 and MPCBB5 - Privileged memory - MPCBB4 is applicable
2025-02-17 10:44:40,113 [INFO] Rule:228 - rule 117617 - U5Cobra4M][GTZC] default value MPCBB3 and MPCBB5 - Not Privileged memory - MPCBB1 is applicable
2025-02-17 10:44:40,113 [INFO] Rule:228 - rule 117617 - U5Cobra4M][GTZC] default value MPCBB3 and MPCBB5 - Not Privileged memory - MPCBB2 is applicable
2025-02-17 10:44:40,113 [INFO] Rule:228 - rule 117617 - U5Cobra4M][GTZC] default value MPCBB3 and MPCBB5 - Not Privileged memory - MPCBB3 is applicable
2025-02-17 10:44:40,113 [INFO] Rule:228 - rule 117617 - U5Cobra4M][GTZC] default value MPCBB3 and MPCBB5 - Not Privileged memory - MPCBB4 is applicable
2025-02-17 10:44:40,113 [INFO] Rule:228 - rule 117617 - U5Cobra4M][GTZC] default value MPCBB3 and MPCBB5 - Privileged memory - MPCBB1 is applicable
2025-02-17 10:44:40,113 [INFO] Rule:228 - rule 117617 - U5Cobra4M][GTZC] default value MPCBB3 and MPCBB5 - Privileged memory - MPCBB2 is applicable
2025-02-17 10:44:40,113 [INFO] Rule:228 - rule 117617 - U5Cobra4M][GTZC] default value MPCBB3 and MPCBB5 - Privileged memory - MPCBB3 is applicable
2025-02-17 10:44:40,113 [INFO] Rule:228 - rule 117617 - U5Cobra4M][GTZC] default value MPCBB3 and MPCBB5 - Privileged memory - MPCBB4 is applicable
2025-02-17 10:44:40,113 [INFO] Rule:228 - rule Rename SubGHz_Phy SUBGHZ_APPLICATION SUBGHZ_PINGPONG to SUBGHZ_ADV_APPLICATION is applicable
2025-02-17 10:44:40,113 [INFO] Rule:228 - rule Rename Enabled to IBEACON is applicable
2025-02-17 10:44:40,113 [INFO] Rule:228 - rule GTZC_S instance for project manager is applicable
2025-02-17 10:44:40,113 [INFO] Rule:228 - rule GTZC_S instance for context M33S is applicable
2025-02-17 10:44:40,113 [INFO] Rule:228 - rule GTZC_S instance value for IP GTZC is applicable
2025-02-17 10:44:40,113 [INFO] Rule:228 - rule GTZC_S instance for mcu.IP is applicable
2025-02-17 10:44:40,113 [INFO] Rule:228 - rule GTZC_S instance for VP is applicable
2025-02-17 10:44:40,113 [INFO] Rule:228 - rule GTZC_S instance for signal is applicable
2025-02-17 10:44:40,113 [INFO] Rule:228 - rule GTZC_S instance for mcu.Pin is applicable
2025-02-17 10:44:40,113 [INFO] Rule:228 - rule GTZC_S instance for VP is applicable
2025-02-17 10:44:40,113 [INFO] Rule:228 - rule GTZC_S instance for signal is applicable
2025-02-17 10:44:40,113 [INFO] Rule:228 - rule GTZC_S instance for mcu is applicable
2025-02-17 10:44:40,113 [INFO] Rule:228 - rule GTZC_S instance for mcu.Pin is applicable
2025-02-17 10:44:40,113 [INFO] Rule:228 - rule GTZC_S instance value for IP GTZC is applicable
2025-02-17 10:44:40,113 [INFO] Rule:228 - rule GTZC_S instance for project manager is applicable
2025-02-17 10:44:40,114 [INFO] Rule:228 - rule GTZC_S instance for context M33S is applicable
2025-02-17 10:44:40,114 [INFO] Rule:228 - rule GTZC_S instance for VP is applicable
2025-02-17 10:44:40,114 [INFO] Rule:228 - rule GTZC_S instance for signal is applicable
2025-02-17 10:44:40,114 [INFO] Rule:228 - rule SPDIFRX instance for mcu is applicable
2025-02-17 10:44:40,114 [INFO] Rule:228 - rule Rename Tracer Mode is applicable
2025-02-17 10:44:40,114 [INFO] Rule:228 - rule SPDIFRX instance value for IP SPDIFRX is applicable
2025-02-17 10:44:40,114 [INFO] Rule:228 - rule SPDIFRX instance for signal is applicable
2025-02-17 10:44:40,114 [INFO] Rule:228 - rule SPDIFRX instance for project manager is applicable
2025-02-17 10:44:40,114 [INFO] Rule:228 - rule SPDIFRX instance for project manager is applicable
2025-02-17 10:44:40,115 [INFO] Rule:228 - rule ADC Scan  fix with FW F7 is applicable
2025-02-17 10:44:40,115 [INFO] Rule:228 - rule ADC Scan  fix with FW F7 is applicable
2025-02-17 10:44:40,115 [INFO] Rule:228 - rule WakeUp0 Mode is applicable
2025-02-17 10:44:40,115 [INFO] Rule:228 - rule WakeUp0 SIGNAL is applicable
2025-02-17 10:44:40,115 [INFO] Rule:228 - rule WakeUp1 Mode is applicable
2025-02-17 10:44:40,115 [INFO] Rule:228 - rule WakeUp1 SIGNAL is applicable
2025-02-17 10:44:40,115 [INFO] Rule:228 - rule WakeUp2 Mode is applicable
2025-02-17 10:44:40,115 [INFO] Rule:228 - rule WakeUp2 SIGNAL is applicable
2025-02-17 10:44:40,115 [INFO] Rule:228 - rule WakeUp4 Mode is applicable
2025-02-17 10:44:40,115 [INFO] Rule:228 - rule WakeUp4 SIGNAL is applicable
2025-02-17 10:44:40,115 [INFO] Rule:228 - rule WakeUp5 Mode is applicable
2025-02-17 10:44:40,115 [INFO] Rule:228 - rule WakeUp5 SIGNAL is applicable
2025-02-17 10:44:40,115 [INFO] Rule:228 - rule UART/USART WORD LENGTH 7 is applicable
2025-02-17 10:44:40,115 [INFO] Rule:228 - rule UART/USART WORD LENGTH 8 is applicable
2025-02-17 10:44:40,115 [INFO] Rule:228 - rule UART/USART WORD LENGTH 9 is applicable
2025-02-17 10:44:40,115 [INFO] Rule:228 - rule Change Default Value for LSE Drive Capability for WB family is applicable
2025-02-17 10:44:40,115 [INFO] Rule:228 - rule Change Default Value for ADC Clock Prescaler G0 family is applicable
2025-02-17 10:44:40,115 [INFO] Rule:228 - rule ADC SamplingTime fix with FW L0  is applicable
2025-02-17 10:44:40,116 [INFO] Rule:228 - rule ADC SamplingTime fix with FW L0  is applicable
2025-02-17 10:44:40,116 [INFO] Rule:228 - rule ADC SamplingTime fix with FW L0 is applicable
2025-02-17 10:44:40,116 [INFO] Rule:228 - rule ADC SamplingTime fix with FW L0 is applicable
2025-02-17 10:44:40,116 [INFO] Rule:228 - rule ADC SamplingTime fix with FW L0  is applicable
2025-02-17 10:44:40,116 [INFO] Rule:228 - rule ADC SamplingTime fix with FW L0 is applicable
2025-02-17 10:44:40,116 [INFO] Rule:228 - rule Rename USB_OE Signal is applicable
2025-02-17 10:44:40,116 [INFO] Rule:228 - rule Rename Activate_OE Mode is applicable
2025-02-17 10:44:40,116 [INFO] Rule:228 - rule Rename DIE462/DIE415 pin PC14/OSC32_IN -> PC14-OSC32_IN (PC14) is applicable
2025-02-17 10:44:40,116 [INFO] Rule:228 - rule Rename DIE462/DIE415 pin PC15/OSC32_OUT -> PC15-OSC32_OUT (PC15) is applicable
2025-02-17 10:44:40,116 [INFO] Rule:228 - rule Rename DIE462/DIE415 pin PH0/OSC_IN -> PH0-OSC_IN (PH0) is applicable
2025-02-17 10:44:40,116 [INFO] Rule:228 - rule Rename DIE462/DIE415 pin PH1/OSC_OUT -> PH1-OSC_OUT (PH1) is applicable
2025-02-17 10:44:40,116 [INFO] Rule:228 - rule Rename DIE462 pin PA13 -> PA13 (JTMS/SWDIO) is applicable
2025-02-17 10:44:40,116 [INFO] Rule:228 - rule Rename DIE415 pin PA13 -> PA13 (JTMS/SWDIO) is applicable
2025-02-17 10:44:40,116 [INFO] Rule:228 - rule Rename DIE462 pin PA14 -> PA14 (JTCK/SWCLK) is applicable
2025-02-17 10:44:40,116 [INFO] Rule:228 - rule Rename DIE415 pin PA14 -> PA14 (JTCK/SWCLK) is applicable
2025-02-17 10:44:40,116 [INFO] Rule:228 - rule Rename DIE462/DIE415 pin PA15 -> PA15 (JTDI) is applicable
2025-02-17 10:44:40,117 [INFO] Rule:228 - rule Rename DIE462 pin PB3 -> PB3 (JTD0/TRACESWO) is applicable
2025-02-17 10:44:40,117 [INFO] Rule:228 - rule Rename DIE415 pin PB3 -> PB3 (JTD0-TRACESWO) is applicable
2025-02-17 10:44:40,117 [INFO] Rule:228 - rule Rename DIE462/DIE415 pin PB4 -> PB4 (NJTRST) is applicable
2025-02-17 10:44:40,117 [INFO] Rule:228 - rule Rename DIE462 pin PH3/BOOT0 -> PH3-BOOT0 (BOOT0) is applicable
2025-02-17 10:44:40,117 [INFO] Rule:228 - rule Rename CRYP DataEncryptionTypesList to Algorithm is applicable
2025-02-17 10:44:40,117 [INFO] Rule:228 - rule Rename AES DataEncryptionTypesList to Algorithm is applicable
2025-02-17 10:44:40,117 [INFO] Rule:228 - rule Rename TDESECB to CRYP_TDES_ECB is applicable
2025-02-17 10:44:40,117 [INFO] Rule:228 - rule Rename TDESCBC to CRYP_TDES_CBC is applicable
2025-02-17 10:44:40,117 [INFO] Rule:228 - rule Rename DESECB to CRYP_DES_ECB is applicable
2025-02-17 10:44:40,117 [INFO] Rule:228 - rule Rename DESCBC to CRYP_DES_CBC is applicable
2025-02-17 10:44:40,117 [INFO] Rule:228 - rule Rename AESECB to CRYP_AES_ECB is applicable
2025-02-17 10:44:40,117 [INFO] Rule:228 - rule Rename AESCBC to CRYP_AES_CBC is applicable
2025-02-17 10:44:40,117 [INFO] Rule:228 - rule Rename AESCTR to CRYP_AES_CTR is applicable
2025-02-17 10:44:40,117 [INFO] Rule:228 - rule Rename AESGCM to CRYP_AES_GCM is applicable
2025-02-17 10:44:40,117 [INFO] Rule:228 - rule Rename AESCCM to CRYP_AES_CCM is applicable
2025-02-17 10:44:40,117 [INFO] Rule:228 - rule Rename CAN TimeSeg1 to BS1 is applicable
2025-02-17 10:44:40,117 [INFO] Rule:228 - rule Rename CAN TimeSeg2 to BS2 is applicable
2025-02-17 10:44:40,117 [INFO] Rule:228 - rule Rename CAN SyncJumpWidth to SJW is applicable
2025-02-17 10:44:40,117 [INFO] Rule:228 - rule TimeTriggeredMode to TTCM is applicable
2025-02-17 10:44:40,117 [INFO] Rule:228 - rule Rename CAN AutoBusOff to ABOM is applicable
2025-02-17 10:44:40,117 [INFO] Rule:228 - rule Rename CAN AutoWakeUp to AWUM is applicable
2025-02-17 10:44:40,117 [INFO] Rule:228 - rule Rename CAN AutoRetransmission to NART is applicable
2025-02-17 10:44:40,117 [INFO] Rule:228 - rule Rename CAN ReceiveFifoLocked to RFLM is applicable
2025-02-17 10:44:40,117 [INFO] Rule:228 - rule Rename CAN TransmitFifoPriority to TXFP is applicable
2025-02-17 10:44:40,117 [INFO] Rule:228 - rule Rename HRTIMER HRTIM_OUTPUTFAULTLEVEL_HIGH in HRTIMER HRTIM_OUTPUTFAULTLEVEL_HIGHZ is applicable
2025-02-17 10:44:40,117 [INFO] Rule:228 - rule Rename TIMER TIM_CLEARINPUTSOURCE_OCREFCLR in  TIMER TIM_CLEARINPUTSOURCE_NONE for F7 family is applicable
2025-02-17 10:44:40,117 [INFO] Rule:228 - rule FDCAN_R1 - Rename FDCAN mode Master into Classic is applicable
2025-02-17 10:44:40,117 [INFO] Rule:228 - rule FDCAN_R2 - Rename FDCAN mode Slave into Classic is applicable
2025-02-17 10:44:40,117 [INFO] Rule:228 - rule FDCAN1_R3 - if PA10.Mode=FullDuplex, add Pin PA12 is applicable
2025-02-17 10:44:40,117 [INFO] Rule:228 - rule FDCAN1_R3 - if PA9.Mode=FullDuplex, add Pin PA11 is applicable
2025-02-17 10:44:40,118 [INFO] Rule:228 - rule FDCAN1_R3 - Alternatepin_1 - if PE1.Mode=FullDuplex, add Pin PB9 is applicable
2025-02-17 10:44:40,118 [INFO] Rule:228 - rule FDCAN1_R3 - Alternatepin_1 - if PE0.Mode=FullDuplex, add Pin PB8 is applicable
2025-02-17 10:44:40,118 [INFO] Rule:228 - rule FDCAN1_R3 - Alternatepin_2 - if PD5.Mode=FullDuplex, add Pin PD1 is applicable
2025-02-17 10:44:40,118 [INFO] Rule:228 - rule FDCAN1_R3 - Alternatepin_2 - if PD4.Mode=FullDuplex, add Pin PD0 is applicable
2025-02-17 10:44:40,118 [INFO] Rule:228 - rule FDCAN1_R4 - Rename Mode FullDuplex into Enable FDCAN_TXFD for pin PA10 is applicable
2025-02-17 10:44:40,118 [INFO] Rule:228 - rule FDCAN1_R4 - Rename Mode FullDuplex into Enable FDCAN_TXFD for pin PA9 is applicable
2025-02-17 10:44:40,118 [INFO] Rule:228 - rule FDCAN1_R4 - Alternatepin_1 - Rename Mode FullDuplex into Enable FDCAN_TXFD for pin PE1 is applicable
2025-02-17 10:44:40,119 [INFO] Rule:228 - rule FDCAN1_R4 - Alternatepin_1 - Rename Mode FullDuplex into Enable FDCAN_TXFD for pin PE0 is applicable
2025-02-17 10:44:40,119 [INFO] Rule:228 - rule FDCAN1_R4 - Alternatepin_2 - Rename Mode FullDuplex into Enable FDCAN_TXFD for pin PD5 is applicable
2025-02-17 10:44:40,119 [INFO] Rule:228 - rule FDCAN1_R4 - Alternatepin_2 - Rename Mode FullDuplex into Enable FDCAN_TXFD for pin PD4 is applicable
2025-02-17 10:44:40,119 [INFO] Rule:228 - rule FDCAN2_R3 - if PD10.Mode=FullDuplex, add Pin PB13 is applicable
2025-02-17 10:44:40,119 [INFO] Rule:228 - rule FDCAN2_R3 - if PD9.Mode=FullDuplex, add Pin PB12 is applicable
2025-02-17 10:44:40,119 [INFO] Rule:228 - rule FDCAN2_R3 - Alternatepin_1 - if PB7.Mode=FullDuplex, add Pin PB6 is applicable
2025-02-17 10:44:40,119 [INFO] Rule:228 - rule FDCAN2_R3 - Alternatepin_1 - if PD9.Mode=FullDuplex, add Pin PB12 is applicable
2025-02-17 10:44:40,119 [INFO] Rule:228 - rule FDCAN2_R4 - Rename Mode FullDuplex into Enable FDCAN_TXFD for pin PD10 is applicable
2025-02-17 10:44:40,119 [INFO] Rule:228 - rule FDCAN2_R4 - Rename Mode FullDuplex into Enable FDCAN_TXFD for pin PD9 is applicable
2025-02-17 10:44:40,119 [INFO] Rule:228 - rule FDCAN2_R4 - Alternatepin_1 - Rename Mode FullDuplex into Enable FDCAN_TXFD for pin PB7 is applicable
2025-02-17 10:44:40,119 [INFO] Rule:228 - rule FDCAN2_R4 - Alternatepin_1 - Rename Mode FullDuplex into Enable FDCAN_TXFD for pin PD6 is applicable
2025-02-17 10:44:40,119 [INFO] Rule:228 - rule USART TxPinLevelInvertParam Mode is applicable
2025-02-17 10:44:40,119 [INFO] Rule:228 - rule USART RxPinLevelInvertParam Mode is applicable
2025-02-17 10:44:40,119 [INFO] Rule:228 - rule USART DataInvertParam Mode is applicable
2025-02-17 10:44:40,119 [INFO] Rule:228 - rule USART SwapParam Mode is applicable
2025-02-17 10:44:40,119 [INFO] Rule:228 - rule USART OverrunDisableParam Mode is applicable
2025-02-17 10:44:40,119 [INFO] Rule:228 - rule USART DMADisableonRxErrorParam Mode is applicable
2025-02-17 10:44:40,120 [INFO] Rule:228 - rule USART MSBFirstParam Mode is applicable
2025-02-17 10:44:40,120 [INFO] Rule:228 - rule Update MwName for USB_DEVICE is applicable
2025-02-17 10:44:40,120 [INFO] Rule:228 - rule Change PWR_Regulator_Voltage_Scale Default Value for RCC  H7 family is applicable
2025-02-17 10:44:40,120 [INFO] Rule:228 - rule UART/USART IPParameter rename Prescaler parameter to ClockPrescaler is applicable
2025-02-17 10:44:40,120 [INFO] Rule:228 - rule UART/USART Prescaler rename Prescaler parameter to ClockPrescaler is applicable
2025-02-17 10:44:40,120 [INFO] Rule:228 - rule TIM1CLockSelection is applicable
2025-02-17 10:44:40,120 [INFO] Rule:228 - rule TIM15CLockSelection is applicable
2025-02-17 10:44:40,120 [INFO] Rule:228 - rule align RCC SDMMC3CLockSelection default value on MP1 is applicable
2025-02-17 10:44:40,120 [INFO] Rule:228 - rule align RCC SDMMC12CLockSelection default value on MP1 is applicable
2025-02-17 10:44:40,120 [INFO] Rule:228 - rule align RCC QSPICLockSelection default value on MP1 is applicable
2025-02-17 10:44:40,120 [INFO] Rule:228 - rule align RCC QSPICLockSelection default value on MP1 is applicable
2025-02-17 10:44:40,120 [INFO] Rule:228 - rule align RCC SPI6CLockSelection default value on MP1 is applicable
2025-02-17 10:44:40,120 [INFO] Rule:228 - rule align RCC LPTIM23CLockSelection default value on MP1 is applicable
2025-02-17 10:44:40,120 [INFO] Rule:228 - rule align RCC LPTIM1CLockSelection default value on MP1 is applicable
2025-02-17 10:44:40,120 [INFO] Rule:228 - rule align RCC USART1CLockSelection default value on MP1 is applicable
2025-02-17 10:44:40,120 [INFO] Rule:228 - rule align RCC USART24CLockSelection default value on MP1 is applicable
2025-02-17 10:44:40,120 [INFO] Rule:228 - rule align RCC USART6CLockSelection default value on MP1 is applicable
2025-02-17 10:44:40,120 [INFO] Rule:228 - rule align RCC UART78CLockSelection default value on MP1 is applicable
2025-02-17 10:44:40,120 [INFO] Rule:228 - rule align RCC USART35CLockSelection default value on MP1 is applicable
2025-02-17 10:44:40,120 [INFO] Rule:228 - rule align RCC SPI45CLockSelection default value on MP1 is applicable
2025-02-17 10:44:40,120 [INFO] Rule:228 - rule align RCC I2C46CLockSelection BCLK value on MP1 is applicable
2025-02-17 10:44:40,120 [INFO] Rule:228 - rule align RCC SPI45CLockSelection default value on MP1 is applicable
2025-02-17 10:44:40,120 [INFO] Rule:228 - rule align RCC I2C12CLockSelection default value on MP1 is applicable
2025-02-17 10:44:40,121 [INFO] Rule:228 - rule align RCC I2C35CLockSelection default value on MP1 is applicable
2025-02-17 10:44:40,121 [INFO] Rule:228 - rule align RCC LPTIM45CLockSelection default value on MP1 is applicable
2025-02-17 10:44:40,121 [INFO] Rule:228 - rule Rename DCMI PIXCK signal is applicable
2025-02-17 10:44:40,121 [INFO] Rule:228 - rule Change Default Value for I2C46CLockSelection MP1 family is applicable
2025-02-17 10:44:40,121 [INFO] Rule:228 - rule Change Default Value for UART for G4, G0 and WB families is applicable
2025-02-17 10:44:40,121 [INFO] Rule:228 - rule Change Default Value for USART for G4, G0 and WB families is applicable
2025-02-17 10:44:40,121 [INFO] Rule:228 - rule Change Default Value for USART for G4 family is applicable
2025-02-17 10:44:40,121 [INFO] Rule:228 - rule Change USART1CLockSelection refparam name for MP1 is applicable
2025-02-17 10:44:40,121 [INFO] Rule:228 - rule Change USART2CLockSelection refparam name for MP1 is applicable
2025-02-17 10:44:40,121 [INFO] Rule:228 - rule Change USART3CLockSelection refparam name for MP1 is applicable
2025-02-17 10:44:40,121 [INFO] Rule:228 - rule Change UART4CLockSelection refparam name for MP1 is applicable
2025-02-17 10:44:40,121 [INFO] Rule:228 - rule Change UART5CLockSelection refparam name for MP1 is applicable
2025-02-17 10:44:40,121 [INFO] Rule:228 - rule Change LPUART1CLockSelection refparam name for MP1 is applicable
2025-02-17 10:44:40,121 [INFO] Rule:228 - rule Change LPTIM1CLockSelection refparam name for MP1 is applicable
2025-02-17 10:44:40,121 [INFO] Rule:228 - rule Change LPTIM2CLockSelection refparam name for MP1 is applicable
2025-02-17 10:44:40,121 [INFO] Rule:228 - rule Change RCC_MCO1Source refparam name for MP1 is applicable
2025-02-17 10:44:40,121 [INFO] Rule:228 - rule Change LSCOSource1 refparam name for MP1 is applicable
2025-02-17 10:44:40,121 [INFO] Rule:228 - rule Change SMPSCLockSelection refparam name for MP1 is applicable
2025-02-17 10:44:40,121 [INFO] Rule:228 - rule Change LPTIM3CLockSelection refparam name for MP1 is applicable
2025-02-17 10:44:40,121 [INFO] Rule:228 - rule Change MPCBB* Default Template Mode to Parameters is applicable
2025-02-17 10:44:40,121 [INFO] Rule:228 - rule Change MPCWM* or MPCBB* Secure Mode to Parameters is applicable
2025-02-17 10:44:40,121 [INFO] Rule:228 - rule Change MPCWM* or MPCBB* No Secure Mode to Parameters is applicable
2025-02-17 10:44:40,121 [INFO] Rule:228 - rule Change TZSC IP Secure Mode to Parameters is applicable
2025-02-17 10:44:40,121 [INFO] Rule:228 - rule Change TZSC IP No Secure Mode to Parameters is applicable
2025-02-17 10:44:40,121 [INFO] Rule:228 - rule Change TZSC IP Privilege Mode to Parameters is applicable
2025-02-17 10:44:40,121 [INFO] Rule:228 - rule Change TZSC IP No Privilege Mode to Parameters is applicable
2025-02-17 10:44:40,122 [INFO] Rule:228 - rule Change TZIC IT Secure Mode to Parameters is applicable
2025-02-17 10:44:40,122 [INFO] Rule:228 - rule Change TZIC IT No Secure Mode to Parameters is applicable
2025-02-17 10:44:40,122 [INFO] Rule:228 - rule Add MPCBB1_NonSecureArea_Start_Address value with referenced to MPCBB1_NonSecureArea_Start value is applicable
2025-02-17 10:44:40,122 [INFO] Rule:228 - rule Add MPCBB2_NonSecureArea_Start_Address value with referenced to MPCBB2_NonSecureArea_Start value is applicable
2025-02-17 10:44:40,122 [INFO] Rule:228 - rule Add MPCWM1_NonSecureArea*_Start_Address value with referenced to MPCWM1_NonSecureArea*_Start value is applicable
2025-02-17 10:44:40,122 [INFO] Rule:228 - rule Add MPCWM2_NonSecureArea*_Start_Address value with referenced to MPCWM2_NonSecureArea*_Start value is applicable
2025-02-17 10:44:40,122 [INFO] Rule:228 - rule Add MPCWM3_NonSecureArea_Start_Address value with referenced to MPCWM3_NonSecureArea_Start value is applicable
2025-02-17 10:44:40,122 [INFO] Rule:228 - rule Change Default Value for PLL1UserDefinedConfig is applicable
2025-02-17 10:44:40,122 [INFO] Rule:228 - rule Change GPIO_PuPd Default Value for USART in async mode is applicable
2025-02-17 10:44:40,122 [INFO] Rule:228 - rule Change SMPSDivider Default Value is applicable
2025-02-17 10:44:40,122 [INFO] Rule:228 - rule OPAMP is applicable
2025-02-17 10:44:40,122 [INFO] Rule:228 - rule LPUART IPParameter rename Prescaler parameter to ClockPrescaler for STM32H7 is applicable
2025-02-17 10:44:40,122 [INFO] Rule:228 - rule LPUART IPParameter rename Prescaler parameter to ClockPrescaler for STM32H7 is applicable
2025-02-17 10:44:40,122 [INFO] Rule:228 - rule LPUART IPParameter rename Prescaler parameter to ClockPrescaler for STM32WB is applicable
2025-02-17 10:44:40,122 [INFO] Rule:228 - rule LPUART IPParameter rename Prescaler parameter to ClockPrescaler for STM32WB is applicable
2025-02-17 10:44:40,122 [INFO] Rule:228 - rule LPUART IPParameter rename Prescaler parameter to ClockPrescaler for STM32G4 is applicable
2025-02-17 10:44:40,122 [INFO] Rule:228 - rule LPUART IPParameter rename Prescaler parameter to ClockPrescaler for STM32G4 is applicable
2025-02-17 10:44:40,122 [INFO] Rule:228 - rule LPUART IPParameter rename Prescaler parameter to ClockPrescaler for STM32L5 is applicable
2025-02-17 10:44:40,122 [INFO] Rule:228 - rule LPUART IPParameter rename Prescaler parameter to ClockPrescaler for STM32L5 is applicable
2025-02-17 10:44:40,122 [INFO] Rule:228 - rule LPUART IPParameter rename Prescaler parameter to ClockPrescaler for STM32G4 is applicable
2025-02-17 10:44:40,122 [INFO] Rule:228 - rule LPUART IPParameter rename Prescaler parameter to ClockPrescaler for STM32G4 is applicable
2025-02-17 10:44:40,122 [INFO] Rule:228 - rule USB device lib V2.5.3 for L0 rename USBD_SUPPORT_USER_STRING parameter to USBD_SUPPORT_USER_STRING_DESC4 is applicable
2025-02-17 10:44:40,122 [INFO] Rule:228 - rule I2SCLockSelection clock entry align is applicable
2025-02-17 10:44:40,122 [INFO] Rule:228 - rule Assign TIMx context if used as SYS timebase is applicable
2025-02-17 10:44:40,122 [INFO] Rule:228 - rule Change GPIO_Pu Default Value for I2C is applicable
2025-02-17 10:44:40,122 [INFO] Rule:228 - rule Change GPIO_Pu Default Value for SMBus is applicable
2025-02-17 10:44:40,122 [INFO] Rule:228 - rule change FDCAN default value is applicable
2025-02-17 10:44:40,122 [INFO] Rule:228 - rule Change mode sai is applicable
2025-02-17 10:44:40,122 [INFO] Rule:228 - rule **Change sai mode is applicable
2025-02-17 10:44:40,122 [INFO] Rule:228 - rule Rename STM32WPAN CFG_BLE_IRK to CFG_BLE_IR is applicable
2025-02-17 10:44:40,122 [INFO] Rule:228 - rule Rename STM32WPAN CFG_BLE_ERK to CFG_BLE_ER is applicable
2025-02-17 10:44:40,122 [INFO] Rule:228 - rule Rename STM32WPAN CFG_BLE_IRK_HEX to CFG_BLE_IR_HEX is applicable
2025-02-17 10:44:40,122 [INFO] Rule:228 - rule Rename STM32WPAN CFG_BLE_ERK_HEX to CFG_BLE_ER_HEX is applicable
2025-02-17 10:44:40,138 [INFO] DbConfProperties:307 - Apply Compatibility (34/230 Rules)
2025-02-17 10:44:40,170 [INFO] ImportTextPane:205 - (OptionalMessage_ERROR) Unable to find key (Mcu.ThirdPartyNb) in loaded IOC file
2025-02-17 10:44:40,350 [INFO] RtosManager:555 - Registered RTOS mode: class=CMSIS, group=RTOS, mode=CMSIS_V1, owner=FREERTOS
2025-02-17 10:44:40,350 [INFO] RtosManager:555 - Registered RTOS mode: class=CMSIS, group=RTOS2, mode=CMSIS_V2, owner=FREERTOS
2025-02-17 10:44:40,350 [INFO] RtosManager:555 - Registered RTOS mode: class=RTOS, group=Core, mode=CMSIS_V1, owner=FREERTOS
2025-02-17 10:44:40,350 [INFO] RtosManager:555 - Registered RTOS mode: class=RTOS, group=Core, mode=CMSIS_V2, owner=FREERTOS
2025-02-17 10:44:40,350 [WARN] ModelIntegratedComponent:184 - Missing modes for component STMicroelectronics:FreeRTOS:0.0.1:STMicroelectronics:RTOS:FreeRTOS:Core:::10.2.0:
2025-02-17 10:44:40,368 [WARN] ModelIntegratedComponent:63 - No mode defined for component null
2025-02-17 10:44:40,368 [WARN] ModelIntegratedComponent:63 - No mode defined for component null
2025-02-17 10:44:40,369 [WARN] ModelIntegratedComponent:63 - No mode defined for component null
2025-02-17 10:44:40,369 [WARN] ModelIntegratedComponent:63 - No mode defined for component null
2025-02-17 10:44:40,369 [WARN] ModelIntegratedComponent:63 - No mode defined for component null
2025-02-17 10:44:40,369 [WARN] ModelIntegratedComponent:63 - No mode defined for component null
2025-02-17 10:44:40,369 [WARN] ModelIntegratedComponent:63 - No mode defined for component null
2025-02-17 10:44:40,369 [WARN] ModelIntegratedComponent:63 - No mode defined for component null
2025-02-17 10:44:40,369 [WARN] ModelIntegratedComponent:63 - No mode defined for component null
2025-02-17 10:44:40,369 [WARN] ModelIntegratedComponent:63 - No mode defined for component null
2025-02-17 10:44:40,369 [WARN] ModelIntegratedComponent:63 - No mode defined for component null
2025-02-17 10:44:40,369 [WARN] ModelIntegratedComponent:63 - No mode defined for component null
2025-02-17 10:44:40,369 [WARN] ModelIntegratedComponent:63 - No mode defined for component null
2025-02-17 10:44:40,369 [WARN] ModelIntegratedComponent:63 - No mode defined for component null
2025-02-17 10:44:40,369 [WARN] ModelIntegratedComponent:63 - No mode defined for component null
2025-02-17 10:44:40,369 [WARN] ModelIntegratedComponent:63 - No mode defined for component null
2025-02-17 10:44:40,369 [WARN] ModelIntegratedComponent:63 - No mode defined for component null
2025-02-17 10:44:40,369 [WARN] ModelIntegratedComponent:63 - No mode defined for component null
2025-02-17 10:44:40,369 [WARN] ModelIntegratedComponent:63 - No mode defined for component null
2025-02-17 10:44:40,369 [WARN] ModelIntegratedComponent:63 - No mode defined for component null
2025-02-17 10:44:40,369 [WARN] ModelIntegratedComponent:63 - No mode defined for component null
2025-02-17 10:44:40,369 [WARN] ModelIntegratedComponent:63 - No mode defined for component null
2025-02-17 10:44:40,369 [WARN] ModelIntegratedComponent:63 - No mode defined for component null
2025-02-17 10:44:40,369 [WARN] ModelIntegratedComponent:63 - No mode defined for component null
2025-02-17 10:44:40,369 [WARN] ModelIntegratedComponent:63 - No mode defined for component null
2025-02-17 10:44:40,369 [WARN] ModelIntegratedComponent:63 - No mode defined for component null
2025-02-17 10:44:40,369 [WARN] ModelIntegratedComponent:63 - No mode defined for component null
2025-02-17 10:44:40,369 [WARN] ModelIntegratedComponent:63 - No mode defined for component null
2025-02-17 10:44:40,369 [WARN] ModelIntegratedComponent:63 - No mode defined for component null
2025-02-17 10:44:40,369 [WARN] ModelIntegratedComponent:63 - No mode defined for component null
2025-02-17 10:44:40,369 [WARN] ModelIntegratedComponent:63 - No mode defined for component null
2025-02-17 10:44:40,369 [WARN] ModelIntegratedComponent:63 - No mode defined for component null
2025-02-17 10:44:40,369 [WARN] ModelIntegratedComponent:63 - No mode defined for component null
2025-02-17 10:44:40,369 [WARN] ModelIntegratedComponent:63 - No mode defined for component null
2025-02-17 10:44:40,369 [WARN] ModelIntegratedComponent:63 - No mode defined for component null
2025-02-17 10:44:40,370 [WARN] ModelPack:524 - Component already loaded: STMicroelectronics:HAL Drivers:0.0.0:STMicroelectronics:Device:STMicro_Driver:XSPI:HAL::0.0.1:HAL_XSPI
2025-02-17 10:44:40,481 [INFO] ThirdPartyModel:298 - Start build external matchings
2025-02-17 10:44:41,157 [INFO] ThirdPartyModel:316 - End build external matchings
2025-02-17 10:44:42,067 [INFO] UtilMem:75 - End LoadConfig() Used Memory: 870469600 Bytes (1073741824)
2025-02-17 10:44:42,220 [WARN] ThirdParty:833 - waiting for thirdparty lock release [change project]
2025-02-17 10:44:42,220 [INFO] ThirdParty:835 - entering critical section [change project]
2025-02-17 10:44:42,220 [INFO] ThirdParty:1030 - CMSIS Pack Vendor :STMicroelectronics USBPD 4.1
2025-02-17 10:44:42,220 [INFO] ThirdParty:1030 - CMSIS Pack Vendor :STMicroelectronics X-CUBE-AZRTOS-H7 3.3.0
2025-02-17 10:44:42,221 [INFO] ThirdParty:1030 - CMSIS Pack Vendor :STMicroelectronics X-CUBE-NFC9 1.0.0
2025-02-17 10:44:42,221 [INFO] ThirdParty:1030 - CMSIS Pack Vendor :STMicroelectronics USB_HOST 2.0.0
2025-02-17 10:44:42,221 [INFO] ThirdParty:1030 - CMSIS Pack Vendor :STMicroelectronics FP-SNS-MOTENVWB1 1.4.0
2025-02-17 10:44:42,221 [INFO] ThirdParty:1030 - CMSIS Pack Vendor :STMicroelectronics X-CUBE-AZRTOS-F4 1.1.0
2025-02-17 10:44:42,221 [INFO] ThirdParty:1030 - CMSIS Pack Vendor :STMicroelectronics LIBJPEG 8.0.0
2025-02-17 10:44:42,221 [INFO] ThirdParty:1030 - CMSIS Pack Vendor :STMicroelectronics FP-ATR-ASTRA1 2.0.1
2025-02-17 10:44:42,221 [INFO] ThirdParty:1030 - CMSIS Pack Vendor :STMicroelectronics X-CUBE-SMBUS 2.1.0
2025-02-17 10:44:42,221 [INFO] ThirdParty:1030 - CMSIS Pack Vendor :STMicroelectronics X-CUBE-WB05N 1.1.0
2025-02-17 10:44:42,221 [INFO] ThirdParty:1030 - CMSIS Pack Vendor :STMicroelectronics USB_DEVICE 3.0.0
2025-02-17 10:44:42,221 [INFO] ThirdParty:1030 - CMSIS Pack Vendor :STMicroelectronics X-CUBE-TCPP 4.1.0
2025-02-17 10:44:42,221 [INFO] ThirdParty:1030 - CMSIS Pack Vendor :STMicroelectronics X-CUBE-ISPU 2.1.0
2025-02-17 10:44:42,221 [INFO] ThirdParty:1030 - CMSIS Pack Vendor :STMicroelectronics X-CUBE-FREERTOS 1.2.0
2025-02-17 10:44:42,221 [INFO] ThirdParty:1030 - CMSIS Pack Vendor :STMicroelectronics X-CUBE-IPS 3.0.0
2025-02-17 10:44:42,221 [INFO] ThirdParty:1030 - CMSIS Pack Vendor :STMicroelectronics X-CUBE-AZRTOS-WB 2.0.0
2025-02-17 10:44:42,221 [INFO] ThirdParty:1030 - CMSIS Pack Vendor :STMicroelectronics X-CUBE-GNSS1 7.0.0
2025-02-17 10:44:42,221 [INFO] ThirdParty:1030 - CMSIS Pack Vendor :STMicroelectronics X-CUBE-GNSS1 7.0.1
2025-02-17 10:44:42,221 [INFO] ThirdParty:1030 - CMSIS Pack Vendor :STMicroelectronics X-CUBE-AZRTOS-F7 1.1.0
2025-02-17 10:44:42,221 [INFO] ThirdParty:1030 - CMSIS Pack Vendor :STMicroelectronics X-CUBE-AZRTOS-L5 2.0.0
2025-02-17 10:44:42,221 [INFO] ThirdParty:1030 - CMSIS Pack Vendor :STMicroelectronics USB_DEVICE 2.0.0
2025-02-17 10:44:42,221 [INFO] ThirdParty:1030 - CMSIS Pack Vendor :STMicroelectronics X-CUBE-NFC6 3.1.0
2025-02-17 10:44:42,221 [INFO] ThirdParty:1030 - CMSIS Pack Vendor :STMicroelectronics FP-SNS-STBOX1 2.0.0
2025-02-17 10:44:42,221 [INFO] ThirdParty:1030 - CMSIS Pack Vendor :STMicroelectronics X-CUBE-MEMS1 11.0.0
2025-02-17 10:44:42,221 [INFO] ThirdParty:1030 - CMSIS Pack Vendor :STMicroelectronics FreeRTOS 0.0.1
2025-02-17 10:44:42,221 [INFO] ThirdParty:1030 - CMSIS Pack Vendor :STMicroelectronics X-CUBE-AZRTOS-G0 1.1.0
2025-02-17 10:44:42,221 [INFO] ThirdParty:1030 - CMSIS Pack Vendor :STMicroelectronics X-CUBE-SAFEA1 1.2.2
2025-02-17 10:44:42,221 [INFO] ThirdParty:1030 - CMSIS Pack Vendor :STMicroelectronics X-CUBE-NFC4 3.0.0
2025-02-17 10:44:42,221 [INFO] ThirdParty:1030 - CMSIS Pack Vendor :STMicroelectronics X-CUBE-DPower 1.2.0
2025-02-17 10:44:42,221 [INFO] ThirdParty:1030 - CMSIS Pack Vendor :STMicroelectronics X-CUBE-SUBG2 5.0.0
2025-02-17 10:44:42,221 [INFO] ThirdParty:1030 - CMSIS Pack Vendor :STMicroelectronics STM32_WPAN 1.0.0
2025-02-17 10:44:42,221 [INFO] ThirdParty:1030 - CMSIS Pack Vendor :EmbeddedOffice I-CUBE-FS-RTOS 1.0.1
2025-02-17 10:44:42,221 [INFO] ThirdParty:1030 - CMSIS Pack Vendor :STMicroelectronics lwIP 2.0.3
2025-02-17 10:44:42,221 [INFO] ThirdParty:1030 - CMSIS Pack Vendor :STMicroelectronics FP-SNS-FLIGHT1 5.0.2
2025-02-17 10:44:42,221 [INFO] ThirdParty:1030 - CMSIS Pack Vendor :Cesanta I-CUBE-Mongoose 7.13.0
2025-02-17 10:44:42,221 [INFO] ThirdParty:1030 - CMSIS Pack Vendor :STMicroelectronics USB_HOST 1.0.0
2025-02-17 10:44:42,221 [INFO] ThirdParty:1030 - CMSIS Pack Vendor :STMicroelectronics X-CUBE-AZRTOS-G4 2.0.0
2025-02-17 10:44:42,221 [INFO] ThirdParty:1030 - CMSIS Pack Vendor :STMicroelectronics PDM2PCM 3.1.0
2025-02-17 10:44:42,221 [INFO] ThirdParty:1030 - CMSIS Pack Vendor :STMicroelectronics PDM2PCM 3.3.0
2025-02-17 10:44:42,221 [INFO] ThirdParty:1030 - CMSIS Pack Vendor :STMicroelectronics X-CUBE-DISPLAY 3.0.0
2025-02-17 10:44:42,221 [INFO] ThirdParty:1030 - CMSIS Pack Vendor :RealThread X-CUBE-RT-Thread_Nano 4.1.1
2025-02-17 10:44:42,221 [INFO] ThirdParty:1030 - CMSIS Pack Vendor :STMicroelectronics X-CUBE-BLE1 7.0.0
2025-02-17 10:44:42,221 [INFO] ThirdParty:1030 - CMSIS Pack Vendor :STMicroelectronics FP-ATR-SIGFOX1 3.2.0
2025-02-17 10:44:42,221 [INFO] ThirdParty:1030 - CMSIS Pack Vendor :STMicroelectronics X-CUBE-NFC10 1.0.0
2025-02-17 10:44:42,221 [INFO] ThirdParty:1030 - CMSIS Pack Vendor :quantropi X-CUBE-qispace-sdk-base 1.9.3
2025-02-17 10:44:42,221 [INFO] ThirdParty:1030 - CMSIS Pack Vendor :STMicroelectronics X-CUBE-BLEMGR 4.0.0
2025-02-17 10:44:42,221 [INFO] ThirdParty:1030 - CMSIS Pack Vendor :STMicroelectronics X-CUBE-EEPRMA1 5.1.0
2025-02-17 10:44:42,221 [INFO] ThirdParty:1030 - CMSIS Pack Vendor :STMicroelectronics HAL Drivers 0.0.0
2025-02-17 10:44:42,221 [INFO] ThirdParty:1030 - CMSIS Pack Vendor :STMicroelectronics MBEDTLS 2.16.2
2025-02-17 10:44:42,221 [INFO] ThirdParty:1030 - CMSIS Pack Vendor :STMicroelectronics X-CUBE-ALS 1.0.2
2025-02-17 10:44:42,222 [INFO] ThirdParty:1030 - CMSIS Pack Vendor :emotas I-CUBE-CANOPEN 1.3.0
2025-02-17 10:44:42,222 [INFO] ThirdParty:1030 - CMSIS Pack Vendor :STMicroelectronics X-CUBE-FREERTOS 1.3.0
2025-02-17 10:44:42,222 [INFO] ThirdParty:1030 - CMSIS Pack Vendor :wolfSSL I-CUBE-wolfSSL 5.7.4
2025-02-17 10:44:42,222 [INFO] ThirdParty:1030 - CMSIS Pack Vendor :STMicroelectronics X-CUBE-NFC7 1.0.1
2025-02-17 10:44:42,222 [INFO] ThirdParty:1030 - CMSIS Pack Vendor :STMicroelectronics MBEDTLS 2.14.1
2025-02-17 10:44:42,222 [INFO] ThirdParty:1030 - CMSIS Pack Vendor :ITTIA_DB I-CUBE-ITTIADB 8.9.0
2025-02-17 10:44:42,222 [INFO] ThirdParty:1030 - CMSIS Pack Vendor :STMicroelectronics X-CUBE-TOUCHGFX 4.24.2
2025-02-17 10:44:42,222 [INFO] ThirdParty:1030 - CMSIS Pack Vendor :STMicroelectronics X-CUBE-TOUCHGFX 4.24.1
2025-02-17 10:44:42,222 [INFO] ThirdParty:1030 - CMSIS Pack Vendor :wolfSSL I-CUBE-wolfTPM 3.4.0
2025-02-17 10:44:42,222 [INFO] ThirdParty:1030 - CMSIS Pack Vendor :portGmbH I-Cube-SoM-uGOAL 1.1.0
2025-02-17 10:44:42,222 [INFO] ThirdParty:1030 - CMSIS Pack Vendor :STMicroelectronics X-CUBE-BLEMGR 3.1.0
2025-02-17 10:44:42,222 [INFO] ThirdParty:1030 - CMSIS Pack Vendor :STMicroelectronics X-CUBE-AI 10.0.0
2025-02-17 10:44:42,222 [INFO] ThirdParty:1030 - CMSIS Pack Vendor :STMicroelectronics ThreadX 1.0.0
2025-02-17 10:44:42,222 [INFO] ThirdParty:1030 - CMSIS Pack Vendor :STMicroelectronics FP-SNS-SMARTAG2 1.2.0
2025-02-17 10:44:42,222 [INFO] ThirdParty:1030 - CMSIS Pack Vendor :STMicroelectronics X-CUBE-MEMS1 11.1.0
2025-02-17 10:44:42,222 [INFO] ThirdParty:1030 - CMSIS Pack Vendor :STMicroelectronics X-CUBE-AZRTOS-WL 2.0.0
2025-02-17 10:44:42,222 [INFO] ThirdParty:1030 - CMSIS Pack Vendor :SEGGER I-CUBE-embOS 1.3.1
2025-02-17 10:44:42,222 [INFO] ThirdParty:1030 - CMSIS Pack Vendor :STMicroelectronics X-CUBE-ALGOBUILD 1.4.0
2025-02-17 10:44:42,222 [INFO] ThirdParty:1030 - CMSIS Pack Vendor :STMicroelectronics FP-SNS-MOTENV1 5.0.0
2025-02-17 10:44:42,222 [INFO] ThirdParty:1030 - CMSIS Pack Vendor :STMicroelectronics USB_DEVICE 1.0.0
2025-02-17 10:44:42,222 [INFO] ThirdParty:1030 - CMSIS Pack Vendor :STMicroelectronics X-CUBE-AZRTOS-H7RS 1.0.0
2025-02-17 10:44:42,222 [INFO] ThirdParty:1030 - CMSIS Pack Vendor :wolfSSL I-CUBE-wolfMQTT 1.19.0
2025-02-17 10:44:42,222 [INFO] ThirdParty:1030 - CMSIS Pack Vendor :STMicroelectronics X-CUBE-AZRTOS-L4 2.0.0
2025-02-17 10:44:42,223 [INFO] ThirdParty:1030 - CMSIS Pack Vendor :STMicroelectronics ThreadX 0.0.2
2025-02-17 10:44:42,225 [INFO] ThirdParty:1030 - CMSIS Pack Vendor :WES I-CUBE-Cesium 1.3.0
2025-02-17 10:44:42,225 [INFO] ThirdParty:1030 - CMSIS Pack Vendor :STMicroelectronics lwIP 2.1.2
2025-02-17 10:44:42,225 [INFO] ThirdParty:1030 - CMSIS Pack Vendor :STMicroelectronics X-CUBE-SFXS2LP1 4.0.0
2025-02-17 10:44:42,225 [INFO] ThirdParty:1030 - CMSIS Pack Vendor :STMicroelectronics X-CUBE-BLE2 3.3.0
2025-02-17 10:44:42,225 [INFO] ThirdParty:1030 - CMSIS Pack Vendor :STMicroelectronics X-CUBE-TOF1 3.4.2
2025-02-17 10:44:42,225 [INFO] ThirdParty:1030 - CMSIS Pack Vendor :STMicroelectronics X-CUBE-AI 9.1.0
2025-02-17 10:44:42,225 [INFO] ThirdParty:1030 - CMSIS Pack Vendor :Infineon AIROC-Wi-Fi-Bluetooth-STM32 1.6.1
2025-02-17 10:44:42,225 [INFO] ThirdParty:1030 - CMSIS Pack Vendor :STMicroelectronics PDM2PCM 3.2.0
2025-02-17 10:44:42,225 [INFO] ThirdParty:1030 - CMSIS Pack Vendor :wolfSSL I-CUBE-wolfSSH 1.4.17
2025-02-17 10:44:42,225 [INFO] ThirdParty:841 - exiting critical section [change project]
2025-02-17 10:44:42,614 [INFO] PinOutPanel:1561 - setPackage(No Configuration,No Configuration)
2025-02-17 10:44:42,615 [INFO] PinOutPanel:1561 - setPackage(STM32F407VGTx,LQFP100)
2025-02-17 10:44:42,918 [INFO] UtilMem:75 - Before build in PCC Used Memory: 902179752 Bytes (1073741824)
2025-02-17 10:44:43,968 [INFO] UtilMem:75 - After build in PCC Used Memory: 900434856 Bytes (1073741824)
2025-02-17 10:44:44,030 [INFO] IPUIPlugin:80 - create IPUIPlugin
2025-02-17 10:44:44,031 [INFO] IPUIPlugin:80 - create IPUIPlugin
2025-02-17 10:44:44,031 [INFO] IPUIPlugin:80 - create IPUIPlugin
2025-02-17 10:44:44,031 [INFO] IPUIPlugin:80 - create IPUIPlugin
2025-02-17 10:44:44,032 [INFO] IPUIPlugin:80 - create IPUIPlugin
2025-02-17 10:44:44,032 [INFO] IPUIPlugin:80 - create IPUIPlugin
2025-02-17 10:44:44,032 [INFO] IPUIPlugin:80 - create IPUIPlugin
2025-02-17 10:44:44,032 [INFO] IPUIPlugin:80 - create IPUIPlugin
2025-02-17 10:44:44,032 [INFO] IPUIPlugin:80 - create IPUIPlugin
2025-02-17 10:44:44,033 [INFO] IPUIPlugin:80 - create IPUIPlugin
2025-02-17 10:44:44,033 [INFO] IPUIPlugin:80 - create IPUIPlugin
2025-02-17 10:44:44,033 [INFO] IPUIPlugin:80 - create IPUIPlugin
2025-02-17 10:44:44,034 [INFO] IPUIPlugin:80 - create IPUIPlugin
2025-02-17 10:44:44,034 [INFO] IPUIPlugin:80 - create IPUIPlugin
2025-02-17 10:44:44,034 [INFO] IPUIPlugin:80 - create IPUIPlugin
2025-02-17 10:44:44,034 [INFO] IPUIPlugin:80 - create IPUIPlugin
2025-02-17 10:44:44,034 [INFO] IPUIPlugin:80 - create IPUIPlugin
2025-02-17 10:44:44,034 [INFO] IPUIPlugin:80 - create IPUIPlugin
2025-02-17 10:44:44,034 [INFO] IPUIPlugin:80 - create IPUIPlugin
2025-02-17 10:44:44,035 [INFO] IPUIPlugin:80 - create IPUIPlugin
2025-02-17 10:44:44,035 [INFO] IPUIPlugin:80 - create IPUIPlugin
2025-02-17 10:44:44,035 [INFO] IPUIPlugin:80 - create IPUIPlugin
2025-02-17 10:44:44,035 [INFO] IPUIPlugin:80 - create IPUIPlugin
2025-02-17 10:44:44,035 [INFO] IPUIPlugin:80 - create IPUIPlugin
2025-02-17 10:44:44,035 [INFO] IPUIPlugin:80 - create IPUIPlugin
2025-02-17 10:44:44,035 [INFO] IPUIPlugin:80 - create IPUIPlugin
2025-02-17 10:44:44,035 [INFO] IPUIPlugin:80 - create IPUIPlugin
2025-02-17 10:44:44,035 [INFO] IPUIPlugin:80 - create IPUIPlugin
2025-02-17 10:44:44,036 [INFO] IPUIPlugin:80 - create IPUIPlugin
2025-02-17 10:44:44,036 [INFO] IPUIPlugin:80 - create IPUIPlugin
2025-02-17 10:44:44,036 [INFO] IPUIPlugin:80 - create IPUIPlugin
2025-02-17 10:44:44,036 [INFO] IPUIPlugin:80 - create IPUIPlugin
2025-02-17 10:44:44,036 [INFO] IPUIPlugin:80 - create IPUIPlugin
2025-02-17 10:44:44,036 [INFO] IPUIPlugin:80 - create IPUIPlugin
2025-02-17 10:44:44,036 [INFO] IPUIPlugin:80 - create IPUIPlugin
2025-02-17 10:44:44,036 [INFO] IPUIPlugin:80 - create IPUIPlugin
2025-02-17 10:44:44,036 [INFO] IPUIPlugin:80 - create IPUIPlugin
2025-02-17 10:44:44,036 [INFO] IPUIPlugin:80 - create IPUIPlugin
2025-02-17 10:44:44,037 [INFO] IPUIPlugin:80 - create IPUIPlugin
2025-02-17 10:44:44,037 [INFO] IPUIPlugin:80 - create IPUIPlugin
2025-02-17 10:44:44,037 [INFO] IPUIPlugin:80 - create IPUIPlugin
2025-02-17 10:44:44,037 [INFO] IPUIPlugin:80 - create IPUIPlugin
2025-02-17 10:44:44,037 [INFO] IPUIPlugin:80 - create IPUIPlugin
2025-02-17 10:44:44,037 [INFO] IPUIPlugin:80 - create IPUIPlugin
2025-02-17 10:44:44,037 [INFO] IPUIPlugin:80 - create IPUIPlugin
2025-02-17 10:44:44,037 [INFO] IPUIPlugin:80 - create IPUIPlugin
2025-02-17 10:44:44,038 [INFO] IPUIPlugin:80 - create IPUIPlugin
2025-02-17 10:44:44,038 [INFO] IPUIPlugin:80 - create IPUIPlugin
2025-02-17 10:44:44,038 [INFO] IPUIPlugin:80 - create IPUIPlugin
2025-02-17 10:44:44,038 [INFO] IPUIPlugin:80 - create IPUIPlugin
2025-02-17 10:44:44,038 [INFO] IPUIPlugin:80 - create IPUIPlugin
2025-02-17 10:44:44,038 [INFO] IPUIPlugin:80 - create IPUIPlugin
2025-02-17 10:44:44,038 [INFO] IPUIPlugin:80 - create IPUIPlugin
2025-02-17 10:44:44,038 [INFO] IPUIPlugin:80 - create IPUIPlugin
2025-02-17 10:44:44,039 [INFO] IPUIPlugin:80 - create IPUIPlugin
2025-02-17 10:44:44,039 [INFO] IPUIPlugin:80 - create IPUIPlugin
2025-02-17 10:44:44,039 [INFO] IPUIPlugin:80 - create IPUIPlugin
2025-02-17 10:44:44,039 [INFO] IPUIPlugin:80 - create IPUIPlugin
2025-02-17 10:44:44,082 [INFO] ApiDbMcu:508 - Load IP Config File for PDM2PCM
2025-02-17 10:44:44,298 [INFO] CADModel:165 - CPN selected for project levelSTM32F407VGT6
2025-02-17 10:44:44,299 [INFO] CADModel:114 - Register for checkConnection events
2025-02-17 10:44:44,350 [INFO] OpenFileManager:363 - Restore cursor
2025-02-17 10:44:44,933 [INFO] UtilMem:75 - End SaveConfig() Used Memory: 872349568 Bytes (1073741824)
2025-02-17 10:44:45,037 [INFO] UtilMem:75 - End SaveConfig() Used Memory: 891195064 Bytes (1073741824)
2025-02-17 10:44:45,668 [INFO] BlockDiagram:2766 - set Specific Code input for plugin: SYS
2025-02-17 10:44:45,668 [INFO] BlockDiagram:2766 - set Specific Code input for plugin: RCC
2025-02-17 10:44:45,668 [INFO] BlockDiagram:2766 - set Specific Code input for plugin: NVIC
2025-02-17 10:44:45,670 [INFO] BlockDiagram:2766 - set Specific Code input for plugin: GPIO
2025-02-17 10:44:45,671 [INFO] CodeGenerator:807 - code generatio: config db path: /home/engineering/st/stm32cubeide_1.16.1/plugins/com.st.stm32cube.common.mx_6.12.1.202409122256//db/
2025-02-17 10:44:45,922 [INFO] CodeEngine:255 - oldGeneratedFile, /home/engineering/STM32CubeIDE/workspace_1.16.1/STM32_FreeRTOS_Development/FreeRTOS_LEDTasks/MXTmpFiles/license.tmp_save
2025-02-17 10:44:46,400 [INFO] CodeEngine:279 - Generated code: /home/engineering/STM32CubeIDE/workspace_1.16.1/STM32_FreeRTOS_Development/FreeRTOS_LEDTasks/MXTmpFiles/license.tmp
2025-02-17 10:44:46,516 [INFO] CodeEngine:255 - oldGeneratedFile, /home/engineering/STM32CubeIDE/workspace_1.16.1/STM32_FreeRTOS_Development/FreeRTOS_LEDTasks/MXTmpFiles/gpio.tmp_save
2025-02-17 10:44:46,617 [INFO] CodeEngine:279 - Generated code: /home/engineering/STM32CubeIDE/workspace_1.16.1/STM32_FreeRTOS_Development/FreeRTOS_LEDTasks/MXTmpFiles/gpio.tmp
2025-02-17 10:44:46,657 [INFO] CodeEngine:255 - oldGeneratedFile, /home/engineering/STM32CubeIDE/workspace_1.16.1/STM32_FreeRTOS_Development/FreeRTOS_LEDTasks/Core/Src/stm32f4xx_it.c_save
2025-02-17 10:44:46,773 [INFO] CodeEngine:279 - Generated code: /home/engineering/STM32CubeIDE/workspace_1.16.1/STM32_FreeRTOS_Development/FreeRTOS_LEDTasks/Core/Src/stm32f4xx_it.c
2025-02-17 10:44:46,775 [INFO] CodeEngine:255 - oldGeneratedFile, /home/engineering/STM32CubeIDE/workspace_1.16.1/STM32_FreeRTOS_Development/FreeRTOS_LEDTasks/Core/Inc/stm32f4xx_it.h_save
2025-02-17 10:44:46,837 [INFO] CodeEngine:279 - Generated code: /home/engineering/STM32CubeIDE/workspace_1.16.1/STM32_FreeRTOS_Development/FreeRTOS_LEDTasks/Core/Inc/stm32f4xx_it.h
2025-02-17 10:44:46,843 [INFO] CodeEngine:255 - oldGeneratedFile, /home/engineering/STM32CubeIDE/workspace_1.16.1/STM32_FreeRTOS_Development/FreeRTOS_LEDTasks/Core/Src/stm32f4xx_hal_msp.c_save
2025-02-17 10:44:46,969 [INFO] CodeEngine:279 - Generated code: /home/engineering/STM32CubeIDE/workspace_1.16.1/STM32_FreeRTOS_Development/FreeRTOS_LEDTasks/Core/Src/stm32f4xx_hal_msp.c
2025-02-17 10:44:46,971 [INFO] CodeEngine:255 - oldGeneratedFile, /home/engineering/STM32CubeIDE/workspace_1.16.1/STM32_FreeRTOS_Development/FreeRTOS_LEDTasks/MXTmpFiles/system.tmp_save
2025-02-17 10:44:47,048 [INFO] CodeEngine:279 - Generated code: /home/engineering/STM32CubeIDE/workspace_1.16.1/STM32_FreeRTOS_Development/FreeRTOS_LEDTasks/MXTmpFiles/system.tmp
2025-02-17 10:44:47,052 [INFO] CodeEngine:311 - oldGeneratedFile, /home/engineering/STM32CubeIDE/workspace_1.16.1/STM32_FreeRTOS_Development/FreeRTOS_LEDTasks/Core/Inc/stm32f4xx_hal_conf.h_save
2025-02-17 10:44:47,126 [INFO] CodeEngine:335 - Generated code: /home/engineering/STM32CubeIDE/workspace_1.16.1/STM32_FreeRTOS_Development/FreeRTOS_LEDTasks/Core/Inc/stm32f4xx_hal_conf.h
2025-02-17 10:44:47,181 [INFO] CodeEngine:255 - oldGeneratedFile, /home/engineering/STM32CubeIDE/workspace_1.16.1/STM32_FreeRTOS_Development/FreeRTOS_LEDTasks/Core/Inc/main.h_save
2025-02-17 10:44:47,299 [INFO] CodeEngine:279 - Generated code: /home/engineering/STM32CubeIDE/workspace_1.16.1/STM32_FreeRTOS_Development/FreeRTOS_LEDTasks/Core/Inc/main.h
2025-02-17 10:44:47,301 [INFO] CodeEngine:255 - oldGeneratedFile, /home/engineering/STM32CubeIDE/workspace_1.16.1/STM32_FreeRTOS_Development/FreeRTOS_LEDTasks/Core/Src/main.c_save
2025-02-17 10:44:47,406 [INFO] CodeEngine:279 - Generated code: /home/engineering/STM32CubeIDE/workspace_1.16.1/STM32_FreeRTOS_Development/FreeRTOS_LEDTasks/Core/Src/main.c
2025-02-17 10:44:47,714 [INFO] ProjectBuilder:3249 - Time for Copy HAL[1] : 139mS.
2025-02-17 10:44:47,722 [INFO] ProjectBuilder:4828 - Project Generator version: 4.5.0-B34
2025-02-17 10:44:47,825 [INFO] ConfigFileManager:1531 - The Die is : DIE413
2025-02-17 10:44:47,837 [INFO] ApiDbMcu:508 - Load IP Config File for FATFS
2025-02-17 10:44:47,845 [INFO] ApiDbMcu:508 - Load IP Config File for FREERTOS
2025-02-17 10:44:47,849 [INFO] ApiDbMcu:508 - Load IP Config File for LIBJPEG
2025-02-17 10:44:47,858 [INFO] ApiDbMcu:508 - Load IP Config File for LWIP
2025-02-17 10:44:47,877 [INFO] ApiDbMcu:508 - Load IP Config File for MBEDTLS
2025-02-17 10:44:47,902 [INFO] ApiDbMcu:508 - Load IP Config File for USB_DEVICE
2025-02-17 10:44:47,909 [INFO] ApiDbMcu:508 - Load IP Config File for USB_HOST
2025-02-17 10:44:48,270 [INFO] LogOutputStream:77 - [STDOUT_REDIRECT] 
2025-02-17 10:44:53,326 [INFO] ProjectBuilder:5097 - Time for Generating toolchain IDE Files: 5603mS.
2025-02-17 10:44:53,326 [INFO] ProjectBuilder:3107 - Time for Copy CMSIS : 0mS.
2025-02-17 10:44:53,327 [INFO] ProjectBuilder:3107 - Time for Copy CMSIS : 0mS.
2025-02-17 10:44:54,180 [INFO] McuFinderGlobals:76 - Set McuFinderConnectedMode to true
2025-02-17 10:44:54,187 [INFO] ApiDb:448 - Save user favorites file /home/engineering/.stm32cubeide/favorites.mcus.txt: 0 item(s)
2025-02-17 10:44:54,187 [INFO] ApiDb:452 - User favorites MCUs=[]
2025-02-17 10:44:54,188 [INFO] ApiDb:448 - Save user favorites file /home/engineering/.stm32cubeide/favorites.boards.txt: 1 item(s)
2025-02-17 10:44:54,189 [INFO] ApiDb:452 - User favorites Boards=[STM32F407G-DISC1]
2025-02-17 11:12:02,229 [INFO] MainUpdater:2873 - connection check result : 10
2025-02-17 11:12:02,232 [INFO] MainUpdater:2873 - connection check result : 10
2025-02-17 11:12:02,720 [INFO] MicroXplorer:468 - Change Database Path : 
2025-02-17 11:12:02,720 [INFO] MicroXplorer:498 - Change Database Version : DB.6.0.121
2025-02-17 11:12:02,733 [ERROR] ProjectManagerView:394 - 
java.lang.NullPointerException: Cannot invoke "javax.swing.JTextField.getText()" because the return value of "java.util.List.get(int)" is null
	at com.st.microxplorer.plugins.projectmanager.gui.ProjectChoiceTab$10.caretUpdate(ProjectChoiceTab.java:2622) ~[filemanager.jar:?]
	at javax.swing.text.JTextComponent.fireCaretUpdate(JTextComponent.java:412) ~[?:?]
	at javax.swing.text.JTextComponent$MutableCaretEvent.fire(JTextComponent.java:4491) ~[?:?]
	at javax.swing.text.JTextComponent$MutableCaretEvent.stateChanged(JTextComponent.java:4513) ~[?:?]
	at javax.swing.text.DefaultCaret.fireStateChanged(DefaultCaret.java:842) ~[?:?]
	at javax.swing.text.DefaultCaret.changeCaretPosition(DefaultCaret.java:1313) ~[?:?]
	at javax.swing.text.DefaultCaret.handleSetDot(DefaultCaret.java:1212) ~[?:?]
	at javax.swing.text.DefaultCaret.setDot(DefaultCaret.java:1193) ~[?:?]
	at javax.swing.text.DefaultCaret$Handler.insertUpdate(DefaultCaret.java:1789) ~[?:?]
	at javax.swing.text.AbstractDocument.fireInsertUpdate(AbstractDocument.java:226) ~[?:?]
	at javax.swing.text.AbstractDocument.handleInsertString(AbstractDocument.java:780) ~[?:?]
	at javax.swing.text.AbstractDocument.insertString(AbstractDocument.java:739) ~[?:?]
	at javax.swing.text.PlainDocument.insertString(PlainDocument.java:131) ~[?:?]
	at javax.swing.text.AbstractDocument.replace(AbstractDocument.java:698) ~[?:?]
	at javax.swing.text.JTextComponent.setText(JTextComponent.java:1729) ~[?:?]
	at com.st.microxplorer.plugins.projectmanager.gui.ProjectChoiceTab.createHeapStackFields(ProjectChoiceTab.java:972) ~[filemanager.jar:?]
	at com.st.microxplorer.plugins.projectmanager.gui.ProjectChoiceTab.buildLinkSettingsPanel(ProjectChoiceTab.java:3597) ~[filemanager.jar:?]
	at com.st.microxplorer.plugins.projectmanager.gui.ProjectChoiceTab.defineWindowsFields(ProjectChoiceTab.java:1940) ~[filemanager.jar:?]
	at com.st.microxplorer.plugins.projectmanager.gui.ProjectChoiceTab.updateSettings(ProjectChoiceTab.java:550) ~[filemanager.jar:?]
	at com.st.microxplorer.plugins.projectmanager.gui.ProjectSettingsPanel.UpdateDialog(ProjectSettingsPanel.java:245) ~[filemanager.jar:?]
	at com.st.microxplorer.plugins.projectmanager.ProjectManagerView.propertyChange(ProjectManagerView.java:391) ~[filemanager.jar:?]
	at java.beans.PropertyChangeSupport.fire(PropertyChangeSupport.java:343) ~[?:?]
	at java.beans.PropertyChangeSupport.firePropertyChange(PropertyChangeSupport.java:335) ~[?:?]
	at java.beans.PropertyChangeSupport.firePropertyChange(PropertyChangeSupport.java:268) ~[?:?]
	at com.st.microxplorer.util.MXPropertyChangeSupport.firePropertyChange(MXPropertyChangeSupport.java:54) ~[STM32CubeMX.jar:?]
	at com.st.microxplorer.mxsystem.MxSystem.closeConfig(MxSystem.java:900) ~[STM32CubeMX.jar:?]
	at com.st.microxplorer.maingui.MainPanel.closeConfig(MainPanel.java:781) ~[STM32CubeMX.jar:?]
	at com.st.microxplorer.plugins.filemanager.engine.OpenFileManager.loadConfigurationFile(OpenFileManager.java:265) ~[filemanager.jar:?]
	at com.st.microxplorer.plugins.filemanager.engine.MainFileManager.userLoadConfig(MainFileManager.java:352) ~[filemanager.jar:?]
	at com.st.microxplorer.plugins.filemanager.engine.MainFileManager.userLoadConfig(MainFileManager.java:330) ~[filemanager.jar:?]
	at com.st.microxplorer.plugins.filemanager.FileManagerView.getSpecificTask(FileManagerView.java:246) ~[filemanager.jar:?]
	at com.st.stm32cube.common.mx.editor.CubeMxEditor.getMxTabbedPaneInstance(CubeMxEditor.java:1198) ~[com.st.stm32cube.common.mx_6.12.1.202409122256/:?]
	at com.st.stm32cube.common.mx.editor.CubeMxEditor$12$1.createSwingComponent(CubeMxEditor.java:1068) ~[com.st.stm32cube.common.mx_6.12.1.202409122256/:?]
	at com.st.stm32cube.common.mx.oss.core.awtswtbridge.EmbeddedSwingComposite.doComponentCreation(EmbeddedSwingComposite.java:492) ~[com.st.stm32cube.common.mx.oss_6.12.1.202409122256/:?]
	at com.st.stm32cube.common.mx.oss.core.awtswtbridge.EmbeddedSwingComposite$4.run(EmbeddedSwingComposite.java:291) ~[com.st.stm32cube.common.mx.oss_6.12.1.202409122256/:?]
	at com.st.stm32cube.common.mx.oss.core.awtswtbridge.AwtEnvironment$2.run(AwtEnvironment.java:166) ~[com.st.stm32cube.common.mx.oss_6.12.1.202409122256/:?]
	at java.awt.event.InvocationEvent.dispatch(InvocationEvent.java:318) ~[?:?]
	at java.awt.EventQueue.dispatchEventImpl(EventQueue.java:773) ~[?:?]
	at java.awt.EventQueue$4.run(EventQueue.java:720) ~[?:?]
	at java.awt.EventQueue$4.run(EventQueue.java:714) ~[?:?]
	at java.security.AccessController.doPrivileged(AccessController.java:399) ~[?:?]
	at java.security.ProtectionDomain$JavaSecurityAccessImpl.doIntersectionPrivilege(ProtectionDomain.java:86) ~[?:?]
	at java.awt.EventQueue.dispatchEvent(EventQueue.java:742) ~[?:?]
	at java.awt.EventDispatchThread.pumpOneEventForFilters(EventDispatchThread.java:203) ~[?:?]
	at java.awt.EventDispatchThread.pumpEventsForFilter(EventDispatchThread.java:124) ~[?:?]
	at java.awt.EventDispatchThread.pumpEventsForHierarchy(EventDispatchThread.java:113) ~[?:?]
	at java.awt.EventDispatchThread.pumpEvents(EventDispatchThread.java:109) ~[?:?]
	at java.awt.EventDispatchThread.pumpEvents(EventDispatchThread.java:101) ~[?:?]
	at java.awt.EventDispatchThread.run(EventDispatchThread.java:90) ~[?:?]
2025-02-17 11:12:02,737 [WARN] ThirdParty:871 - waiting for thirdparty lock release [close project]
2025-02-17 11:12:02,737 [INFO] ThirdParty:873 - entering critical section [close project]
2025-02-17 11:12:02,737 [INFO] ThirdParty:883 - exiting critical section [close project]
2025-02-17 11:12:02,738 [INFO] PinOutPanel:1561 - setPackage(No Configuration,No Configuration)
2025-02-17 11:12:02,753 [WARN] IpParametersView:151 - Warning: This peripheral hasn't parameters
2025-02-17 11:12:02,766 [WARN] MainPanel:284 - <html><b><center>Warning: This peripheral has no parameters to be configured<br></b></html>
2025-02-17 11:12:02,781 [INFO] UtilMem:75 - Begin LoadConfig() Used Memory: 862630280 Bytes (1073741824)
2025-02-17 11:12:02,781 [INFO] MicroXplorer:468 - Change Database Path : 
2025-02-17 11:12:02,782 [INFO] MicroXplorer:498 - Change Database Version : DB.6.0.121
2025-02-17 11:12:02,782 [INFO] OpenFileManager:332 - Change cursor
2025-02-17 11:12:02,803 [INFO] RulesReader:64 - Compatibility file has been processed (297 Rules)
2025-02-17 11:12:02,807 [INFO] Mcu:2032 - Initializing MCU STM32F407V(E-G)Tx STM32F407VGTx STM32F407VGT6
2025-02-17 11:12:04,222 [INFO] Context:742 - Trying to add GPIOservice into a context  which must be forbidden
2025-02-17 11:12:04,523 [INFO] RtosManager:555 - Registered RTOS mode: class=CMSIS, group=RTOS, mode=CMSIS_V1, owner=FREERTOS
2025-02-17 11:12:04,523 [INFO] RtosManager:555 - Registered RTOS mode: class=CMSIS, group=RTOS2, mode=CMSIS_V2, owner=FREERTOS
2025-02-17 11:12:04,523 [INFO] RtosManager:555 - Registered RTOS mode: class=RTOS, group=Core, mode=CMSIS_V1, owner=FREERTOS
2025-02-17 11:12:04,524 [INFO] RtosManager:555 - Registered RTOS mode: class=RTOS, group=Core, mode=CMSIS_V2, owner=FREERTOS
2025-02-17 11:12:04,524 [WARN] ModelIntegratedComponent:184 - Missing modes for component STMicroelectronics:FreeRTOS:0.0.1:STMicroelectronics:RTOS:FreeRTOS:Core:::10.2.0:
2025-02-17 11:12:04,527 [WARN] ModelIntegratedComponent:63 - No mode defined for component null
2025-02-17 11:12:04,527 [WARN] ModelIntegratedComponent:63 - No mode defined for component null
2025-02-17 11:12:04,527 [WARN] ModelIntegratedComponent:63 - No mode defined for component null
2025-02-17 11:12:04,527 [WARN] ModelIntegratedComponent:63 - No mode defined for component null
2025-02-17 11:12:04,527 [WARN] ModelIntegratedComponent:63 - No mode defined for component null
2025-02-17 11:12:04,527 [WARN] ModelIntegratedComponent:63 - No mode defined for component null
2025-02-17 11:12:04,527 [WARN] ModelIntegratedComponent:63 - No mode defined for component null
2025-02-17 11:12:04,527 [WARN] ModelIntegratedComponent:63 - No mode defined for component null
2025-02-17 11:12:04,527 [WARN] ModelIntegratedComponent:63 - No mode defined for component null
2025-02-17 11:12:04,527 [WARN] ModelIntegratedComponent:63 - No mode defined for component null
2025-02-17 11:12:04,527 [WARN] ModelIntegratedComponent:63 - No mode defined for component null
2025-02-17 11:12:04,527 [WARN] ModelIntegratedComponent:63 - No mode defined for component null
2025-02-17 11:12:04,528 [WARN] ModelIntegratedComponent:63 - No mode defined for component null
2025-02-17 11:12:04,528 [WARN] ModelIntegratedComponent:63 - No mode defined for component null
2025-02-17 11:12:04,528 [WARN] ModelIntegratedComponent:63 - No mode defined for component null
2025-02-17 11:12:04,528 [WARN] ModelIntegratedComponent:63 - No mode defined for component null
2025-02-17 11:12:04,528 [WARN] ModelIntegratedComponent:63 - No mode defined for component null
2025-02-17 11:12:04,528 [WARN] ModelIntegratedComponent:63 - No mode defined for component null
2025-02-17 11:12:04,528 [WARN] ModelIntegratedComponent:63 - No mode defined for component null
2025-02-17 11:12:04,528 [WARN] ModelIntegratedComponent:63 - No mode defined for component null
2025-02-17 11:12:04,528 [WARN] ModelIntegratedComponent:63 - No mode defined for component null
2025-02-17 11:12:04,528 [WARN] ModelIntegratedComponent:63 - No mode defined for component null
2025-02-17 11:12:04,528 [WARN] ModelIntegratedComponent:63 - No mode defined for component null
2025-02-17 11:12:04,528 [WARN] ModelIntegratedComponent:63 - No mode defined for component null
2025-02-17 11:12:04,528 [WARN] ModelIntegratedComponent:63 - No mode defined for component null
2025-02-17 11:12:04,528 [WARN] ModelIntegratedComponent:63 - No mode defined for component null
2025-02-17 11:12:04,528 [WARN] ModelIntegratedComponent:63 - No mode defined for component null
2025-02-17 11:12:04,528 [WARN] ModelIntegratedComponent:63 - No mode defined for component null
2025-02-17 11:12:04,528 [WARN] ModelIntegratedComponent:63 - No mode defined for component null
2025-02-17 11:12:04,528 [WARN] ModelIntegratedComponent:63 - No mode defined for component null
2025-02-17 11:12:04,528 [WARN] ModelIntegratedComponent:63 - No mode defined for component null
2025-02-17 11:12:04,528 [WARN] ModelIntegratedComponent:63 - No mode defined for component null
2025-02-17 11:12:04,528 [WARN] ModelIntegratedComponent:63 - No mode defined for component null
2025-02-17 11:12:04,528 [WARN] ModelIntegratedComponent:63 - No mode defined for component null
2025-02-17 11:12:04,528 [WARN] ModelIntegratedComponent:63 - No mode defined for component null
2025-02-17 11:12:04,528 [WARN] ModelPack:524 - Component already loaded: STMicroelectronics:HAL Drivers:0.0.0:STMicroelectronics:Device:STMicro_Driver:XSPI:HAL::0.0.1:HAL_XSPI
2025-02-17 11:12:04,579 [INFO] ThirdPartyModel:298 - Start build external matchings
2025-02-17 11:12:05,143 [INFO] ThirdPartyModel:316 - End build external matchings
2025-02-17 11:12:05,696 [INFO] UtilMem:75 - End LoadConfig() Used Memory: 750185528 Bytes (1073741824)
2025-02-17 11:12:05,741 [WARN] ThirdParty:833 - waiting for thirdparty lock release [change project]
2025-02-17 11:12:05,741 [INFO] ThirdParty:835 - entering critical section [change project]
2025-02-17 11:12:05,741 [INFO] ThirdParty:1030 - CMSIS Pack Vendor :STMicroelectronics USBPD 4.1
2025-02-17 11:12:05,741 [INFO] ThirdParty:1030 - CMSIS Pack Vendor :STMicroelectronics X-CUBE-AZRTOS-H7 3.3.0
2025-02-17 11:12:05,741 [INFO] ThirdParty:1030 - CMSIS Pack Vendor :STMicroelectronics X-CUBE-NFC9 1.0.0
2025-02-17 11:12:05,741 [INFO] ThirdParty:1030 - CMSIS Pack Vendor :STMicroelectronics USB_HOST 2.0.0
2025-02-17 11:12:05,741 [INFO] ThirdParty:1030 - CMSIS Pack Vendor :STMicroelectronics FP-SNS-MOTENVWB1 1.4.0
2025-02-17 11:12:05,741 [INFO] ThirdParty:1030 - CMSIS Pack Vendor :STMicroelectronics X-CUBE-AZRTOS-F4 1.1.0
2025-02-17 11:12:05,741 [INFO] ThirdParty:1030 - CMSIS Pack Vendor :STMicroelectronics LIBJPEG 8.0.0
2025-02-17 11:12:05,741 [INFO] ThirdParty:1030 - CMSIS Pack Vendor :STMicroelectronics FP-ATR-ASTRA1 2.0.1
2025-02-17 11:12:05,741 [INFO] ThirdParty:1030 - CMSIS Pack Vendor :STMicroelectronics X-CUBE-SMBUS 2.1.0
2025-02-17 11:12:05,741 [INFO] ThirdParty:1030 - CMSIS Pack Vendor :STMicroelectronics X-CUBE-WB05N 1.1.0
2025-02-17 11:12:05,741 [INFO] ThirdParty:1030 - CMSIS Pack Vendor :STMicroelectronics USB_DEVICE 3.0.0
2025-02-17 11:12:05,741 [INFO] ThirdParty:1030 - CMSIS Pack Vendor :STMicroelectronics X-CUBE-TCPP 4.1.0
2025-02-17 11:12:05,741 [INFO] ThirdParty:1030 - CMSIS Pack Vendor :STMicroelectronics X-CUBE-ISPU 2.1.0
2025-02-17 11:12:05,741 [INFO] ThirdParty:1030 - CMSIS Pack Vendor :STMicroelectronics X-CUBE-FREERTOS 1.2.0
2025-02-17 11:12:05,741 [INFO] ThirdParty:1030 - CMSIS Pack Vendor :STMicroelectronics X-CUBE-IPS 3.0.0
2025-02-17 11:12:05,741 [INFO] ThirdParty:1030 - CMSIS Pack Vendor :STMicroelectronics X-CUBE-AZRTOS-WB 2.0.0
2025-02-17 11:12:05,741 [INFO] ThirdParty:1030 - CMSIS Pack Vendor :STMicroelectronics X-CUBE-GNSS1 7.0.0
2025-02-17 11:12:05,741 [INFO] ThirdParty:1030 - CMSIS Pack Vendor :STMicroelectronics X-CUBE-GNSS1 7.0.1
2025-02-17 11:12:05,741 [INFO] ThirdParty:1030 - CMSIS Pack Vendor :STMicroelectronics X-CUBE-AZRTOS-F7 1.1.0
2025-02-17 11:12:05,741 [INFO] ThirdParty:1030 - CMSIS Pack Vendor :STMicroelectronics X-CUBE-AZRTOS-L5 2.0.0
2025-02-17 11:12:05,741 [INFO] ThirdParty:1030 - CMSIS Pack Vendor :STMicroelectronics USB_DEVICE 2.0.0
2025-02-17 11:12:05,741 [INFO] ThirdParty:1030 - CMSIS Pack Vendor :STMicroelectronics X-CUBE-NFC6 3.1.0
2025-02-17 11:12:05,741 [INFO] ThirdParty:1030 - CMSIS Pack Vendor :STMicroelectronics FP-SNS-STBOX1 2.0.0
2025-02-17 11:12:05,741 [INFO] ThirdParty:1030 - CMSIS Pack Vendor :STMicroelectronics X-CUBE-MEMS1 11.0.0
2025-02-17 11:12:05,741 [INFO] ThirdParty:1030 - CMSIS Pack Vendor :STMicroelectronics FreeRTOS 0.0.1
2025-02-17 11:12:05,741 [INFO] ThirdParty:1030 - CMSIS Pack Vendor :STMicroelectronics X-CUBE-AZRTOS-G0 1.1.0
2025-02-17 11:12:05,741 [INFO] ThirdParty:1030 - CMSIS Pack Vendor :STMicroelectronics X-CUBE-SAFEA1 1.2.2
2025-02-17 11:12:05,741 [INFO] ThirdParty:1030 - CMSIS Pack Vendor :STMicroelectronics X-CUBE-NFC4 3.0.0
2025-02-17 11:12:05,741 [INFO] ThirdParty:1030 - CMSIS Pack Vendor :STMicroelectronics X-CUBE-DPower 1.2.0
2025-02-17 11:12:05,741 [INFO] ThirdParty:1030 - CMSIS Pack Vendor :STMicroelectronics X-CUBE-SUBG2 5.0.0
2025-02-17 11:12:05,741 [INFO] ThirdParty:1030 - CMSIS Pack Vendor :STMicroelectronics STM32_WPAN 1.0.0
2025-02-17 11:12:05,742 [INFO] ThirdParty:1030 - CMSIS Pack Vendor :EmbeddedOffice I-CUBE-FS-RTOS 1.0.1
2025-02-17 11:12:05,742 [INFO] ThirdParty:1030 - CMSIS Pack Vendor :STMicroelectronics lwIP 2.0.3
2025-02-17 11:12:05,742 [INFO] ThirdParty:1030 - CMSIS Pack Vendor :STMicroelectronics FP-SNS-FLIGHT1 5.0.2
2025-02-17 11:12:05,742 [INFO] ThirdParty:1030 - CMSIS Pack Vendor :Cesanta I-CUBE-Mongoose 7.13.0
2025-02-17 11:12:05,742 [INFO] ThirdParty:1030 - CMSIS Pack Vendor :STMicroelectronics USB_HOST 1.0.0
2025-02-17 11:12:05,742 [INFO] ThirdParty:1030 - CMSIS Pack Vendor :STMicroelectronics X-CUBE-AZRTOS-G4 2.0.0
2025-02-17 11:12:05,742 [INFO] ThirdParty:1030 - CMSIS Pack Vendor :STMicroelectronics PDM2PCM 3.1.0
2025-02-17 11:12:05,742 [INFO] ThirdParty:1030 - CMSIS Pack Vendor :STMicroelectronics PDM2PCM 3.3.0
2025-02-17 11:12:05,742 [INFO] ThirdParty:1030 - CMSIS Pack Vendor :STMicroelectronics X-CUBE-DISPLAY 3.0.0
2025-02-17 11:12:05,742 [INFO] ThirdParty:1030 - CMSIS Pack Vendor :RealThread X-CUBE-RT-Thread_Nano 4.1.1
2025-02-17 11:12:05,742 [INFO] ThirdParty:1030 - CMSIS Pack Vendor :STMicroelectronics X-CUBE-BLE1 7.0.0
2025-02-17 11:12:05,742 [INFO] ThirdParty:1030 - CMSIS Pack Vendor :STMicroelectronics FP-ATR-SIGFOX1 3.2.0
2025-02-17 11:12:05,742 [INFO] ThirdParty:1030 - CMSIS Pack Vendor :STMicroelectronics X-CUBE-NFC10 1.0.0
2025-02-17 11:12:05,742 [INFO] ThirdParty:1030 - CMSIS Pack Vendor :quantropi X-CUBE-qispace-sdk-base 1.9.3
2025-02-17 11:12:05,742 [INFO] ThirdParty:1030 - CMSIS Pack Vendor :STMicroelectronics X-CUBE-BLEMGR 4.0.0
2025-02-17 11:12:05,742 [INFO] ThirdParty:1030 - CMSIS Pack Vendor :STMicroelectronics X-CUBE-EEPRMA1 5.1.0
2025-02-17 11:12:05,742 [INFO] ThirdParty:1030 - CMSIS Pack Vendor :STMicroelectronics HAL Drivers 0.0.0
2025-02-17 11:12:05,742 [INFO] ThirdParty:1030 - CMSIS Pack Vendor :STMicroelectronics MBEDTLS 2.16.2
2025-02-17 11:12:05,742 [INFO] ThirdParty:1030 - CMSIS Pack Vendor :STMicroelectronics X-CUBE-ALS 1.0.2
2025-02-17 11:12:05,742 [INFO] ThirdParty:1030 - CMSIS Pack Vendor :emotas I-CUBE-CANOPEN 1.3.0
2025-02-17 11:12:05,742 [INFO] ThirdParty:1030 - CMSIS Pack Vendor :STMicroelectronics X-CUBE-FREERTOS 1.3.0
2025-02-17 11:12:05,742 [INFO] ThirdParty:1030 - CMSIS Pack Vendor :wolfSSL I-CUBE-wolfSSL 5.7.4
2025-02-17 11:12:05,742 [INFO] ThirdParty:1030 - CMSIS Pack Vendor :STMicroelectronics X-CUBE-NFC7 1.0.1
2025-02-17 11:12:05,742 [INFO] ThirdParty:1030 - CMSIS Pack Vendor :STMicroelectronics MBEDTLS 2.14.1
2025-02-17 11:12:05,742 [INFO] ThirdParty:1030 - CMSIS Pack Vendor :ITTIA_DB I-CUBE-ITTIADB 8.9.0
2025-02-17 11:12:05,742 [INFO] ThirdParty:1030 - CMSIS Pack Vendor :STMicroelectronics X-CUBE-TOUCHGFX 4.24.2
2025-02-17 11:12:05,742 [INFO] ThirdParty:1030 - CMSIS Pack Vendor :STMicroelectronics X-CUBE-TOUCHGFX 4.24.1
2025-02-17 11:12:05,742 [INFO] ThirdParty:1030 - CMSIS Pack Vendor :wolfSSL I-CUBE-wolfTPM 3.4.0
2025-02-17 11:12:05,742 [INFO] ThirdParty:1030 - CMSIS Pack Vendor :portGmbH I-Cube-SoM-uGOAL 1.1.0
2025-02-17 11:12:05,742 [INFO] ThirdParty:1030 - CMSIS Pack Vendor :STMicroelectronics X-CUBE-BLEMGR 3.1.0
2025-02-17 11:12:05,742 [INFO] ThirdParty:1030 - CMSIS Pack Vendor :STMicroelectronics X-CUBE-AI 10.0.0
2025-02-17 11:12:05,742 [INFO] ThirdParty:1030 - CMSIS Pack Vendor :STMicroelectronics ThreadX 1.0.0
2025-02-17 11:12:05,742 [INFO] ThirdParty:1030 - CMSIS Pack Vendor :STMicroelectronics FP-SNS-SMARTAG2 1.2.0
2025-02-17 11:12:05,742 [INFO] ThirdParty:1030 - CMSIS Pack Vendor :STMicroelectronics X-CUBE-MEMS1 11.1.0
2025-02-17 11:12:05,742 [INFO] ThirdParty:1030 - CMSIS Pack Vendor :STMicroelectronics X-CUBE-AZRTOS-WL 2.0.0
2025-02-17 11:12:05,742 [INFO] ThirdParty:1030 - CMSIS Pack Vendor :SEGGER I-CUBE-embOS 1.3.1
2025-02-17 11:12:05,742 [INFO] ThirdParty:1030 - CMSIS Pack Vendor :STMicroelectronics X-CUBE-ALGOBUILD 1.4.0
2025-02-17 11:12:05,742 [INFO] ThirdParty:1030 - CMSIS Pack Vendor :STMicroelectronics FP-SNS-MOTENV1 5.0.0
2025-02-17 11:12:05,742 [INFO] ThirdParty:1030 - CMSIS Pack Vendor :STMicroelectronics USB_DEVICE 1.0.0
2025-02-17 11:12:05,742 [INFO] ThirdParty:1030 - CMSIS Pack Vendor :STMicroelectronics X-CUBE-AZRTOS-H7RS 1.0.0
2025-02-17 11:12:05,742 [INFO] ThirdParty:1030 - CMSIS Pack Vendor :wolfSSL I-CUBE-wolfMQTT 1.19.0
2025-02-17 11:12:05,742 [INFO] ThirdParty:1030 - CMSIS Pack Vendor :STMicroelectronics X-CUBE-AZRTOS-L4 2.0.0
2025-02-17 11:12:05,742 [INFO] ThirdParty:1030 - CMSIS Pack Vendor :STMicroelectronics ThreadX 0.0.2
2025-02-17 11:12:05,742 [INFO] ThirdParty:1030 - CMSIS Pack Vendor :WES I-CUBE-Cesium 1.3.0
2025-02-17 11:12:05,742 [INFO] ThirdParty:1030 - CMSIS Pack Vendor :STMicroelectronics lwIP 2.1.2
2025-02-17 11:12:05,742 [INFO] ThirdParty:1030 - CMSIS Pack Vendor :STMicroelectronics X-CUBE-SFXS2LP1 4.0.0
2025-02-17 11:12:05,742 [INFO] ThirdParty:1030 - CMSIS Pack Vendor :STMicroelectronics X-CUBE-BLE2 3.3.0
2025-02-17 11:12:05,742 [INFO] ThirdParty:1030 - CMSIS Pack Vendor :STMicroelectronics X-CUBE-TOF1 3.4.2
2025-02-17 11:12:05,742 [INFO] ThirdParty:1030 - CMSIS Pack Vendor :STMicroelectronics X-CUBE-AI 9.1.0
2025-02-17 11:12:05,742 [INFO] ThirdParty:1030 - CMSIS Pack Vendor :Infineon AIROC-Wi-Fi-Bluetooth-STM32 1.6.1
2025-02-17 11:12:05,742 [INFO] ThirdParty:1030 - CMSIS Pack Vendor :STMicroelectronics PDM2PCM 3.2.0
2025-02-17 11:12:05,742 [INFO] ThirdParty:1030 - CMSIS Pack Vendor :wolfSSL I-CUBE-wolfSSH 1.4.17
2025-02-17 11:12:05,742 [INFO] ThirdParty:841 - exiting critical section [change project]
2025-02-17 11:12:06,083 [INFO] PinOutPanel:1561 - setPackage(No Configuration,No Configuration)
2025-02-17 11:12:06,084 [INFO] PinOutPanel:1561 - setPackage(STM32F407VGTx,LQFP100)
2025-02-17 11:12:06,201 [INFO] UtilMem:75 - Before build in PCC Used Memory: 903907424 Bytes (1073741824)
2025-02-17 11:12:06,338 [INFO] UtilMem:75 - After build in PCC Used Memory: 948996192 Bytes (1073741824)
2025-02-17 11:12:06,367 [INFO] IPUIPlugin:80 - create IPUIPlugin
2025-02-17 11:12:06,367 [INFO] IPUIPlugin:80 - create IPUIPlugin
2025-02-17 11:12:06,367 [INFO] IPUIPlugin:80 - create IPUIPlugin
2025-02-17 11:12:06,367 [INFO] IPUIPlugin:80 - create IPUIPlugin
2025-02-17 11:12:06,367 [INFO] IPUIPlugin:80 - create IPUIPlugin
2025-02-17 11:12:06,367 [INFO] IPUIPlugin:80 - create IPUIPlugin
2025-02-17 11:12:06,367 [INFO] IPUIPlugin:80 - create IPUIPlugin
2025-02-17 11:12:06,367 [INFO] IPUIPlugin:80 - create IPUIPlugin
2025-02-17 11:12:06,368 [INFO] IPUIPlugin:80 - create IPUIPlugin
2025-02-17 11:12:06,368 [INFO] IPUIPlugin:80 - create IPUIPlugin
2025-02-17 11:12:06,368 [INFO] IPUIPlugin:80 - create IPUIPlugin
2025-02-17 11:12:06,368 [INFO] IPUIPlugin:80 - create IPUIPlugin
2025-02-17 11:12:06,368 [INFO] IPUIPlugin:80 - create IPUIPlugin
2025-02-17 11:12:06,368 [INFO] IPUIPlugin:80 - create IPUIPlugin
2025-02-17 11:12:06,368 [INFO] IPUIPlugin:80 - create IPUIPlugin
2025-02-17 11:12:06,368 [INFO] IPUIPlugin:80 - create IPUIPlugin
2025-02-17 11:12:06,368 [INFO] IPUIPlugin:80 - create IPUIPlugin
2025-02-17 11:12:06,368 [INFO] IPUIPlugin:80 - create IPUIPlugin
2025-02-17 11:12:06,368 [INFO] IPUIPlugin:80 - create IPUIPlugin
2025-02-17 11:12:06,368 [INFO] IPUIPlugin:80 - create IPUIPlugin
2025-02-17 11:12:06,368 [INFO] IPUIPlugin:80 - create IPUIPlugin
2025-02-17 11:12:06,368 [INFO] IPUIPlugin:80 - create IPUIPlugin
2025-02-17 11:12:06,368 [INFO] IPUIPlugin:80 - create IPUIPlugin
2025-02-17 11:12:06,369 [INFO] IPUIPlugin:80 - create IPUIPlugin
2025-02-17 11:12:06,369 [INFO] IPUIPlugin:80 - create IPUIPlugin
2025-02-17 11:12:06,369 [INFO] IPUIPlugin:80 - create IPUIPlugin
2025-02-17 11:12:06,369 [INFO] IPUIPlugin:80 - create IPUIPlugin
2025-02-17 11:12:06,369 [INFO] IPUIPlugin:80 - create IPUIPlugin
2025-02-17 11:12:06,369 [INFO] IPUIPlugin:80 - create IPUIPlugin
2025-02-17 11:12:06,369 [INFO] IPUIPlugin:80 - create IPUIPlugin
2025-02-17 11:12:06,369 [INFO] IPUIPlugin:80 - create IPUIPlugin
2025-02-17 11:12:06,369 [INFO] IPUIPlugin:80 - create IPUIPlugin
2025-02-17 11:12:06,369 [INFO] IPUIPlugin:80 - create IPUIPlugin
2025-02-17 11:12:06,369 [INFO] IPUIPlugin:80 - create IPUIPlugin
2025-02-17 11:12:06,370 [INFO] IPUIPlugin:80 - create IPUIPlugin
2025-02-17 11:12:06,370 [INFO] IPUIPlugin:80 - create IPUIPlugin
2025-02-17 11:12:06,370 [INFO] IPUIPlugin:80 - create IPUIPlugin
2025-02-17 11:12:06,370 [INFO] IPUIPlugin:80 - create IPUIPlugin
2025-02-17 11:12:06,370 [INFO] IPUIPlugin:80 - create IPUIPlugin
2025-02-17 11:12:06,370 [INFO] IPUIPlugin:80 - create IPUIPlugin
2025-02-17 11:12:06,370 [INFO] IPUIPlugin:80 - create IPUIPlugin
2025-02-17 11:12:06,370 [INFO] IPUIPlugin:80 - create IPUIPlugin
2025-02-17 11:12:06,370 [INFO] IPUIPlugin:80 - create IPUIPlugin
2025-02-17 11:12:06,370 [INFO] IPUIPlugin:80 - create IPUIPlugin
2025-02-17 11:12:06,371 [INFO] IPUIPlugin:80 - create IPUIPlugin
2025-02-17 11:12:06,371 [INFO] IPUIPlugin:80 - create IPUIPlugin
2025-02-17 11:12:06,371 [INFO] IPUIPlugin:80 - create IPUIPlugin
2025-02-17 11:12:06,371 [INFO] IPUIPlugin:80 - create IPUIPlugin
2025-02-17 11:12:06,371 [INFO] IPUIPlugin:80 - create IPUIPlugin
2025-02-17 11:12:06,371 [INFO] IPUIPlugin:80 - create IPUIPlugin
2025-02-17 11:12:06,371 [INFO] IPUIPlugin:80 - create IPUIPlugin
2025-02-17 11:12:06,371 [INFO] IPUIPlugin:80 - create IPUIPlugin
2025-02-17 11:12:06,371 [INFO] IPUIPlugin:80 - create IPUIPlugin
2025-02-17 11:12:06,371 [INFO] IPUIPlugin:80 - create IPUIPlugin
2025-02-17 11:12:06,371 [INFO] IPUIPlugin:80 - create IPUIPlugin
2025-02-17 11:12:06,372 [INFO] IPUIPlugin:80 - create IPUIPlugin
2025-02-17 11:12:06,372 [INFO] IPUIPlugin:80 - create IPUIPlugin
2025-02-17 11:12:06,372 [INFO] IPUIPlugin:80 - create IPUIPlugin
2025-02-17 11:12:06,374 [INFO] ApiDbMcu:508 - Load IP Config File for PDM2PCM
2025-02-17 11:12:06,389 [INFO] CADModel:165 - CPN selected for project levelSTM32F407VGT6
2025-02-17 11:12:06,389 [INFO] CADModel:114 - Register for checkConnection events
2025-02-17 11:12:06,436 [INFO] OpenFileManager:363 - Restore cursor
2025-02-17 11:12:13,377 [INFO] Gpio:277 - dependency for GPIO []
2025-02-17 11:12:19,676 [INFO] NvicIntPanel:101 - NVIC parent = com.st.microxplorer.plugins.ip.nvic.MultiNvicIntPanel[,2,27,490x645,layout=javax.swing.BoxLayout,alignmentX=0.0,alignmentY=0.0,border=,flags=9,maximumSize=,minimumSize=,preferredSize=]
2025-02-17 11:57:17,434 [INFO] MainUpdater:2873 - connection check result : 10
2025-02-17 11:57:17,434 [INFO] MainUpdater:2873 - connection check result : 10
2025-02-17 11:57:17,487 [INFO] MicroXplorer:468 - Change Database Path : 
2025-02-17 11:57:17,487 [INFO] MicroXplorer:498 - Change Database Version : DB.6.0.121
2025-02-17 11:57:17,497 [ERROR] ProjectManagerView:394 - 
java.lang.NullPointerException: Cannot invoke "javax.swing.JTextField.getText()" because the return value of "java.util.List.get(int)" is null
	at com.st.microxplorer.plugins.projectmanager.gui.ProjectChoiceTab$10.caretUpdate(ProjectChoiceTab.java:2622) ~[filemanager.jar:?]
	at javax.swing.text.JTextComponent.fireCaretUpdate(JTextComponent.java:412) ~[?:?]
	at javax.swing.text.JTextComponent$MutableCaretEvent.fire(JTextComponent.java:4491) ~[?:?]
	at javax.swing.text.JTextComponent$MutableCaretEvent.stateChanged(JTextComponent.java:4513) ~[?:?]
	at javax.swing.text.DefaultCaret.fireStateChanged(DefaultCaret.java:842) ~[?:?]
	at javax.swing.text.DefaultCaret.changeCaretPosition(DefaultCaret.java:1313) ~[?:?]
	at javax.swing.text.DefaultCaret.handleSetDot(DefaultCaret.java:1212) ~[?:?]
	at javax.swing.text.DefaultCaret.setDot(DefaultCaret.java:1193) ~[?:?]
	at javax.swing.text.DefaultCaret$Handler.insertUpdate(DefaultCaret.java:1789) ~[?:?]
	at javax.swing.text.AbstractDocument.fireInsertUpdate(AbstractDocument.java:226) ~[?:?]
	at javax.swing.text.AbstractDocument.handleInsertString(AbstractDocument.java:780) ~[?:?]
	at javax.swing.text.AbstractDocument.insertString(AbstractDocument.java:739) ~[?:?]
	at javax.swing.text.PlainDocument.insertString(PlainDocument.java:131) ~[?:?]
	at javax.swing.text.AbstractDocument.replace(AbstractDocument.java:698) ~[?:?]
	at javax.swing.text.JTextComponent.setText(JTextComponent.java:1729) ~[?:?]
	at com.st.microxplorer.plugins.projectmanager.gui.ProjectChoiceTab.createHeapStackFields(ProjectChoiceTab.java:972) ~[filemanager.jar:?]
	at com.st.microxplorer.plugins.projectmanager.gui.ProjectChoiceTab.buildLinkSettingsPanel(ProjectChoiceTab.java:3597) ~[filemanager.jar:?]
	at com.st.microxplorer.plugins.projectmanager.gui.ProjectChoiceTab.defineWindowsFields(ProjectChoiceTab.java:1940) ~[filemanager.jar:?]
	at com.st.microxplorer.plugins.projectmanager.gui.ProjectChoiceTab.updateSettings(ProjectChoiceTab.java:550) ~[filemanager.jar:?]
	at com.st.microxplorer.plugins.projectmanager.gui.ProjectSettingsPanel.UpdateDialog(ProjectSettingsPanel.java:245) ~[filemanager.jar:?]
	at com.st.microxplorer.plugins.projectmanager.ProjectManagerView.propertyChange(ProjectManagerView.java:391) ~[filemanager.jar:?]
	at java.beans.PropertyChangeSupport.fire(PropertyChangeSupport.java:343) ~[?:?]
	at java.beans.PropertyChangeSupport.firePropertyChange(PropertyChangeSupport.java:335) ~[?:?]
	at java.beans.PropertyChangeSupport.firePropertyChange(PropertyChangeSupport.java:268) ~[?:?]
	at com.st.microxplorer.util.MXPropertyChangeSupport.firePropertyChange(MXPropertyChangeSupport.java:54) ~[STM32CubeMX.jar:?]
	at com.st.microxplorer.mxsystem.MxSystem.closeConfig(MxSystem.java:900) ~[STM32CubeMX.jar:?]
	at com.st.microxplorer.maingui.MainPanel.closeConfig(MainPanel.java:781) ~[STM32CubeMX.jar:?]
	at com.st.microxplorer.plugins.filemanager.engine.OpenFileManager.loadConfigurationFile(OpenFileManager.java:265) ~[filemanager.jar:?]
	at com.st.microxplorer.plugins.filemanager.engine.MainFileManager.userLoadConfig(MainFileManager.java:352) ~[filemanager.jar:?]
	at com.st.microxplorer.plugins.filemanager.engine.MainFileManager.userLoadConfig(MainFileManager.java:330) ~[filemanager.jar:?]
	at com.st.microxplorer.plugins.filemanager.FileManagerView.getSpecificTask(FileManagerView.java:246) ~[filemanager.jar:?]
	at com.st.stm32cube.common.mx.editor.CubeMxEditor.getMxTabbedPaneInstance(CubeMxEditor.java:1198) ~[com.st.stm32cube.common.mx_6.12.1.202409122256/:?]
	at com.st.stm32cube.common.mx.editor.CubeMxEditor$12$1.createSwingComponent(CubeMxEditor.java:1068) ~[com.st.stm32cube.common.mx_6.12.1.202409122256/:?]
	at com.st.stm32cube.common.mx.oss.core.awtswtbridge.EmbeddedSwingComposite.doComponentCreation(EmbeddedSwingComposite.java:492) ~[com.st.stm32cube.common.mx.oss_6.12.1.202409122256/:?]
	at com.st.stm32cube.common.mx.oss.core.awtswtbridge.EmbeddedSwingComposite$4.run(EmbeddedSwingComposite.java:291) ~[com.st.stm32cube.common.mx.oss_6.12.1.202409122256/:?]
	at com.st.stm32cube.common.mx.oss.core.awtswtbridge.AwtEnvironment$2.run(AwtEnvironment.java:166) ~[com.st.stm32cube.common.mx.oss_6.12.1.202409122256/:?]
	at java.awt.event.InvocationEvent.dispatch(InvocationEvent.java:318) ~[?:?]
	at java.awt.EventQueue.dispatchEventImpl(EventQueue.java:773) ~[?:?]
	at java.awt.EventQueue$4.run(EventQueue.java:720) ~[?:?]
	at java.awt.EventQueue$4.run(EventQueue.java:714) ~[?:?]
	at java.security.AccessController.doPrivileged(AccessController.java:399) ~[?:?]
	at java.security.ProtectionDomain$JavaSecurityAccessImpl.doIntersectionPrivilege(ProtectionDomain.java:86) ~[?:?]
	at java.awt.EventQueue.dispatchEvent(EventQueue.java:742) ~[?:?]
	at java.awt.EventDispatchThread.pumpOneEventForFilters(EventDispatchThread.java:203) ~[?:?]
	at java.awt.EventDispatchThread.pumpEventsForFilter(EventDispatchThread.java:124) ~[?:?]
	at java.awt.EventDispatchThread.pumpEventsForHierarchy(EventDispatchThread.java:113) ~[?:?]
	at java.awt.EventDispatchThread.pumpEvents(EventDispatchThread.java:109) ~[?:?]
	at java.awt.EventDispatchThread.pumpEvents(EventDispatchThread.java:101) ~[?:?]
	at java.awt.EventDispatchThread.run(EventDispatchThread.java:90) ~[?:?]
2025-02-17 11:57:17,501 [WARN] ThirdParty:871 - waiting for thirdparty lock release [close project]
2025-02-17 11:57:17,501 [INFO] ThirdParty:873 - entering critical section [close project]
2025-02-17 11:57:17,501 [INFO] ThirdParty:883 - exiting critical section [close project]
2025-02-17 11:57:17,502 [INFO] PinOutPanel:1561 - setPackage(No Configuration,No Configuration)
2025-02-17 11:57:17,508 [WARN] IpParametersView:151 - Warning: This peripheral hasn't parameters
2025-02-17 11:57:17,511 [WARN] MainPanel:284 - <html><b><center>Warning: This peripheral has no parameters to be configured<br></b></html>
2025-02-17 11:57:17,513 [INFO] UtilMem:75 - Begin LoadConfig() Used Memory: 786951880 Bytes (1073741824)
2025-02-17 11:57:17,513 [INFO] MicroXplorer:468 - Change Database Path : 
2025-02-17 11:57:17,513 [INFO] MicroXplorer:498 - Change Database Version : DB.6.0.121
2025-02-17 11:57:17,513 [INFO] OpenFileManager:332 - Change cursor
2025-02-17 11:57:17,522 [INFO] Mcu:2032 - Initializing MCU STM32F407V(E-G)Tx STM32F407VGTx STM32F407VGT6
2025-02-17 11:57:19,438 [INFO] Context:742 - Trying to add GPIOservice into a context  which must be forbidden
2025-02-17 11:57:19,671 [INFO] RtosManager:555 - Registered RTOS mode: class=CMSIS, group=RTOS, mode=CMSIS_V1, owner=FREERTOS
2025-02-17 11:57:19,671 [INFO] RtosManager:555 - Registered RTOS mode: class=CMSIS, group=RTOS2, mode=CMSIS_V2, owner=FREERTOS
2025-02-17 11:57:19,671 [INFO] RtosManager:555 - Registered RTOS mode: class=RTOS, group=Core, mode=CMSIS_V1, owner=FREERTOS
2025-02-17 11:57:19,671 [INFO] RtosManager:555 - Registered RTOS mode: class=RTOS, group=Core, mode=CMSIS_V2, owner=FREERTOS
2025-02-17 11:57:19,671 [WARN] ModelIntegratedComponent:184 - Missing modes for component STMicroelectronics:FreeRTOS:0.0.1:STMicroelectronics:RTOS:FreeRTOS:Core:::10.2.0:
2025-02-17 11:57:19,675 [WARN] ModelIntegratedComponent:63 - No mode defined for component null
2025-02-17 11:57:19,675 [WARN] ModelIntegratedComponent:63 - No mode defined for component null
2025-02-17 11:57:19,675 [WARN] ModelIntegratedComponent:63 - No mode defined for component null
2025-02-17 11:57:19,675 [WARN] ModelIntegratedComponent:63 - No mode defined for component null
2025-02-17 11:57:19,675 [WARN] ModelIntegratedComponent:63 - No mode defined for component null
2025-02-17 11:57:19,675 [WARN] ModelIntegratedComponent:63 - No mode defined for component null
2025-02-17 11:57:19,675 [WARN] ModelIntegratedComponent:63 - No mode defined for component null
2025-02-17 11:57:19,675 [WARN] ModelIntegratedComponent:63 - No mode defined for component null
2025-02-17 11:57:19,675 [WARN] ModelIntegratedComponent:63 - No mode defined for component null
2025-02-17 11:57:19,675 [WARN] ModelIntegratedComponent:63 - No mode defined for component null
2025-02-17 11:57:19,675 [WARN] ModelIntegratedComponent:63 - No mode defined for component null
2025-02-17 11:57:19,675 [WARN] ModelIntegratedComponent:63 - No mode defined for component null
2025-02-17 11:57:19,675 [WARN] ModelIntegratedComponent:63 - No mode defined for component null
2025-02-17 11:57:19,675 [WARN] ModelIntegratedComponent:63 - No mode defined for component null
2025-02-17 11:57:19,675 [WARN] ModelIntegratedComponent:63 - No mode defined for component null
2025-02-17 11:57:19,675 [WARN] ModelIntegratedComponent:63 - No mode defined for component null
2025-02-17 11:57:19,675 [WARN] ModelIntegratedComponent:63 - No mode defined for component null
2025-02-17 11:57:19,675 [WARN] ModelIntegratedComponent:63 - No mode defined for component null
2025-02-17 11:57:19,675 [WARN] ModelIntegratedComponent:63 - No mode defined for component null
2025-02-17 11:57:19,676 [WARN] ModelIntegratedComponent:63 - No mode defined for component null
2025-02-17 11:57:19,676 [WARN] ModelIntegratedComponent:63 - No mode defined for component null
2025-02-17 11:57:19,676 [WARN] ModelIntegratedComponent:63 - No mode defined for component null
2025-02-17 11:57:19,676 [WARN] ModelIntegratedComponent:63 - No mode defined for component null
2025-02-17 11:57:19,676 [WARN] ModelIntegratedComponent:63 - No mode defined for component null
2025-02-17 11:57:19,676 [WARN] ModelIntegratedComponent:63 - No mode defined for component null
2025-02-17 11:57:19,676 [WARN] ModelIntegratedComponent:63 - No mode defined for component null
2025-02-17 11:57:19,676 [WARN] ModelIntegratedComponent:63 - No mode defined for component null
2025-02-17 11:57:19,676 [WARN] ModelIntegratedComponent:63 - No mode defined for component null
2025-02-17 11:57:19,676 [WARN] ModelIntegratedComponent:63 - No mode defined for component null
2025-02-17 11:57:19,676 [WARN] ModelIntegratedComponent:63 - No mode defined for component null
2025-02-17 11:57:19,676 [WARN] ModelIntegratedComponent:63 - No mode defined for component null
2025-02-17 11:57:19,676 [WARN] ModelIntegratedComponent:63 - No mode defined for component null
2025-02-17 11:57:19,676 [WARN] ModelIntegratedComponent:63 - No mode defined for component null
2025-02-17 11:57:19,676 [WARN] ModelIntegratedComponent:63 - No mode defined for component null
2025-02-17 11:57:19,676 [WARN] ModelIntegratedComponent:63 - No mode defined for component null
2025-02-17 11:57:19,676 [WARN] ModelPack:524 - Component already loaded: STMicroelectronics:HAL Drivers:0.0.0:STMicroelectronics:Device:STMicro_Driver:XSPI:HAL::0.0.1:HAL_XSPI
2025-02-17 11:57:19,740 [INFO] ThirdPartyModel:298 - Start build external matchings
2025-02-17 11:57:20,260 [INFO] ThirdPartyModel:316 - End build external matchings
2025-02-17 11:57:20,891 [INFO] UtilMem:75 - End LoadConfig() Used Memory: 707304680 Bytes (1073741824)
2025-02-17 11:57:20,913 [WARN] ThirdParty:833 - waiting for thirdparty lock release [change project]
2025-02-17 11:57:20,913 [INFO] ThirdParty:835 - entering critical section [change project]
2025-02-17 11:57:20,913 [INFO] ThirdParty:1030 - CMSIS Pack Vendor :STMicroelectronics USBPD 4.1
2025-02-17 11:57:20,913 [INFO] ThirdParty:1030 - CMSIS Pack Vendor :STMicroelectronics X-CUBE-AZRTOS-H7 3.3.0
2025-02-17 11:57:20,913 [INFO] ThirdParty:1030 - CMSIS Pack Vendor :STMicroelectronics X-CUBE-NFC9 1.0.0
2025-02-17 11:57:20,913 [INFO] ThirdParty:1030 - CMSIS Pack Vendor :STMicroelectronics USB_HOST 2.0.0
2025-02-17 11:57:20,913 [INFO] ThirdParty:1030 - CMSIS Pack Vendor :STMicroelectronics FP-SNS-MOTENVWB1 1.4.0
2025-02-17 11:57:20,913 [INFO] ThirdParty:1030 - CMSIS Pack Vendor :STMicroelectronics X-CUBE-AZRTOS-F4 1.1.0
2025-02-17 11:57:20,913 [INFO] ThirdParty:1030 - CMSIS Pack Vendor :STMicroelectronics LIBJPEG 8.0.0
2025-02-17 11:57:20,913 [INFO] ThirdParty:1030 - CMSIS Pack Vendor :STMicroelectronics FP-ATR-ASTRA1 2.0.1
2025-02-17 11:57:20,913 [INFO] ThirdParty:1030 - CMSIS Pack Vendor :STMicroelectronics X-CUBE-SMBUS 2.1.0
2025-02-17 11:57:20,913 [INFO] ThirdParty:1030 - CMSIS Pack Vendor :STMicroelectronics X-CUBE-WB05N 1.1.0
2025-02-17 11:57:20,913 [INFO] ThirdParty:1030 - CMSIS Pack Vendor :STMicroelectronics USB_DEVICE 3.0.0
2025-02-17 11:57:20,913 [INFO] ThirdParty:1030 - CMSIS Pack Vendor :STMicroelectronics X-CUBE-TCPP 4.1.0
2025-02-17 11:57:20,913 [INFO] ThirdParty:1030 - CMSIS Pack Vendor :STMicroelectronics X-CUBE-ISPU 2.1.0
2025-02-17 11:57:20,913 [INFO] ThirdParty:1030 - CMSIS Pack Vendor :STMicroelectronics X-CUBE-FREERTOS 1.2.0
2025-02-17 11:57:20,913 [INFO] ThirdParty:1030 - CMSIS Pack Vendor :STMicroelectronics X-CUBE-IPS 3.0.0
2025-02-17 11:57:20,913 [INFO] ThirdParty:1030 - CMSIS Pack Vendor :STMicroelectronics X-CUBE-AZRTOS-WB 2.0.0
2025-02-17 11:57:20,913 [INFO] ThirdParty:1030 - CMSIS Pack Vendor :STMicroelectronics X-CUBE-GNSS1 7.0.0
2025-02-17 11:57:20,913 [INFO] ThirdParty:1030 - CMSIS Pack Vendor :STMicroelectronics X-CUBE-GNSS1 7.0.1
2025-02-17 11:57:20,913 [INFO] ThirdParty:1030 - CMSIS Pack Vendor :STMicroelectronics X-CUBE-AZRTOS-F7 1.1.0
2025-02-17 11:57:20,913 [INFO] ThirdParty:1030 - CMSIS Pack Vendor :STMicroelectronics X-CUBE-AZRTOS-L5 2.0.0
2025-02-17 11:57:20,913 [INFO] ThirdParty:1030 - CMSIS Pack Vendor :STMicroelectronics USB_DEVICE 2.0.0
2025-02-17 11:57:20,913 [INFO] ThirdParty:1030 - CMSIS Pack Vendor :STMicroelectronics X-CUBE-NFC6 3.1.0
2025-02-17 11:57:20,913 [INFO] ThirdParty:1030 - CMSIS Pack Vendor :STMicroelectronics FP-SNS-STBOX1 2.0.0
2025-02-17 11:57:20,913 [INFO] ThirdParty:1030 - CMSIS Pack Vendor :STMicroelectronics X-CUBE-MEMS1 11.0.0
2025-02-17 11:57:20,913 [INFO] ThirdParty:1030 - CMSIS Pack Vendor :STMicroelectronics FreeRTOS 0.0.1
2025-02-17 11:57:20,913 [INFO] ThirdParty:1030 - CMSIS Pack Vendor :STMicroelectronics X-CUBE-AZRTOS-G0 1.1.0
2025-02-17 11:57:20,913 [INFO] ThirdParty:1030 - CMSIS Pack Vendor :STMicroelectronics X-CUBE-SAFEA1 1.2.2
2025-02-17 11:57:20,913 [INFO] ThirdParty:1030 - CMSIS Pack Vendor :STMicroelectronics X-CUBE-NFC4 3.0.0
2025-02-17 11:57:20,913 [INFO] ThirdParty:1030 - CMSIS Pack Vendor :STMicroelectronics X-CUBE-DPower 1.2.0
2025-02-17 11:57:20,913 [INFO] ThirdParty:1030 - CMSIS Pack Vendor :STMicroelectronics X-CUBE-SUBG2 5.0.0
2025-02-17 11:57:20,913 [INFO] ThirdParty:1030 - CMSIS Pack Vendor :STMicroelectronics STM32_WPAN 1.0.0
2025-02-17 11:57:20,913 [INFO] ThirdParty:1030 - CMSIS Pack Vendor :EmbeddedOffice I-CUBE-FS-RTOS 1.0.1
2025-02-17 11:57:20,913 [INFO] ThirdParty:1030 - CMSIS Pack Vendor :STMicroelectronics lwIP 2.0.3
2025-02-17 11:57:20,913 [INFO] ThirdParty:1030 - CMSIS Pack Vendor :STMicroelectronics FP-SNS-FLIGHT1 5.0.2
2025-02-17 11:57:20,913 [INFO] ThirdParty:1030 - CMSIS Pack Vendor :Cesanta I-CUBE-Mongoose 7.13.0
2025-02-17 11:57:20,913 [INFO] ThirdParty:1030 - CMSIS Pack Vendor :STMicroelectronics USB_HOST 1.0.0
2025-02-17 11:57:20,913 [INFO] ThirdParty:1030 - CMSIS Pack Vendor :STMicroelectronics X-CUBE-AZRTOS-G4 2.0.0
2025-02-17 11:57:20,913 [INFO] ThirdParty:1030 - CMSIS Pack Vendor :STMicroelectronics PDM2PCM 3.1.0
2025-02-17 11:57:20,913 [INFO] ThirdParty:1030 - CMSIS Pack Vendor :STMicroelectronics PDM2PCM 3.3.0
2025-02-17 11:57:20,913 [INFO] ThirdParty:1030 - CMSIS Pack Vendor :STMicroelectronics X-CUBE-DISPLAY 3.0.0
2025-02-17 11:57:20,913 [INFO] ThirdParty:1030 - CMSIS Pack Vendor :RealThread X-CUBE-RT-Thread_Nano 4.1.1
2025-02-17 11:57:20,913 [INFO] ThirdParty:1030 - CMSIS Pack Vendor :STMicroelectronics X-CUBE-BLE1 7.0.0
2025-02-17 11:57:20,913 [INFO] ThirdParty:1030 - CMSIS Pack Vendor :STMicroelectronics FP-ATR-SIGFOX1 3.2.0
2025-02-17 11:57:20,913 [INFO] ThirdParty:1030 - CMSIS Pack Vendor :STMicroelectronics X-CUBE-NFC10 1.0.0
2025-02-17 11:57:20,913 [INFO] ThirdParty:1030 - CMSIS Pack Vendor :quantropi X-CUBE-qispace-sdk-base 1.9.3
2025-02-17 11:57:20,913 [INFO] ThirdParty:1030 - CMSIS Pack Vendor :STMicroelectronics X-CUBE-BLEMGR 4.0.0
2025-02-17 11:57:20,914 [INFO] ThirdParty:1030 - CMSIS Pack Vendor :STMicroelectronics X-CUBE-EEPRMA1 5.1.0
2025-02-17 11:57:20,914 [INFO] ThirdParty:1030 - CMSIS Pack Vendor :STMicroelectronics HAL Drivers 0.0.0
2025-02-17 11:57:20,914 [INFO] ThirdParty:1030 - CMSIS Pack Vendor :STMicroelectronics MBEDTLS 2.16.2
2025-02-17 11:57:20,914 [INFO] ThirdParty:1030 - CMSIS Pack Vendor :STMicroelectronics X-CUBE-ALS 1.0.2
2025-02-17 11:57:20,914 [INFO] ThirdParty:1030 - CMSIS Pack Vendor :emotas I-CUBE-CANOPEN 1.3.0
2025-02-17 11:57:20,914 [INFO] ThirdParty:1030 - CMSIS Pack Vendor :STMicroelectronics X-CUBE-FREERTOS 1.3.0
2025-02-17 11:57:20,914 [INFO] ThirdParty:1030 - CMSIS Pack Vendor :wolfSSL I-CUBE-wolfSSL 5.7.4
2025-02-17 11:57:20,914 [INFO] ThirdParty:1030 - CMSIS Pack Vendor :STMicroelectronics X-CUBE-NFC7 1.0.1
2025-02-17 11:57:20,914 [INFO] ThirdParty:1030 - CMSIS Pack Vendor :STMicroelectronics MBEDTLS 2.14.1
2025-02-17 11:57:20,914 [INFO] ThirdParty:1030 - CMSIS Pack Vendor :ITTIA_DB I-CUBE-ITTIADB 8.9.0
2025-02-17 11:57:20,914 [INFO] ThirdParty:1030 - CMSIS Pack Vendor :STMicroelectronics X-CUBE-TOUCHGFX 4.24.2
2025-02-17 11:57:20,914 [INFO] ThirdParty:1030 - CMSIS Pack Vendor :STMicroelectronics X-CUBE-TOUCHGFX 4.24.1
2025-02-17 11:57:20,914 [INFO] ThirdParty:1030 - CMSIS Pack Vendor :wolfSSL I-CUBE-wolfTPM 3.4.0
2025-02-17 11:57:20,914 [INFO] ThirdParty:1030 - CMSIS Pack Vendor :portGmbH I-Cube-SoM-uGOAL 1.1.0
2025-02-17 11:57:20,914 [INFO] ThirdParty:1030 - CMSIS Pack Vendor :STMicroelectronics X-CUBE-BLEMGR 3.1.0
2025-02-17 11:57:20,914 [INFO] ThirdParty:1030 - CMSIS Pack Vendor :STMicroelectronics X-CUBE-AI 10.0.0
2025-02-17 11:57:20,914 [INFO] ThirdParty:1030 - CMSIS Pack Vendor :STMicroelectronics ThreadX 1.0.0
2025-02-17 11:57:20,914 [INFO] ThirdParty:1030 - CMSIS Pack Vendor :STMicroelectronics FP-SNS-SMARTAG2 1.2.0
2025-02-17 11:57:20,914 [INFO] ThirdParty:1030 - CMSIS Pack Vendor :STMicroelectronics X-CUBE-MEMS1 11.1.0
2025-02-17 11:57:20,914 [INFO] ThirdParty:1030 - CMSIS Pack Vendor :STMicroelectronics X-CUBE-AZRTOS-WL 2.0.0
2025-02-17 11:57:20,914 [INFO] ThirdParty:1030 - CMSIS Pack Vendor :SEGGER I-CUBE-embOS 1.3.1
2025-02-17 11:57:20,914 [INFO] ThirdParty:1030 - CMSIS Pack Vendor :STMicroelectronics X-CUBE-ALGOBUILD 1.4.0
2025-02-17 11:57:20,914 [INFO] ThirdParty:1030 - CMSIS Pack Vendor :STMicroelectronics FP-SNS-MOTENV1 5.0.0
2025-02-17 11:57:20,915 [INFO] ThirdParty:1030 - CMSIS Pack Vendor :STMicroelectronics USB_DEVICE 1.0.0
2025-02-17 11:57:20,915 [INFO] ThirdParty:1030 - CMSIS Pack Vendor :STMicroelectronics X-CUBE-AZRTOS-H7RS 1.0.0
2025-02-17 11:57:20,915 [INFO] ThirdParty:1030 - CMSIS Pack Vendor :wolfSSL I-CUBE-wolfMQTT 1.19.0
2025-02-17 11:57:20,915 [INFO] ThirdParty:1030 - CMSIS Pack Vendor :STMicroelectronics X-CUBE-AZRTOS-L4 2.0.0
2025-02-17 11:57:20,915 [INFO] ThirdParty:1030 - CMSIS Pack Vendor :STMicroelectronics ThreadX 0.0.2
2025-02-17 11:57:20,915 [INFO] ThirdParty:1030 - CMSIS Pack Vendor :WES I-CUBE-Cesium 1.3.0
2025-02-17 11:57:20,915 [INFO] ThirdParty:1030 - CMSIS Pack Vendor :STMicroelectronics lwIP 2.1.2
2025-02-17 11:57:20,915 [INFO] ThirdParty:1030 - CMSIS Pack Vendor :STMicroelectronics X-CUBE-SFXS2LP1 4.0.0
2025-02-17 11:57:20,915 [INFO] ThirdParty:1030 - CMSIS Pack Vendor :STMicroelectronics X-CUBE-BLE2 3.3.0
2025-02-17 11:57:20,915 [INFO] ThirdParty:1030 - CMSIS Pack Vendor :STMicroelectronics X-CUBE-TOF1 3.4.2
2025-02-17 11:57:20,915 [INFO] ThirdParty:1030 - CMSIS Pack Vendor :STMicroelectronics X-CUBE-AI 9.1.0
2025-02-17 11:57:20,915 [INFO] ThirdParty:1030 - CMSIS Pack Vendor :Infineon AIROC-Wi-Fi-Bluetooth-STM32 1.6.1
2025-02-17 11:57:20,915 [INFO] ThirdParty:1030 - CMSIS Pack Vendor :STMicroelectronics PDM2PCM 3.2.0
2025-02-17 11:57:20,915 [INFO] ThirdParty:1030 - CMSIS Pack Vendor :wolfSSL I-CUBE-wolfSSH 1.4.17
2025-02-17 11:57:20,915 [INFO] ThirdParty:841 - exiting critical section [change project]
2025-02-17 11:57:21,227 [INFO] PinOutPanel:1561 - setPackage(No Configuration,No Configuration)
2025-02-17 11:57:21,227 [INFO] PinOutPanel:1561 - setPackage(STM32F407VGTx,LQFP100)
2025-02-17 11:57:21,354 [INFO] UtilMem:75 - Before build in PCC Used Memory: 726428360 Bytes (1073741824)
2025-02-17 11:57:21,460 [INFO] UtilMem:75 - After build in PCC Used Memory: 770468552 Bytes (1073741824)
2025-02-17 11:57:21,477 [INFO] IPUIPlugin:80 - create IPUIPlugin
2025-02-17 11:57:21,477 [INFO] IPUIPlugin:80 - create IPUIPlugin
2025-02-17 11:57:21,477 [INFO] IPUIPlugin:80 - create IPUIPlugin
2025-02-17 11:57:21,477 [INFO] IPUIPlugin:80 - create IPUIPlugin
2025-02-17 11:57:21,477 [INFO] IPUIPlugin:80 - create IPUIPlugin
2025-02-17 11:57:21,477 [INFO] IPUIPlugin:80 - create IPUIPlugin
2025-02-17 11:57:21,477 [INFO] IPUIPlugin:80 - create IPUIPlugin
2025-02-17 11:57:21,477 [INFO] IPUIPlugin:80 - create IPUIPlugin
2025-02-17 11:57:21,477 [INFO] IPUIPlugin:80 - create IPUIPlugin
2025-02-17 11:57:21,477 [INFO] IPUIPlugin:80 - create IPUIPlugin
2025-02-17 11:57:21,477 [INFO] IPUIPlugin:80 - create IPUIPlugin
2025-02-17 11:57:21,477 [INFO] IPUIPlugin:80 - create IPUIPlugin
2025-02-17 11:57:21,477 [INFO] IPUIPlugin:80 - create IPUIPlugin
2025-02-17 11:57:21,477 [INFO] IPUIPlugin:80 - create IPUIPlugin
2025-02-17 11:57:21,477 [INFO] IPUIPlugin:80 - create IPUIPlugin
2025-02-17 11:57:21,477 [INFO] IPUIPlugin:80 - create IPUIPlugin
2025-02-17 11:57:21,477 [INFO] IPUIPlugin:80 - create IPUIPlugin
2025-02-17 11:57:21,478 [INFO] IPUIPlugin:80 - create IPUIPlugin
2025-02-17 11:57:21,478 [INFO] IPUIPlugin:80 - create IPUIPlugin
2025-02-17 11:57:21,478 [INFO] IPUIPlugin:80 - create IPUIPlugin
2025-02-17 11:57:21,478 [INFO] IPUIPlugin:80 - create IPUIPlugin
2025-02-17 11:57:21,478 [INFO] IPUIPlugin:80 - create IPUIPlugin
2025-02-17 11:57:21,478 [INFO] IPUIPlugin:80 - create IPUIPlugin
2025-02-17 11:57:21,478 [INFO] IPUIPlugin:80 - create IPUIPlugin
2025-02-17 11:57:21,478 [INFO] IPUIPlugin:80 - create IPUIPlugin
2025-02-17 11:57:21,478 [INFO] IPUIPlugin:80 - create IPUIPlugin
2025-02-17 11:57:21,478 [INFO] IPUIPlugin:80 - create IPUIPlugin
2025-02-17 11:57:21,478 [INFO] IPUIPlugin:80 - create IPUIPlugin
2025-02-17 11:57:21,478 [INFO] IPUIPlugin:80 - create IPUIPlugin
2025-02-17 11:57:21,479 [INFO] IPUIPlugin:80 - create IPUIPlugin
2025-02-17 11:57:21,479 [INFO] IPUIPlugin:80 - create IPUIPlugin
2025-02-17 11:57:21,479 [INFO] IPUIPlugin:80 - create IPUIPlugin
2025-02-17 11:57:21,479 [INFO] IPUIPlugin:80 - create IPUIPlugin
2025-02-17 11:57:21,479 [INFO] IPUIPlugin:80 - create IPUIPlugin
2025-02-17 11:57:21,479 [INFO] IPUIPlugin:80 - create IPUIPlugin
2025-02-17 11:57:21,479 [INFO] IPUIPlugin:80 - create IPUIPlugin
2025-02-17 11:57:21,479 [INFO] IPUIPlugin:80 - create IPUIPlugin
2025-02-17 11:57:21,479 [INFO] IPUIPlugin:80 - create IPUIPlugin
2025-02-17 11:57:21,479 [INFO] IPUIPlugin:80 - create IPUIPlugin
2025-02-17 11:57:21,479 [INFO] IPUIPlugin:80 - create IPUIPlugin
2025-02-17 11:57:21,479 [INFO] IPUIPlugin:80 - create IPUIPlugin
2025-02-17 11:57:21,480 [INFO] IPUIPlugin:80 - create IPUIPlugin
2025-02-17 11:57:21,480 [INFO] IPUIPlugin:80 - create IPUIPlugin
2025-02-17 11:57:21,480 [INFO] IPUIPlugin:80 - create IPUIPlugin
2025-02-17 11:57:21,480 [INFO] IPUIPlugin:80 - create IPUIPlugin
2025-02-17 11:57:21,480 [INFO] IPUIPlugin:80 - create IPUIPlugin
2025-02-17 11:57:21,480 [INFO] IPUIPlugin:80 - create IPUIPlugin
2025-02-17 11:57:21,480 [INFO] IPUIPlugin:80 - create IPUIPlugin
2025-02-17 11:57:21,480 [INFO] IPUIPlugin:80 - create IPUIPlugin
2025-02-17 11:57:21,480 [INFO] IPUIPlugin:80 - create IPUIPlugin
2025-02-17 11:57:21,480 [INFO] IPUIPlugin:80 - create IPUIPlugin
2025-02-17 11:57:21,480 [INFO] IPUIPlugin:80 - create IPUIPlugin
2025-02-17 11:57:21,480 [INFO] IPUIPlugin:80 - create IPUIPlugin
2025-02-17 11:57:21,480 [INFO] IPUIPlugin:80 - create IPUIPlugin
2025-02-17 11:57:21,481 [INFO] IPUIPlugin:80 - create IPUIPlugin
2025-02-17 11:57:21,481 [INFO] IPUIPlugin:80 - create IPUIPlugin
2025-02-17 11:57:21,481 [INFO] IPUIPlugin:80 - create IPUIPlugin
2025-02-17 11:57:21,482 [INFO] IPUIPlugin:80 - create IPUIPlugin
2025-02-17 11:57:21,483 [INFO] ApiDbMcu:508 - Load IP Config File for PDM2PCM
2025-02-17 11:57:21,502 [INFO] CADModel:165 - CPN selected for project levelSTM32F407VGT6
2025-02-17 11:57:21,502 [INFO] CADModel:114 - Register for checkConnection events
2025-02-17 11:57:21,550 [INFO] OpenFileManager:363 - Restore cursor
2025-02-17 11:57:24,728 [INFO] Gpio:277 - dependency for GPIO []
2025-02-17 12:10:19,060 [ERROR] LogOutputStream:75 - [STDERR_REDIRECT] 
2025-02-17 12:10:26,564 [INFO] Activator:176 - 


2025-02-17 12:10:26,565 [INFO] Activator:177 - !SESSION log4j initialized
2025-02-17 12:10:30,199 [INFO] LogOutputStream:77 - [STDOUT_REDIRECT] 
2025-02-17 12:10:30,929 [INFO] ApplicationProperties:184 - Using Application install path: /home/engineering/st/stm32cubeide_1.16.1/plugins/com.st.stm32cube.common.mx_6.12.1.202409122256
2025-02-17 12:10:30,959 [INFO] DbMcusXml:78 - Set database path to: /home/engineering/st/stm32cubeide_1.16.1/plugins/com.st.stm32cube.common.mx_6.12.1.202409122256//db//mcu/
2025-02-17 12:10:30,962 [INFO] ApiDb:274 - Set plugin database path to: /home/engineering/st/stm32cubeide_1.16.1/plugins/com.st.stm32cube.common.mx_6.12.1.202409122256//db//plugins/boardmanager/
2025-02-17 12:10:30,962 [WARN] ApiDb:259 - Overriding images path with different value:  => /home/engineering/st/stm32cubeide_1.16.1/plugins/com.st.stm32cube.common.mx_6.12.1.202409122256//db//plugins/mcufinder/images/
2025-02-17 12:10:30,970 [INFO] ApiDb:250 - Set database path to: /home/engineering/.stmcufinder/plugins/mcufinder//mcu/
2025-02-17 12:10:30,971 [INFO] DbMcusAds:125 - Set database path to: /home/engineering/.stmcufinder/plugins/mcufinder//mcu/
2025-02-17 12:10:30,975 [INFO] CrossReferenceDbSqlite:203 - Set database path to: /home/engineering/.stmcufinder/plugins/mcufinder//mcu/cs/
2025-02-17 12:10:31,080 [INFO] RulesReader:64 - Compatibility file has been processed (297 Rules)
2025-02-17 12:10:31,132 [INFO] DbMcusXml:78 - Set database path to: /home/engineering/st/stm32cubeide_1.16.1/plugins/com.st.stm32cube.common.mx_6.12.1.202409122256//db//mcu/
2025-02-17 12:10:31,132 [INFO] ApiDb:274 - Set plugin database path to: /home/engineering/st/stm32cubeide_1.16.1/plugins/com.st.stm32cube.common.mx_6.12.1.202409122256//db//plugins/boardmanager/
2025-02-17 12:10:31,132 [INFO] ApiDb:261 - Set plugin images path to: /home/engineering/st/stm32cubeide_1.16.1/plugins/com.st.stm32cube.common.mx_6.12.1.202409122256//db//plugins/mcufinder/images/
2025-02-17 12:10:31,132 [WARN] DbFile:41 - Overriding database path with different value: /home/engineering/.stmcufinder/plugins/mcufinder/ => /home/engineering/.stmcufinder/plugins/mcufinder
2025-02-17 12:10:31,133 [INFO] ApiDb:250 - Set database path to: /home/engineering/.stmcufinder/plugins/mcufinder//mcu/
2025-02-17 12:10:31,133 [WARN] DbFile:41 - Overriding database path with different value: /home/engineering/.stmcufinder/plugins/mcufinder/ => /home/engineering/.stmcufinder/plugins/mcufinder
2025-02-17 12:10:31,133 [INFO] DbMcusAds:125 - Set database path to: /home/engineering/.stmcufinder/plugins/mcufinder//mcu/
2025-02-17 12:10:31,133 [WARN] DbFile:41 - Overriding database path with different value: /home/engineering/.stmcufinder/plugins/mcufinder/ => /home/engineering/.stmcufinder/plugins/mcufinder
2025-02-17 12:10:31,133 [WARN] DbFile:41 - Overriding database path with different value: /home/engineering/.stmcufinder/plugins/mcufinder/ => /home/engineering/.stmcufinder/plugins/mcufinder
2025-02-17 12:10:31,133 [INFO] CrossReferenceDbSqlite:203 - Set database path to: /home/engineering/.stmcufinder/plugins/mcufinder//mcu/cs/
2025-02-17 12:10:31,185 [INFO] MainPanel:268 - HeapMemory: 268435456
2025-02-17 12:10:31,329 [INFO] DbMcusXml:78 - Set database path to: /home/engineering/st/stm32cubeide_1.16.1/plugins/com.st.stm32cube.common.mx_6.12.1.202409122256//db//mcu/
2025-02-17 12:10:31,329 [INFO] ApiDb:274 - Set plugin database path to: /home/engineering/st/stm32cubeide_1.16.1/plugins/com.st.stm32cube.common.mx_6.12.1.202409122256//db//plugins/boardmanager/
2025-02-17 12:10:31,329 [INFO] ApiDb:261 - Set plugin images path to: /home/engineering/st/stm32cubeide_1.16.1/plugins/com.st.stm32cube.common.mx_6.12.1.202409122256//db//plugins/mcufinder/images/
2025-02-17 12:10:31,329 [WARN] DbFile:41 - Overriding database path with different value: /home/engineering/.stmcufinder/plugins/mcufinder/ => /home/engineering/.stmcufinder/plugins/mcufinder
2025-02-17 12:10:31,329 [INFO] ApiDb:250 - Set database path to: /home/engineering/.stmcufinder/plugins/mcufinder//mcu/
2025-02-17 12:10:31,330 [WARN] DbFile:41 - Overriding database path with different value: /home/engineering/.stmcufinder/plugins/mcufinder/ => /home/engineering/.stmcufinder/plugins/mcufinder
2025-02-17 12:10:31,330 [INFO] DbMcusAds:125 - Set database path to: /home/engineering/.stmcufinder/plugins/mcufinder//mcu/
2025-02-17 12:10:31,330 [WARN] DbFile:41 - Overriding database path with different value: /home/engineering/.stmcufinder/plugins/mcufinder/ => /home/engineering/.stmcufinder/plugins/mcufinder
2025-02-17 12:10:31,330 [WARN] DbFile:41 - Overriding database path with different value: /home/engineering/.stmcufinder/plugins/mcufinder/ => /home/engineering/.stmcufinder/plugins/mcufinder
2025-02-17 12:10:31,330 [INFO] CrossReferenceDbSqlite:203 - Set database path to: /home/engineering/.stmcufinder/plugins/mcufinder//mcu/cs/
2025-02-17 12:10:31,351 [INFO] ApplicationProperties:184 - Using Application install path: /home/engineering/st/stm32cubeide_1.16.1/plugins/com.st.stm32cube.common.mx_6.12.1.202409122256
2025-02-17 12:10:31,354 [INFO] PluginManage:196 - Search for loadable plugins [exclusion list=, ]
2025-02-17 12:10:31,355 [INFO] PluginManage:310 - Check plugin analytics
2025-02-17 12:10:31,563 [INFO] AnalyticsPlugin:253 - Accepted Software Licenses: 
2025-02-17 12:10:31,563 [INFO] AnalyticsPlugin:255 - Accepted CMSIS Pack Licenses: 
2025-02-17 12:10:31,563 [INFO] AnalyticsPlugin:257 - Accepted Firmware Licenses: FW.F4.1.28.0
2025-02-17 12:10:31,566 [INFO] PluginManage:359 - Loaded plugin analytics (category:tool,tabindex:-1)
2025-02-17 12:10:31,567 [INFO] PluginManage:310 - Check plugin cadmodel
2025-02-17 12:10:31,570 [INFO] CADModel:105 - Init CAD model plugin
2025-02-17 12:10:31,570 [INFO] PluginManage:359 - Loaded plugin cadmodel (category:power,tabindex:5)
2025-02-17 12:10:31,571 [INFO] PluginManage:310 - Check plugin clock
2025-02-17 12:10:31,577 [INFO] PluginManage:359 - Loaded plugin clock (category:base,tabindex:2)
2025-02-17 12:10:31,577 [INFO] PluginManage:310 - Check plugin ddr
2025-02-17 12:10:31,580 [INFO] PluginManage:359 - Loaded plugin ddr (category:tool,tabindex:6)
2025-02-17 12:10:31,580 [INFO] PluginManage:310 - Check plugin filemanager
2025-02-17 12:10:31,789 [INFO] PluginManage:359 - Loaded plugin filemanager (category:base,tabindex:10)
2025-02-17 12:10:31,790 [INFO] PluginManage:310 - Check plugin ipmanager
2025-02-17 12:10:31,797 [INFO] PluginManage:359 - Loaded plugin ipmanager (category:base,tabindex:5)
2025-02-17 12:10:31,797 [INFO] PluginManage:310 - Check plugin lpbam
2025-02-17 12:10:31,810 [INFO] PluginManage:359 - Loaded plugin lpbam (category:base,tabindex:0)
2025-02-17 12:10:31,810 [INFO] PluginManage:310 - Check plugin memorymap
2025-02-17 12:10:31,820 [INFO] PluginManage:359 - Loaded plugin memorymap (category:base,tabindex:4)
2025-02-17 12:10:31,820 [INFO] PluginManage:310 - Check plugin pinoutandconfiguration
2025-02-17 12:10:31,826 [INFO] PluginManage:359 - Loaded plugin pinoutandconfiguration (category:base,tabindex:1)
2025-02-17 12:10:31,826 [INFO] PluginManage:310 - Check plugin pinoutconfig
2025-02-17 12:10:31,912 [WARN] SupportedApi:132 - Cannot load RTOS API schema: s4s-elt-must-match.1: The content of 'definitions' must match (annotation?, (simpleType | complexType)?, (unique | key | keyref)*)). A problem was found starting at: attribute.
2025-02-17 12:10:32,074 [INFO] PluginManage:359 - Loaded plugin pinoutconfig (category:base,tabindex:0)
2025-02-17 12:10:32,074 [INFO] PluginManage:310 - Check plugin power
2025-02-17 12:10:32,079 [INFO] PluginManage:359 - Loaded plugin power (category:power,tabindex:4)
2025-02-17 12:10:32,079 [INFO] PluginManage:310 - Check plugin projectmanager
2025-02-17 12:10:32,099 [INFO] PluginManage:359 - Loaded plugin projectmanager (category:projectmanager,tabindex:4)
2025-02-17 12:10:32,099 [INFO] PluginManage:310 - Check plugin rif
2025-02-17 12:10:32,106 [INFO] PluginManage:359 - Loaded plugin rif (category:base,tabindex:3)
2025-02-17 12:10:32,107 [INFO] PluginManage:310 - Check plugin thirdparty
2025-02-17 12:10:32,291 [WARN] IntegrityCheckThread:84 - waiting for thirdparty lock release [integrity check]
2025-02-17 12:10:32,291 [INFO] IntegrityCheckThread:86 - entering critical section [integrity check]
2025-02-17 12:10:32,292 [INFO] ThirdPartyUpdaterWithRetryManager:70 - Updater plugin not ready yet. [1/15]
2025-02-17 12:10:32,293 [INFO] PluginManage:359 - Loaded plugin thirdparty (category:base,tabindex:-1)
2025-02-17 12:10:32,294 [INFO] PluginManage:310 - Check plugin tools
2025-02-17 12:10:32,304 [INFO] PluginManage:359 - Loaded plugin tools (category:base,tabindex:7)
2025-02-17 12:10:32,305 [INFO] PluginManage:310 - Check plugin tutovideos
2025-02-17 12:10:32,470 [INFO] PluginManage:359 - Loaded plugin tutovideos (category:base,tabindex:-1)
2025-02-17 12:10:32,471 [INFO] PluginManage:310 - Check plugin updater
2025-02-17 12:10:32,487 [INFO] PluginManage:359 - Loaded plugin updater (category:base,tabindex:12)
2025-02-17 12:10:32,488 [INFO] PluginManage:310 - Check plugin userauth
2025-02-17 12:10:32,493 [INFO] UserAuth:113 - Init User Auth plugin
2025-02-17 12:10:32,493 [INFO] PluginManage:359 - Loaded plugin userauth (category:base,tabindex:14)
2025-02-17 12:10:32,493 [INFO] PluginManage:283 - PluginManage : Loaded plugins [18]
2025-02-17 12:10:32,673 [INFO] PinOutPanel:1561 - setPackage(No Configuration,No Configuration)
2025-02-17 12:10:32,737 [INFO] CADModel:165 - CPN selected for project level
2025-02-17 12:10:32,737 [INFO] CADModel:114 - Register for checkConnection events
2025-02-17 12:10:32,744 [INFO] IPUIPlugin:80 - create IPUIPlugin
2025-02-17 12:10:32,744 [INFO] PluginManager:220 - loadIPPluginJar : add radio
2025-02-17 12:10:32,745 [INFO] IPUIPlugin:80 - create IPUIPlugin
2025-02-17 12:10:32,745 [INFO] PluginManager:220 - loadIPPluginJar : add genericplugin
2025-02-17 12:10:32,746 [INFO] IPUIPlugin:80 - create IPUIPlugin
2025-02-17 12:10:32,746 [INFO] PluginManager:220 - loadIPPluginJar : add fatfs
2025-02-17 12:10:32,750 [INFO] IPUIPlugin:80 - create IPUIPlugin
2025-02-17 12:10:32,750 [INFO] PluginManager:220 - loadIPPluginJar : add usart
2025-02-17 12:10:32,751 [INFO] IPUIPlugin:80 - create IPUIPlugin
2025-02-17 12:10:32,751 [INFO] PluginManager:220 - loadIPPluginJar : add i2c
2025-02-17 12:10:32,753 [INFO] IPUIPlugin:80 - create IPUIPlugin
2025-02-17 12:10:32,753 [INFO] PluginManager:220 - loadIPPluginJar : add hash
2025-02-17 12:10:32,758 [INFO] IPUIPlugin:80 - create IPUIPlugin
2025-02-17 12:10:32,758 [INFO] PluginManager:220 - loadIPPluginJar : add linkedlist
2025-02-17 12:10:32,760 [INFO] IPUIPlugin:80 - create IPUIPlugin
2025-02-17 12:10:32,760 [INFO] PluginManager:220 - loadIPPluginJar : add lorawan
2025-02-17 12:10:32,761 [INFO] IPUIPlugin:80 - create IPUIPlugin
2025-02-17 12:10:32,761 [INFO] PluginManager:220 - loadIPPluginJar : add aes
2025-02-17 12:10:32,766 [INFO] IPUIPlugin:80 - create IPUIPlugin
2025-02-17 12:10:32,766 [INFO] PluginManager:220 - loadIPPluginJar : add dma
2025-02-17 12:10:32,768 [INFO] IPUIPlugin:80 - create IPUIPlugin
2025-02-17 12:10:32,768 [INFO] PluginManager:220 - loadIPPluginJar : add spi
2025-02-17 12:10:32,773 [INFO] IPUIPlugin:80 - create IPUIPlugin
2025-02-17 12:10:32,773 [INFO] PluginManager:220 - loadIPPluginJar : add adc
2025-02-17 12:10:32,774 [INFO] IPUIPlugin:80 - create IPUIPlugin
2025-02-17 12:10:32,774 [INFO] PluginManager:220 - loadIPPluginJar : add quadspi
2025-02-17 12:10:32,776 [INFO] IPUIPlugin:80 - create IPUIPlugin
2025-02-17 12:10:32,777 [INFO] PluginManager:220 - loadIPPluginJar : add gpio
2025-02-17 12:10:32,778 [INFO] IPUIPlugin:80 - create IPUIPlugin
2025-02-17 12:10:32,778 [INFO] PluginManager:220 - loadIPPluginJar : add nvic
2025-02-17 12:10:32,780 [INFO] IPUIPlugin:80 - create IPUIPlugin
2025-02-17 12:10:32,780 [INFO] PluginManager:220 - loadIPPluginJar : add cryp
2025-02-17 12:10:32,781 [INFO] IPUIPlugin:80 - create IPUIPlugin
2025-02-17 12:10:32,781 [INFO] PluginManager:220 - loadIPPluginJar : add i3c
2025-02-17 12:10:32,783 [INFO] IPUIPlugin:80 - create IPUIPlugin
2025-02-17 12:10:32,783 [INFO] PluginManager:220 - loadIPPluginJar : add ipddr
2025-02-17 12:10:32,784 [INFO] IPUIPlugin:80 - create IPUIPlugin
2025-02-17 12:10:32,784 [INFO] PluginManager:220 - loadIPPluginJar : add dfsdm
2025-02-17 12:10:32,787 [INFO] IPUIPlugin:80 - create IPUIPlugin
2025-02-17 12:10:32,787 [INFO] PluginManager:220 - loadIPPluginJar : add fmc
2025-02-17 12:10:32,788 [INFO] IPUIPlugin:80 - create IPUIPlugin
2025-02-17 12:10:32,788 [INFO] PluginManager:220 - loadIPPluginJar : add ts
2025-02-17 12:10:32,789 [INFO] IPUIPlugin:80 - create IPUIPlugin
2025-02-17 12:10:32,789 [INFO] PluginManager:220 - loadIPPluginJar : add tracer_emb
2025-02-17 12:10:32,790 [INFO] IPUIPlugin:80 - create IPUIPlugin
2025-02-17 12:10:32,790 [INFO] PluginManager:220 - loadIPPluginJar : add comp
2025-02-17 12:10:32,792 [INFO] IPUIPlugin:80 - create IPUIPlugin
2025-02-17 12:10:32,792 [INFO] PluginManager:220 - loadIPPluginJar : add pdm2pcm
2025-02-17 12:10:32,793 [INFO] IPUIPlugin:80 - create IPUIPlugin
2025-02-17 12:10:32,793 [INFO] PluginManager:220 - loadIPPluginJar : add ltdc
2025-02-17 12:10:32,797 [INFO] IPUIPlugin:80 - create IPUIPlugin
2025-02-17 12:10:32,798 [INFO] PluginManager:220 - loadIPPluginJar : add plateformsettings
2025-02-17 12:10:32,800 [INFO] IPUIPlugin:80 - create IPUIPlugin
2025-02-17 12:10:32,800 [INFO] PluginManager:220 - loadIPPluginJar : add usbx
2025-02-17 12:10:32,804 [INFO] IPUIPlugin:80 - create IPUIPlugin
2025-02-17 12:10:32,804 [INFO] PluginManager:220 - loadIPPluginJar : add mdma
2025-02-17 12:10:32,806 [INFO] IPUIPlugin:80 - create IPUIPlugin
2025-02-17 12:10:32,806 [INFO] PluginManager:220 - loadIPPluginJar : add resmgrutility
2025-02-17 12:10:32,808 [INFO] IPUIPlugin:80 - create IPUIPlugin
2025-02-17 12:10:32,808 [INFO] PluginManager:220 - loadIPPluginJar : add touchsensing
2025-02-17 12:10:32,809 [INFO] IPUIPlugin:80 - create IPUIPlugin
2025-02-17 12:10:32,809 [INFO] PluginManager:220 - loadIPPluginJar : add ucpd
2025-02-17 12:10:32,810 [INFO] IPUIPlugin:80 - create IPUIPlugin
2025-02-17 12:10:32,810 [INFO] PluginManager:220 - loadIPPluginJar : add can
2025-02-17 12:10:32,811 [INFO] IPUIPlugin:80 - create IPUIPlugin
2025-02-17 12:10:32,811 [INFO] PluginManager:220 - loadIPPluginJar : add gfxmmu
2025-02-17 12:10:32,813 [INFO] IPUIPlugin:80 - create IPUIPlugin
2025-02-17 12:10:32,813 [INFO] PluginManager:220 - loadIPPluginJar : add gtzc
2025-02-17 12:10:32,816 [INFO] IPUIPlugin:80 - create IPUIPlugin
2025-02-17 12:10:32,816 [INFO] PluginManager:220 - loadIPPluginJar : add stm32_wpan
2025-02-17 12:10:32,817 [INFO] IPUIPlugin:80 - create IPUIPlugin
2025-02-17 12:10:32,817 [INFO] PluginManager:220 - loadIPPluginJar : add tim
2025-02-17 12:10:32,820 [INFO] IPUIPlugin:80 - create IPUIPlugin
2025-02-17 12:10:32,820 [INFO] PluginManager:220 - loadIPPluginJar : add gic
2025-02-17 12:10:32,822 [INFO] IPUIPlugin:80 - create IPUIPlugin
2025-02-17 12:10:32,822 [INFO] PluginManager:220 - loadIPPluginJar : add openamp
2025-02-17 12:10:32,823 [INFO] IPUIPlugin:80 - create IPUIPlugin
2025-02-17 12:10:32,823 [INFO] PluginManager:220 - loadIPPluginJar : add tsc
2025-02-17 12:10:32,824 [INFO] IPUIPlugin:80 - create IPUIPlugin
2025-02-17 12:10:32,825 [INFO] PluginManager:220 - loadIPPluginJar : add sai
2025-02-17 12:10:32,826 [INFO] IPUIPlugin:80 - create IPUIPlugin
2025-02-17 12:10:32,826 [INFO] PluginManager:220 - loadIPPluginJar : add i2s
2025-02-17 12:10:32,829 [INFO] IPUIPlugin:80 - create IPUIPlugin
2025-02-17 12:10:32,829 [INFO] PluginManager:220 - loadIPPluginJar : add freertos
2025-02-17 12:10:32,831 [INFO] IPUIPlugin:80 - create IPUIPlugin
2025-02-17 12:10:32,831 [INFO] PluginManager:220 - loadIPPluginJar : add extmemmanager
2025-02-17 12:10:32,832 [INFO] IPUIPlugin:80 - create IPUIPlugin
2025-02-17 12:10:32,833 [INFO] PluginManager:220 - loadIPPluginJar : add ddr_ctrl_phy
2025-02-17 12:10:32,834 [INFO] IPUIPlugin:80 - create IPUIPlugin
2025-02-17 12:10:32,834 [INFO] PluginManager:220 - loadIPPluginJar : add dma3
2025-02-17 12:10:32,835 [INFO] IPUIPlugin:80 - create IPUIPlugin
2025-02-17 12:10:32,835 [INFO] PluginManager:220 - loadIPPluginJar : add opamp
2025-02-17 12:10:32,934 [INFO] CADModel:165 - CPN selected for project level
2025-02-17 12:10:32,934 [INFO] CADModel:114 - Register for checkConnection events
2025-02-17 12:10:32,935 [FATAL] Updater:334 - Updater called before beeing initialized
2025-02-17 12:10:32,935 [ERROR] CADModel:125 - Updater not yet initialized, retry later 
2025-02-17 12:10:33,051 [INFO] CADModel:165 - CPN selected for project level
2025-02-17 12:10:33,051 [INFO] CADModel:114 - Register for checkConnection events
2025-02-17 12:10:33,051 [FATAL] Updater:334 - Updater called before beeing initialized
2025-02-17 12:10:33,051 [ERROR] CADModel:125 - Updater not yet initialized, retry later 
2025-02-17 12:10:33,056 [FATAL] Updater:334 - Updater called before beeing initialized
2025-02-17 12:10:33,129 [FATAL] Updater:334 - Updater called before beeing initialized
2025-02-17 12:10:33,132 [INFO] DbMcusAds:53 - JSON generation date=Tue Dec 17 08:01:15 PST 2024 (1734451275111)
2025-02-17 12:10:33,132 [FATAL] Updater:334 - Updater called before beeing initialized
2025-02-17 12:10:33,158 [WARN] DetailPanel:346 - Failed to get advertising image, set to default
2025-02-17 12:10:33,231 [FATAL] Updater:334 - Updater called before beeing initialized
2025-02-17 12:10:33,232 [FATAL] Updater:334 - Updater called before beeing initialized
2025-02-17 12:10:33,232 [FATAL] Updater:334 - Updater called before beeing initialized
2025-02-17 12:10:33,232 [WARN] DetailPanel:346 - Failed to get advertising image, set to default
2025-02-17 12:10:33,234 [FATAL] Updater:334 - Updater called before beeing initialized
2025-02-17 12:10:33,257 [ERROR] Updater:1164 - MainUpdater not yet initialized. External WinMGr cannot be set.
2025-02-17 12:10:33,259 [INFO] Updater:1100 - Updater Version found : 6.12.1
2025-02-17 12:10:33,270 [INFO] ApplicationProperties:184 - Using Application install path: /home/engineering/st/stm32cubeide_1.16.1/plugins/com.st.stm32cube.common.mx_6.12.1.202409122256
2025-02-17 12:10:33,501 [INFO] MainUpdater:2873 - connection check result : 10
2025-02-17 12:10:33,501 [INFO] MainUpdater:290 - Updater Check For Update Now.
2025-02-17 12:10:33,502 [INFO] MicroXplorer:498 - Change Database Version : DB.6.0.121
2025-02-17 12:10:33,505 [INFO] McuFinderGlobals:63 - Set McuFinder mode to 2 (CubeIDE integrated)
2025-02-17 12:10:33,505 [INFO] UserAuth:417 - Internet connection configuration mode: 1
2025-02-17 12:10:33,514 [INFO] JxBrowserEngine:152 - Initiate JxBrowser Engine with user profile folder
2025-02-17 12:10:33,666 [INFO] CheckServerUpdateThread:120 - End of CheckServer Thread
2025-02-17 12:10:33,992 [INFO] WebApp:167 - Instantiating new browser for Auth
2025-02-17 12:10:34,569 [INFO] WebApp:448 - Apply proxy settings
2025-02-17 12:10:34,570 [INFO] WebApp:533 - Chromium requires no authentication
2025-02-17 12:10:34,580 [INFO] WebApp:476 - Direct internet connection detected
2025-02-17 12:10:34,594 [INFO] WebApp:869 - Register for checkConnection events
2025-02-17 12:10:34,595 [INFO] WebApp:448 - Apply proxy settings
2025-02-17 12:10:34,595 [INFO] WebApp:533 - Chromium requires no authentication
2025-02-17 12:10:34,596 [INFO] WebApp:476 - Direct internet connection detected
2025-02-17 12:10:34,719 [INFO] WebApp:220 - Starting web application
2025-02-17 12:10:34,719 [INFO] WebApp:578 - Web application path used /home/engineering/st/stm32cubeide_1.16.1/plugins/com.st.stm32cube.common.mx_6.12.1.202409122256/db/plugins/mcufinder/reactClient1/index.html
2025-02-17 12:10:34,875 [INFO] WebApp:186 - Connection restablished
2025-02-17 12:10:34,952 [INFO] UserAuth:417 - Internet connection configuration mode: 1
2025-02-17 12:10:35,424 [WARN] PackLoader:240 - Cannot read IP mode file for STMicroelectronics.FP-SNS-MOTENVWB1.1.4.0
2025-02-17 12:10:35,439 [WARN] PackLoader:240 - Cannot read IP mode file for STMicroelectronics.FP-ATR-ASTRA1.2.0.1
2025-02-17 12:10:35,444 [WARN] PackLoader:240 - Cannot read IP mode file for STMicroelectronics.X-CUBE-SMBUS.2.1.0
2025-02-17 12:10:35,450 [WARN] PackLoader:240 - Cannot read IP mode file for STMicroelectronics.X-CUBE-WB05N.1.1.0
2025-02-17 12:10:35,476 [WARN] PackLoader:240 - Cannot read IP mode file for STMicroelectronics.X-CUBE-AZRTOS-F7.1.1.0
2025-02-17 12:10:35,568 [WARN] PackLoader:240 - Cannot read IP mode file for STMicroelectronics.X-CUBE-MEMS1.11.0.0
2025-02-17 12:10:35,769 [WARN] PackLoader:240 - Cannot read IP mode file for STMicroelectronics.FP-SNS-FLIGHT1.5.0.2
2025-02-17 12:10:35,776 [WARN] PackLoader:240 - Cannot read IP mode file for STMicroelectronics.X-CUBE-DISPLAY.3.0.0
2025-02-17 12:10:35,789 [WARN] PackLoader:240 - Cannot read IP mode file for STMicroelectronics.X-CUBE-BLE1.7.0.0
2025-02-17 12:10:35,793 [WARN] PackLoader:240 - Cannot read IP mode file for STMicroelectronics.X-CUBE-NFC10.1.0.0
2025-02-17 12:10:35,801 [WARN] PackLoader:240 - Cannot read IP mode file for STMicroelectronics.X-CUBE-BLEMGR.4.0.0
2025-02-17 12:10:35,809 [WARN] PackLoader:240 - Cannot read IP mode file for emotas.I-CUBE-CANOPEN.1.3.0
2025-02-17 12:10:35,814 [WARN] PackLoader:240 - Cannot read IP mode file for STMicroelectronics.X-CUBE-BLEMGR.3.1.0
2025-02-17 12:10:35,819 [WARN] PackLoader:240 - Cannot read IP mode file for STMicroelectronics.X-CUBE-AI.10.0.0
2025-02-17 12:10:35,821 [WARN] PackLoader:240 - Cannot read IP mode file for STMicroelectronics.FP-SNS-SMARTAG2.1.2.0
2025-02-17 12:10:35,937 [WARN] PackLoader:240 - Cannot read IP mode file for STMicroelectronics.X-CUBE-MEMS1.11.1.0
2025-02-17 12:10:36,079 [INFO] LogOutputStream:77 - [STDOUT_REDIRECT] 1 : Invalid condition id : UX_CORESTACK_Condition cause : null
2025-02-17 12:10:36,082 [INFO] LogOutputStream:77 - [STDOUT_REDIRECT] 1 : Invalid condition id : UX_CORESTACK_Condition cause : null
2025-02-17 12:10:36,082 [INFO] LogOutputStream:77 - [STDOUT_REDIRECT] 1 : Invalid condition id : UX_CORESTACK_Condition cause : null
2025-02-17 12:10:36,082 [INFO] LogOutputStream:77 - [STDOUT_REDIRECT] 1 : Invalid condition id : UX_CORESTACK_Condition cause : null
2025-02-17 12:10:36,082 [INFO] LogOutputStream:77 - [STDOUT_REDIRECT] 1 : Invalid condition id : UX_CORESTACK_Condition cause : null
2025-02-17 12:10:36,084 [WARN] PackLoader:240 - Cannot read IP mode file for STMicroelectronics.X-CUBE-AZRTOS-WL.2.0.0
2025-02-17 12:10:36,092 [WARN] PackLoader:240 - Cannot read IP mode file for STMicroelectronics.FP-SNS-MOTENV1.5.0.0
2025-02-17 12:10:36,107 [WARN] PackLoader:240 - Cannot read IP mode file for wolfSSL.I-CUBE-wolfMQTT.1.19.0
2025-02-17 12:10:36,112 [WARN] PackLoader:240 - Cannot read IP mode file for WES.I-CUBE-Cesium.1.3.0
2025-02-17 12:10:36,120 [WARN] PackLoader:240 - Cannot read IP mode file for STMicroelectronics.X-CUBE-BLE2.3.3.0
2025-02-17 12:10:36,124 [WARN] PackLoader:240 - Cannot read IP mode file for STMicroelectronics.X-CUBE-NFC9.1.0.0
2025-02-17 12:10:36,137 [WARN] PackLoader:240 - Cannot read IP mode file for STMicroelectronics.X-CUBE-TCPP.4.1.0
2025-02-17 12:10:36,162 [WARN] PackLoader:240 - Cannot read IP mode file for STMicroelectronics.X-CUBE-AZRTOS-G0.1.1.0
2025-02-17 12:10:36,172 [WARN] PackLoader:240 - Cannot read IP mode file for STMicroelectronics.X-CUBE-SAFEA1.1.2.2
2025-02-17 12:10:36,177 [WARN] PackLoader:240 - Cannot read IP mode file for STMicroelectronics.X-CUBE-NFC4.3.0.0
2025-02-17 12:10:36,186 [WARN] PackLoader:240 - Cannot read IP mode file for EmbeddedOffice.I-CUBE-FS-RTOS.1.0.1
2025-02-17 12:10:36,186 [ERROR] ConditionMgr:805 - Attr not supported : Dmpu
2025-02-17 12:10:36,186 [ERROR] ConditionMgr:805 - Attr not supported : Dmpu
2025-02-17 12:10:36,186 [ERROR] ConditionMgr:805 - Attr not supported : Dmpu
2025-02-17 12:10:36,186 [ERROR] ConditionMgr:805 - Attr not supported : Dmpu
2025-02-17 12:10:36,186 [ERROR] ConditionMgr:805 - Attr not supported : Dmpu
2025-02-17 12:10:36,186 [ERROR] ConditionMgr:805 - Attr not supported : Dmpu
2025-02-17 12:10:36,186 [ERROR] ConditionMgr:805 - Attr not supported : Dmpu
2025-02-17 12:10:36,186 [ERROR] ConditionMgr:805 - Attr not supported : Dmpu
2025-02-17 12:10:36,186 [ERROR] ConditionMgr:805 - Attr not supported : Dmpu
2025-02-17 12:10:36,186 [ERROR] ConditionMgr:805 - Attr not supported : Dmpu
2025-02-17 12:10:36,186 [ERROR] ConditionMgr:805 - Attr not supported : Dmpu
2025-02-17 12:10:36,187 [ERROR] ConditionMgr:805 - Attr not supported : Dmpu
2025-02-17 12:10:36,188 [ERROR] ConditionMgr:805 - Attr not supported : Dmpu
2025-02-17 12:10:36,188 [ERROR] ConditionMgr:805 - Attr not supported : Dmpu
2025-02-17 12:10:36,188 [ERROR] ConditionMgr:805 - Attr not supported : Dmpu
2025-02-17 12:10:36,188 [ERROR] ConditionMgr:805 - Attr not supported : Dmpu
2025-02-17 12:10:36,188 [ERROR] ConditionMgr:805 - Attr not supported : Dmpu
2025-02-17 12:10:36,188 [ERROR] ConditionMgr:805 - Attr not supported : Dmpu
2025-02-17 12:10:36,188 [ERROR] ConditionMgr:805 - Attr not supported : Dmpu
2025-02-17 12:10:36,188 [ERROR] ConditionMgr:805 - Attr not supported : Dmpu
2025-02-17 12:10:36,188 [ERROR] ConditionMgr:805 - Attr not supported : Dmpu
2025-02-17 12:10:36,188 [ERROR] ConditionMgr:805 - Attr not supported : Dmpu
2025-02-17 12:10:36,188 [ERROR] ConditionMgr:805 - Attr not supported : Dmpu
2025-02-17 12:10:36,189 [ERROR] ConditionMgr:805 - Attr not supported : Dmpu
2025-02-17 12:10:36,189 [ERROR] ConditionMgr:805 - Attr not supported : Dmpu
2025-02-17 12:10:36,189 [ERROR] ConditionMgr:805 - Attr not supported : Dmpu
2025-02-17 12:10:36,189 [ERROR] ConditionMgr:805 - Attr not supported : Dmpu
2025-02-17 12:10:36,189 [ERROR] ConditionMgr:805 - Attr not supported : Dmpu
2025-02-17 12:10:36,189 [ERROR] ConditionMgr:805 - Attr not supported : Dmpu
2025-02-17 12:10:36,189 [ERROR] ConditionMgr:805 - Attr not supported : Dmpu
2025-02-17 12:10:36,189 [ERROR] ConditionMgr:805 - Attr not supported : Dmpu
2025-02-17 12:10:36,189 [ERROR] ConditionMgr:805 - Attr not supported : Dmpu
2025-02-17 12:10:36,189 [ERROR] ConditionMgr:805 - Attr not supported : Dmpu
2025-02-17 12:10:36,189 [ERROR] ConditionMgr:805 - Attr not supported : Dmpu
2025-02-17 12:10:36,189 [ERROR] ConditionMgr:805 - Attr not supported : Dmpu
2025-02-17 12:10:36,189 [ERROR] ConditionMgr:805 - Attr not supported : Dmpu
2025-02-17 12:10:36,189 [ERROR] ConditionMgr:805 - Attr not supported : Dmpu
2025-02-17 12:10:36,189 [ERROR] ConditionMgr:805 - Attr not supported : Dmpu
2025-02-17 12:10:36,190 [ERROR] ConditionMgr:805 - Attr not supported : Dmpu
2025-02-17 12:10:36,190 [ERROR] ConditionMgr:805 - Attr not supported : Dmpu
2025-02-17 12:10:36,190 [ERROR] ConditionMgr:805 - Attr not supported : Dmpu
2025-02-17 12:10:36,190 [ERROR] ConditionMgr:805 - Attr not supported : Dmpu
2025-02-17 12:10:36,190 [ERROR] ConditionMgr:805 - Attr not supported : Dmpu
2025-02-17 12:10:36,190 [ERROR] ConditionMgr:805 - Attr not supported : Dmpu
2025-02-17 12:10:36,190 [ERROR] ConditionMgr:805 - Attr not supported : Dmpu
2025-02-17 12:10:36,190 [ERROR] ConditionMgr:805 - Attr not supported : Dmpu
2025-02-17 12:10:36,190 [ERROR] ConditionMgr:805 - Attr not supported : Dmpu
2025-02-17 12:10:36,191 [ERROR] ConditionMgr:805 - Attr not supported : Dmpu
2025-02-17 12:10:36,191 [ERROR] ConditionMgr:805 - Attr not supported : Dmpu
2025-02-17 12:10:36,191 [ERROR] ConditionMgr:805 - Attr not supported : Dmpu
2025-02-17 12:10:36,191 [ERROR] ConditionMgr:805 - Attr not supported : Dmpu
2025-02-17 12:10:36,191 [ERROR] ConditionMgr:805 - Attr not supported : Dmpu
2025-02-17 12:10:36,191 [ERROR] ConditionMgr:805 - Attr not supported : Dmpu
2025-02-17 12:10:36,191 [ERROR] ConditionMgr:805 - Attr not supported : Dmpu
2025-02-17 12:10:36,191 [ERROR] ConditionMgr:805 - Attr not supported : Dmpu
2025-02-17 12:10:36,191 [ERROR] ConditionMgr:805 - Attr not supported : Dmpu
2025-02-17 12:10:36,191 [ERROR] ConditionMgr:805 - Attr not supported : Dmpu
2025-02-17 12:10:36,191 [ERROR] ConditionMgr:805 - Attr not supported : Dmpu
2025-02-17 12:10:36,191 [ERROR] ConditionMgr:805 - Attr not supported : Dmpu
2025-02-17 12:10:36,191 [ERROR] ConditionMgr:805 - Attr not supported : Dmpu
2025-02-17 12:10:36,191 [ERROR] ConditionMgr:805 - Attr not supported : Dmpu
2025-02-17 12:10:36,191 [ERROR] ConditionMgr:805 - Attr not supported : Dmpu
2025-02-17 12:10:36,192 [ERROR] ConditionMgr:805 - Attr not supported : Dmpu
2025-02-17 12:10:36,192 [ERROR] ConditionMgr:805 - Attr not supported : Dmpu
2025-02-17 12:10:36,194 [ERROR] Engine:466 - /home/engineering/.stm32cubemx/thirdparties/pdsc/STMicroelectronics.X-CUBE-TCPP.4.2.0.pdsc: PDSC version is not supported
2025-02-17 12:10:36,196 [WARN] PackLoader:240 - Cannot read IP mode file for RealThread.X-CUBE-RT-Thread_Nano.4.1.1
2025-02-17 12:10:36,198 [WARN] PackLoader:240 - Cannot read IP mode file for STMicroelectronics.FP-ATR-SIGFOX1.3.2.0
2025-02-17 12:10:36,200 [WARN] ConditionMgr:438 - getConditionDescription Invalid condition id : Cortex-A Device cause : null
2025-02-17 12:10:36,214 [WARN] ConditionMgr:1039 - genDependencies : Invalid condition id : Cortex-A Device cause : null
2025-02-17 12:10:36,217 [WARN] ConditionMgr:1039 - genDependencies : Invalid condition id : Cortex-A Device cause : null
2025-02-17 12:10:36,217 [WARN] ConditionMgr:1039 - genDependencies : Invalid condition id : Cortex-A Device cause : null
2025-02-17 12:10:36,222 [WARN] PackLoader:240 - Cannot read IP mode file for STMicroelectronics.X-CUBE-EEPRMA1.5.1.0
2025-02-17 12:10:36,228 [WARN] PackLoader:240 - Cannot read IP mode file for wolfSSL.I-CUBE-wolfSSL.5.7.4
2025-02-17 12:10:36,231 [WARN] PackLoader:240 - Cannot read IP mode file for ITTIA_DB.I-CUBE-ITTIADB.8.9.0
2025-02-17 12:10:36,264 [WARN] PackLoader:240 - Cannot read IP mode file for SEGGER.I-CUBE-embOS.1.3.1
2025-02-17 12:10:36,331 [WARN] PackLoader:240 - Cannot read IP mode file for STMicroelectronics.X-CUBE-ALGOBUILD.1.4.0
2025-02-17 12:10:36,333 [WARN] PackLoader:240 - Cannot read IP mode file for STMicroelectronics.X-CUBE-AI.9.1.0
2025-02-17 12:10:36,346 [WARN] PackLoader:240 - Cannot read IP mode file for STMicroelectronics.X-CUBE-AZRTOS-F4.1.1.0
2025-02-17 12:10:36,355 [WARN] PackLoader:240 - Cannot read IP mode file for STMicroelectronics.X-CUBE-ISPU.2.1.0
2025-02-17 12:10:36,361 [WARN] PackLoader:240 - Cannot read IP mode file for STMicroelectronics.X-CUBE-FREERTOS.1.2.0
2025-02-17 12:10:36,389 [WARN] PackLoader:240 - Cannot read IP mode file for STMicroelectronics.X-CUBE-AZRTOS-L5.2.0.0
2025-02-17 12:10:36,395 [WARN] PackLoader:240 - Cannot read IP mode file for STMicroelectronics.X-CUBE-NFC6.3.1.0
2025-02-17 12:10:36,399 [WARN] PackLoader:240 - Cannot read IP mode file for STMicroelectronics.X-CUBE-DPower.1.2.0
2025-02-17 12:10:36,402 [WARN] PackLoader:240 - Cannot read IP mode file for STMicroelectronics.X-CUBE-FREERTOS.1.3.0
2025-02-17 12:10:36,406 [WARN] PackLoader:240 - Cannot read IP mode file for STMicroelectronics.X-CUBE-NFC7.1.0.1
2025-02-17 12:10:36,421 [WARN] ConditionMgr:438 - getConditionDescription Invalid condition id : LAN8742 Phy interface Condition cause : null
2025-02-17 12:10:36,422 [WARN] PackLoader:240 - Cannot read IP mode file for STMicroelectronics.X-CUBE-AZRTOS-L4.2.0.0
2025-02-17 12:10:36,423 [WARN] ConditionMgr:1039 - genDependencies : Invalid condition id : LAN8742 Phy interface Condition cause : null
2025-02-17 12:10:36,424 [WARN] ConditionMgr:1039 - genDependencies : Invalid condition id : LAN8742 Phy interface Condition cause : null
2025-02-17 12:10:36,424 [WARN] ConditionMgr:1039 - genDependencies : Invalid condition id : LAN8742 Phy interface Condition cause : null
2025-02-17 12:10:36,428 [WARN] PackLoader:240 - Cannot read IP mode file for STMicroelectronics.X-CUBE-SFXS2LP1.4.0.0
2025-02-17 12:10:36,441 [WARN] PackLoader:240 - Cannot read IP mode file for STMicroelectronics.X-CUBE-AZRTOS-H7.3.3.0
2025-02-17 12:10:36,452 [WARN] PackLoader:240 - Cannot read IP mode file for STMicroelectronics.X-CUBE-IPS.3.0.0
2025-02-17 12:10:36,467 [WARN] ConditionMgr:438 - getConditionDescription Invalid condition id : UX DEVICE CLASS RTOS Condition cause : null
2025-02-17 12:10:36,468 [WARN] ConditionMgr:438 - getConditionDescription Invalid condition id : UX DEVICE CLASS RTOS Condition cause : null
2025-02-17 12:10:36,470 [WARN] PackLoader:240 - Cannot read IP mode file for STMicroelectronics.X-CUBE-AZRTOS-WB.2.0.0
2025-02-17 12:10:36,471 [WARN] ConditionMgr:1039 - genDependencies : Invalid condition id : UX DEVICE CLASS RTOS Condition cause : null
2025-02-17 12:10:36,471 [WARN] ConditionMgr:1039 - genDependencies : Invalid condition id : UX DEVICE CLASS RTOS Condition cause : null
2025-02-17 12:10:36,471 [WARN] ConditionMgr:1039 - genDependencies : Invalid condition id : UX DEVICE CLASS RTOS Condition cause : null
2025-02-17 12:10:36,472 [WARN] ConditionMgr:1039 - genDependencies : Invalid condition id : UX DEVICE CLASS RTOS Condition cause : null
2025-02-17 12:10:36,473 [WARN] ConditionMgr:1039 - genDependencies : Invalid condition id : UX DEVICE CLASS RTOS Condition cause : null
2025-02-17 12:10:36,476 [WARN] PackLoader:240 - Cannot read IP mode file for STMicroelectronics.X-CUBE-GNSS1.7.0.0
2025-02-17 12:10:36,479 [WARN] PackLoader:240 - Cannot read IP mode file for STMicroelectronics.X-CUBE-GNSS1.7.0.1
2025-02-17 12:10:36,485 [WARN] PackLoader:240 - Cannot read IP mode file for STMicroelectronics.FP-SNS-STBOX1.2.0.0
2025-02-17 12:10:36,492 [WARN] PackLoader:240 - Cannot read IP mode file for STMicroelectronics.X-CUBE-SUBG2.5.0.0
2025-02-17 12:10:36,497 [WARN] PackLoader:240 - Cannot read IP mode file for Cesanta.I-CUBE-Mongoose.7.13.0
2025-02-17 12:10:36,507 [WARN] PackLoader:240 - Cannot read IP mode file for STMicroelectronics.X-CUBE-AZRTOS-G4.2.0.0
2025-02-17 12:10:36,518 [ERROR] Engine:466 - /home/engineering/.stm32cubemx/thirdparties/pdsc/STMicroelectronics.X-CUBE-IPS.3.1.0.pdsc: PDSC version is not supported
2025-02-17 12:10:36,520 [WARN] PackLoader:240 - Cannot read IP mode file for STMicroelectronics.X-CUBE-ALS.1.0.2
2025-02-17 12:10:36,523 [WARN] PackLoader:240 - Cannot read IP mode file for STMicroelectronics.X-CUBE-TOUCHGFX.4.24.2
2025-02-17 12:10:36,525 [WARN] PackLoader:240 - Cannot read IP mode file for STMicroelectronics.X-CUBE-TOUCHGFX.4.24.1
2025-02-17 12:10:36,526 [WARN] PackLoader:240 - Cannot read IP mode file for wolfSSL.I-CUBE-wolfTPM.3.4.0
2025-02-17 12:10:36,529 [WARN] PackLoader:240 - Cannot read IP mode file for portGmbH.I-Cube-SoM-uGOAL.1.1.0
2025-02-17 12:10:36,558 [WARN] PackLoader:240 - Cannot read IP mode file for STMicroelectronics.X-CUBE-AZRTOS-H7RS.1.0.0
2025-02-17 12:10:36,565 [WARN] PackLoader:240 - Cannot read IP mode file for STMicroelectronics.X-CUBE-TOF1.3.4.2
2025-02-17 12:10:36,590 [WARN] PackLoader:240 - Cannot read IP mode file for Infineon.AIROC-Wi-Fi-Bluetooth-STM32.1.6.1
2025-02-17 12:10:36,594 [WARN] PackLoader:240 - Cannot read IP mode file for wolfSSL.I-CUBE-wolfSSH.1.4.17
2025-02-17 12:10:36,595 [INFO] ThirdParty:978 - Integrity check success = true
2025-02-17 12:10:36,595 [INFO] IntegrityCheckThread:100 - exiting critical section [integrity check]
2025-02-17 12:10:36,595 [INFO] IntegrityCheckThread:103 - End integrity checks thread
2025-02-17 12:15:21,243 [INFO] McuFinderGlobals:63 - Set McuFinder mode to 2 (CubeIDE integrated)
2025-02-17 12:15:21,246 [INFO] MainUpdater:2873 - connection check result : 10
2025-02-17 12:15:21,247 [INFO] MainUpdater:2873 - connection check result : 10
2025-02-17 12:15:21,292 [INFO] RulesReader:64 - Compatibility file has been processed (297 Rules)
2025-02-17 12:15:21,303 [INFO] RulesReader:64 - Compatibility file has been processed (297 Rules)
2025-02-17 12:15:21,309 [INFO] MicroXplorer:468 - Change Database Path : 
2025-02-17 12:15:21,310 [INFO] MicroXplorer:498 - Change Database Version : DB.6.0.121
2025-02-17 12:15:21,316 [WARN] ThirdParty:871 - waiting for thirdparty lock release [close project]
2025-02-17 12:15:21,316 [INFO] ThirdParty:873 - entering critical section [close project]
2025-02-17 12:15:21,316 [INFO] ThirdParty:883 - exiting critical section [close project]
2025-02-17 12:15:21,318 [INFO] PinOutPanel:1561 - setPackage(No Configuration,No Configuration)
2025-02-17 12:15:21,321 [INFO] UtilMem:75 - Begin LoadConfig() Used Memory: 730611704 Bytes (1073741824)
2025-02-17 12:15:21,322 [INFO] MicroXplorer:468 - Change Database Path : 
2025-02-17 12:15:21,322 [INFO] MicroXplorer:498 - Change Database Version : DB.6.0.121
2025-02-17 12:15:21,322 [INFO] OpenFileManager:332 - Change cursor
2025-02-17 12:15:21,348 [INFO] Mcu:2032 - Initializing MCU STM32F407V(E-G)Tx STM32F407VGTx STM32F407VGT6
2025-02-17 12:15:23,801 [INFO] Context:742 - Trying to add GPIOservice into a context  which must be forbidden
2025-02-17 12:15:24,459 [INFO] RtosManager:555 - Registered RTOS mode: class=CMSIS, group=RTOS, mode=CMSIS_V1, owner=FREERTOS
2025-02-17 12:15:24,459 [INFO] RtosManager:555 - Registered RTOS mode: class=CMSIS, group=RTOS2, mode=CMSIS_V2, owner=FREERTOS
2025-02-17 12:15:24,459 [INFO] RtosManager:555 - Registered RTOS mode: class=RTOS, group=Core, mode=CMSIS_V1, owner=FREERTOS
2025-02-17 12:15:24,459 [INFO] RtosManager:555 - Registered RTOS mode: class=RTOS, group=Core, mode=CMSIS_V2, owner=FREERTOS
2025-02-17 12:15:24,459 [WARN] ModelIntegratedComponent:184 - Missing modes for component STMicroelectronics:FreeRTOS:0.0.1:STMicroelectronics:RTOS:FreeRTOS:Core:::10.2.0:
2025-02-17 12:15:24,474 [WARN] ModelIntegratedComponent:63 - No mode defined for component null
2025-02-17 12:15:24,474 [WARN] ModelIntegratedComponent:63 - No mode defined for component null
2025-02-17 12:15:24,474 [WARN] ModelIntegratedComponent:63 - No mode defined for component null
2025-02-17 12:15:24,474 [WARN] ModelIntegratedComponent:63 - No mode defined for component null
2025-02-17 12:15:24,474 [WARN] ModelIntegratedComponent:63 - No mode defined for component null
2025-02-17 12:15:24,474 [WARN] ModelIntegratedComponent:63 - No mode defined for component null
2025-02-17 12:15:24,474 [WARN] ModelIntegratedComponent:63 - No mode defined for component null
2025-02-17 12:15:24,474 [WARN] ModelIntegratedComponent:63 - No mode defined for component null
2025-02-17 12:15:24,474 [WARN] ModelIntegratedComponent:63 - No mode defined for component null
2025-02-17 12:15:24,474 [WARN] ModelIntegratedComponent:63 - No mode defined for component null
2025-02-17 12:15:24,474 [WARN] ModelIntegratedComponent:63 - No mode defined for component null
2025-02-17 12:15:24,474 [WARN] ModelIntegratedComponent:63 - No mode defined for component null
2025-02-17 12:15:24,474 [WARN] ModelIntegratedComponent:63 - No mode defined for component null
2025-02-17 12:15:24,475 [WARN] ModelIntegratedComponent:63 - No mode defined for component null
2025-02-17 12:15:24,475 [WARN] ModelIntegratedComponent:63 - No mode defined for component null
2025-02-17 12:15:24,475 [WARN] ModelIntegratedComponent:63 - No mode defined for component null
2025-02-17 12:15:24,475 [WARN] ModelIntegratedComponent:63 - No mode defined for component null
2025-02-17 12:15:24,475 [WARN] ModelIntegratedComponent:63 - No mode defined for component null
2025-02-17 12:15:24,475 [WARN] ModelIntegratedComponent:63 - No mode defined for component null
2025-02-17 12:15:24,475 [WARN] ModelIntegratedComponent:63 - No mode defined for component null
2025-02-17 12:15:24,475 [WARN] ModelIntegratedComponent:63 - No mode defined for component null
2025-02-17 12:15:24,475 [WARN] ModelIntegratedComponent:63 - No mode defined for component null
2025-02-17 12:15:24,475 [WARN] ModelIntegratedComponent:63 - No mode defined for component null
2025-02-17 12:15:24,475 [WARN] ModelIntegratedComponent:63 - No mode defined for component null
2025-02-17 12:15:24,475 [WARN] ModelIntegratedComponent:63 - No mode defined for component null
2025-02-17 12:15:24,475 [WARN] ModelIntegratedComponent:63 - No mode defined for component null
2025-02-17 12:15:24,475 [WARN] ModelIntegratedComponent:63 - No mode defined for component null
2025-02-17 12:15:24,475 [WARN] ModelIntegratedComponent:63 - No mode defined for component null
2025-02-17 12:15:24,475 [WARN] ModelIntegratedComponent:63 - No mode defined for component null
2025-02-17 12:15:24,475 [WARN] ModelIntegratedComponent:63 - No mode defined for component null
2025-02-17 12:15:24,475 [WARN] ModelIntegratedComponent:63 - No mode defined for component null
2025-02-17 12:15:24,475 [WARN] ModelIntegratedComponent:63 - No mode defined for component null
2025-02-17 12:15:24,475 [WARN] ModelIntegratedComponent:63 - No mode defined for component null
2025-02-17 12:15:24,475 [WARN] ModelIntegratedComponent:63 - No mode defined for component null
2025-02-17 12:15:24,475 [WARN] ModelIntegratedComponent:63 - No mode defined for component null
2025-02-17 12:15:24,476 [WARN] ModelPack:524 - Component already loaded: STMicroelectronics:HAL Drivers:0.0.0:STMicroelectronics:Device:STMicro_Driver:XSPI:HAL::0.0.1:HAL_XSPI
2025-02-17 12:15:24,549 [INFO] ThirdPartyModel:298 - Start build external matchings
2025-02-17 12:15:24,888 [INFO] ThirdPartyModel:316 - End build external matchings
2025-02-17 12:15:25,282 [INFO] ApiDb:581 - Connected to CubeFinder SQLite database (/home/engineering/.stmcufinder/plugins/mcufinder/mcu/cube-finder-db.db)
2025-02-17 12:15:25,332 [INFO] ApiDb:668 - CubeFinder database Data Model version=2.1
2025-02-17 12:15:25,332 [INFO] ApiDb:669 - CubeFinder database Configuration version=3.0.39
2025-02-17 12:15:25,333 [INFO] ApiDb:670 - CubeFinder database generation date=2025-02-07 (1738919966)
2025-02-17 12:15:25,333 [INFO] ApiDb:671 - CubeFinder database FW Pack versions=[FP-ATR-ASTRA1_V2.0.0, FP-SNS-FLIGHT1_V5.0.2, FP-SNS-MOTENV1_V5.0.0, FP-SNS-MOTENVWB1_V1.4.0, FP-SNS-SMARTAG2_V1.2.0, FP-SNS-STBOX1_V2.0.0, STM32Cube_FW_C0_V1.3.0, STM32Cube_FW_F4_V1.28.1, STM32Cube_FW_F7_V1.17.2, STM32Cube_FW_G0_V1.6.2, STM32Cube_FW_G4_V1.6.1, STM32Cube_FW_H5_V1.4.0, STM32Cube_FW_H7RS_V1.1.0, STM32Cube_FW_H7_V1.12.0, STM32Cube_FW_L0_V1.12.2, STM32Cube_FW_L4_V1.18.1, STM32Cube_FW_L5_V1.5.1, STM32Cube_FW_N6_V1.0.0, STM32Cube_FW_U0_V1.2.0, STM32Cube_FW_U3_V1.0.0, STM32Cube_FW_U5_V1.7.0, STM32Cube_FW_WB0_V1.1.0, STM32Cube_FW_WBA_V1.5.0, STM32Cube_FW_WB_V1.21.0, STM32Cube_FW_WL3_V1.0.0, STM32Cube_FW_WL_V1.3.0, X-CUBE-ALGOBUILD_V1.4.0, X-CUBE-ALS_V1.0.2, X-CUBE-AZRTOS-F4_V1.1.0, X-CUBE-AZRTOS-F7_V1.1.0, X-CUBE-AZRTOS-G0_V1.1.0, X-CUBE-AZRTOS-G4_V2.0.0, X-CUBE-AZRTOS-H7RS_V1.0.0, X-CUBE-AZRTOS-H7_V3.3.0, X-CUBE-AZRTOS-L4_V2.0.0, X-CUBE-AZRTOS-L5_V2.0.0, X-CUBE-AZRTOS-WB_V2.0.0, X-CUBE-AZRTOS-WL_V2.0.0, X-CUBE-BLE1_V7.0.0, X-CUBE-BLE2_V3.3.0, X-CUBE-BLEMGR_V4.0.0, X-CUBE-EEPRMA1_V5.1.0, X-CUBE-FREERTOS_V1.2.0, X-CUBE-GNSS1_V6.0.0, X-CUBE-MEMS1_V11.1.0, X-CUBE-NFC4_V3.0.0, X-CUBE-NFC7_V1.0.1, X-CUBE-SFXS2LP1_V4.0.0, X-CUBE-SUBG2_V5.0.0, X-CUBE-TOF1_V3.4.2]
2025-02-17 12:15:25,377 [INFO] DbBoardsSqlite:226 - include board P-NUCLEO-WB55-NUCLEO as a kit item of type 'Nucleo-64'
2025-02-17 12:15:25,377 [INFO] DbBoardsSqlite:226 - include board P-NUCLEO-WB55-USBDONGLE as a kit item of type 'Nucleo USB Dongle'
2025-02-17 12:15:25,377 [INFO] DbBoardsSqlite:226 - include board STEVAL-IDP005V1 as a kit item of type 'Evaluation Board'
2025-02-17 12:15:25,377 [INFO] DbBoardsSqlite:226 - include board STEVAL-IDP005V2 as a kit item of type 'Evaluation Board'
2025-02-17 12:15:25,416 [INFO] ApiDb:240 - Found 646 in-development CPN: [B-G473E-ZEST1S, B-WB1M-WPAN1, B-WL5M-SUBG1, NUCLEO-C031C6, NUCLEO-C071RB, NUCLEO-H503RB, NUCLEO-H533RE, NUCLEO-H563ZI, NUCLEO-H7S3L8, NUCLEO-U031R8, NUCLEO-U083RC, NUCLEO-U545RE-Q, NUCLEO-U5A5ZJ-Q, NUCLEO-WB05KZ, NUCLEO-WB07CC, NUCLEO-WB09KE, NUCLEO-WBA52CG, NUCLEO-WBA55CG, STEVAL-PROTEUS1, STEVAL-SMARTAG2, STEVAL-STWINBX1, STM320518-EVAL, STM32C0116-DK, STM32C011D6Y3TR, STM32C011D6Y6TR, STM32C011F4P3, STM32C011F4P6, STM32C011F4U3, STM32C011F4U6TR, STM32C011F6P3, STM32C011F6P6, STM32C011F6U3, STM32C011F6U6TR, STM32C011J4M3, STM32C011J4M6, STM32C011J6M3, STM32C011J6M6, STM32C0316-DK, STM32C031C4T3, STM32C031C4T6, STM32C031C4U3, STM32C031C4U6, STM32C031C6T3, STM32C031C6T6, STM32C031C6U3, STM32C031C6U6, STM32C031F4P3, STM32C031F4P6, STM32C031F6P3, STM32C031F6P6, STM32C031G4U3, STM32C031G4U6, STM32C031G6U3, STM32C031G6U6, STM32C031K4T3, STM32C031K4T6, STM32C031K4U3, STM32C031K4U6, STM32C031K6T3, STM32C031K6T6, STM32C031K6U3, STM32C031K6U6, STM32C071C8T6, STM32C071C8T6N, STM32C071C8U6, STM32C071C8U6N, STM32C071CBT6, STM32C071CBT6N, STM32C071CBU6, STM32C071CBU6N, STM32C071F8P6, STM32C071F8P6N, STM32C071FBP6, STM32C071FBP6N, STM32C071FBY6TR, STM32C071G8U6, STM32C071G8U6N, STM32C071GBU6, STM32C071GBU6N, STM32C071K8T6, STM32C071K8T6N, STM32C071K8U6, STM32C071K8U6N, STM32C071KBT6, STM32C071KBT6N, STM32C071KBU6, STM32C071KBU6N, STM32C071R8T6, STM32C071R8T6N, STM32C071RBI6N, STM32C071RBT6, STM32C071RBT6N, STM32G071K8TXN, STM32G071K8UXN, STM32G081GBU6N, STM32G081KBT6N, STM32G081KBUXN, STM32G0B1CCT6N, STM32G0B1KCT6, STM32G0B1NEY6TR, STM32G0B1RCT6N, STM32G0C1CCT6, STM32G0C1CCT6N, STM32G0C1CCU6N, STM32G0C1CET6N, STM32G0C1CEU6N, STM32G0C1KCT6, STM32G0C1NEY6TR, STM32G0C1RCI6N, STM32G0C1RCT6N, STM32G0C1REI6N, STM32G0C1RET6N, STM32G0C1VCI6, STM32G0C1VEI6, STM32G411C6T3, STM32G411C6T6, STM32G411C6U3, STM32G411C6U6, STM32G411C8T3, STM32G411C8T6, STM32G411C8U3, STM32G411C8U6, STM32G411CBT3, STM32G411CBT6, STM32G411CBU3, STM32G411CBU6, STM32G411K6T3, STM32G411K6T6, STM32G411K6U3, STM32G411K6U6, STM32G411K8T3, STM32G411K8T6, STM32G411K8U3, STM32G411K8U6, STM32G411KBT3, STM32G411KBT6, STM32G411KBU3, STM32G411KBU6, STM32G411M6T3, STM32G411M6T6, STM32G411M8T3, STM32G411M8T6, STM32G411MBT3, STM32G411MBT6, STM32G411R6T3, STM32G411R6T6, STM32G411R8T3, STM32G411R8T6, STM32G411RBT3, STM32G411RBT6, STM32G414CBT3, STM32G414CBT6, STM32G414CBU3, STM32G414CBU6, STM32G414CCT3, STM32G414CCT6, STM32G414CCU3, STM32G414CCU6, STM32G414MBT3, STM32G414MBT6, STM32G414MCT3, STM32G414MCT6, STM32G414RBT3, STM32G414RBT6, STM32G414RCT3, STM32G414RCT6, STM32G414VBT3, STM32G414VBT6, STM32G414VCT3, STM32G414VCT6, STM32G431CBT3Z, STM32G431RBT3Z, STM32G471CCT6, STM32G471CCU6, STM32G471CET3, STM32G471CET6, STM32G471CEU3, STM32G471CEU6, STM32G471MCT6, STM32G471MET3, STM32G471MET6, STM32G471MEY6TR, STM32G471QCT6, STM32G471QET3, STM32G471RCT6, STM32G471RET3, STM32G471RET6, STM32G471VCH6, STM32G471VCI6, STM32G471VCT6, STM32G471VEH3, STM32G471VEH6, STM32G471VEI3, STM32G471VEI6, STM32G471VET3, STM32G471VET6, STM32G473QET3Z, STM32G473RET3Z, STM32G474CCT6, STM32G491RET3Z, STM32H503CBT6, STM32H503CBU6, STM32H503EBY6TR, STM32H503KBU6, STM32H503RBT6, STM32H523CCT6, STM32H523CCU6, STM32H523CET6, STM32H523CEU6, STM32H523HEY6TR, STM32H523RCT6, STM32H523RET6, STM32H523VCI6, STM32H523VCT6, STM32H523VEI6, STM32H523VET6, STM32H523ZCJ6, STM32H523ZCT6, STM32H523ZEJ6, STM32H523ZET6, STM32H533CET6, STM32H533CEU6, STM32H533HEY6TR, STM32H533RET6, STM32H533VEI6, STM32H533VET6, STM32H533ZEJ6, STM32H533ZET6, STM32H562AGI6, STM32H562AII6, STM32H562IGK6, STM32H562IGT6, STM32H562IIK6, STM32H562IIT6, STM32H562RGT6, STM32H562RGV6, STM32H562RIT6, STM32H562RIV6, STM32H562VGT6, STM32H562VIT6, STM32H562ZGT6, STM32H562ZIT6, STM32H563AGI6, STM32H563AII3Q, STM32H563AII6, STM32H563IGK6, STM32H563IGT6, STM32H563IIK3Q, STM32H563IIK6, STM32H563IIT3Q, STM32H563IIT6, STM32H563MIY3QTR, STM32H563RGT6, STM32H563RGV6, STM32H563RIT6, STM32H563RIV6, STM32H563VGT6, STM32H563VIT3Q, STM32H563VIT6, STM32H563ZGT6, STM32H563ZIT3Q, STM32H563ZIT6, STM32H573AII3Q, STM32H573AII6, STM32H573I-DK, STM32H573IIK3Q, STM32H573IIK6, STM32H573IIT3Q, STM32H573IIT6, STM32H573MIY3QTR, STM32H573RIT6, STM32H573RIV6, STM32H573VIT3Q, STM32H573VIT6, STM32H573ZIT3Q, STM32H573ZIT6, STM32H7R3A8I6, STM32H7R3I8K6, STM32H7R3I8T6, STM32H7R3L8H6, STM32H7R3L8H6H, STM32H7R3R8V6, STM32H7R3V8H6, STM32H7R3V8T6, STM32H7R3V8Y6TR, STM32H7R3Z8J6, STM32H7R3Z8T6, STM32H7R7A8I6, STM32H7R7I8K6, STM32H7R7I8T6, STM32H7R7L8H6, STM32H7R7L8H6H, STM32H7R7Z8J6, STM32H7S3A8I6, STM32H7S3I8K6, STM32H7S3I8T6, STM32H7S3L8H6, STM32H7S3L8H6H, STM32H7S3R8V6, STM32H7S3V8H6, STM32H7S3V8T6, STM32H7S3V8Y6TR, STM32H7S3Z8J6, STM32H7S3Z8T6, STM32H7S78-DK, STM32H7S7A8I6, STM32H7S7I8K6, STM32H7S7I8T6, STM32H7S7L8H6, STM32H7S7L8H6H, STM32H7S7Z8J6, STM32L4R5QGI6STR, STM32MP131AAE3, STM32MP131AAF3, STM32MP131AAG3, STM32MP131CAE3, STM32MP131CAF3, STM32MP131CAG3, STM32MP131DAE7, STM32MP131DAF7, STM32MP131DAG7, STM32MP131FAE7, STM32MP131FAF7, STM32MP131FAG7, STM32MP133AAE3, STM32MP133AAF3, STM32MP133AAG3, STM32MP133CAE3, STM32MP133CAF3, STM32MP133CAG3, STM32MP133DAE7, STM32MP133DAF7, STM32MP133DAG7, STM32MP133FAE7, STM32MP133FAF7, STM32MP133FAG7, STM32MP135AAE3, STM32MP135AAF3, STM32MP135AAG3, STM32MP135CAE3, STM32MP135CAF3, STM32MP135CAG3, STM32MP135DAE7, STM32MP135DAF7, STM32MP135DAG7, STM32MP135F-DK, STM32MP135FAE7, STM32MP135FAF7, STM32MP135FAF7T, STM32MP135FAF7U, STM32MP135FAG7, STM32MP251AAI3, STM32MP251AAK3, STM32MP251AAL3, STM32MP251CAI3, STM32MP251CAK3, STM32MP251CAL3, STM32MP251DAI3, STM32MP251DAK3, STM32MP251DAL3, STM32MP251FAI3, STM32MP251FAK3, STM32MP251FAL3, STM32MP253AAI3, STM32MP253AAK3, STM32MP253AAL3, STM32MP253CAI3, STM32MP253CAK3, STM32MP253CAL3, STM32MP253DAI3, STM32MP253DAK3, STM32MP253DAL3, STM32MP253FAI3, STM32MP253FAK3, STM32MP253FAL3, STM32MP255AAI3, STM32MP255AAK3, STM32MP255AAL3, STM32MP255CAI3, STM32MP255CAK3, STM32MP255CAL3, STM32MP255DAI3, STM32MP255DAK3, STM32MP255DAL3, STM32MP255FAI3, STM32MP255FAK3, STM32MP255FAL3, STM32MP257AAI3, STM32MP257AAK3, STM32MP257AAL3, STM32MP257CAI3, STM32MP257CAK3, STM32MP257CAL3, STM32MP257DAI3, STM32MP257DAK3, STM32MP257DAL3, STM32MP257F-DK, STM32MP257F-EV1, STM32MP257FAI3, STM32MP257FAK3, STM32MP257FAL3, STM32U031C6T6, STM32U031C6U6, STM32U031C8T6, STM32U031C8U6, STM32U031F4P6, STM32U031F6P6, STM32U031F8P6, STM32U031G6Y6TR, STM32U031G8Y6TR, STM32U031K4U6, STM32U031K6U6, STM32U031K8U6, STM32U031R6I6, STM32U031R6T6, STM32U031R8I6, STM32U031R8T6, STM32U073C8T6, STM32U073C8U6, STM32U073CBT6, STM32U073CBU6, STM32U073CCT6, STM32U073CCU6, STM32U073H8Y6TR, STM32U073HBY6TR, STM32U073HCY6TR, STM32U073K8U6, STM32U073KBU6, STM32U073KCU6, STM32U073M8I6, STM32U073M8T6, STM32U073MBI6, STM32U073MBT6, STM32U073MCI6, STM32U073MCT6, STM32U073R8I6, STM32U073R8T6, STM32U073RBI6, STM32U073RBT6, STM32U073RCI6, STM32U073RCT6, STM32U083C-DK, STM32U083CCT6, STM32U083CCU6, STM32U083HCY6TR, STM32U083KCU6, STM32U083MCI6, STM32U083MCT6, STM32U083RCI6, STM32U083RCT6, STM32U535CBT6, STM32U535CBT6Q, STM32U535CBU6, STM32U535CBU6Q, STM32U535CCT6, STM32U535CCT6Q, STM32U535CCU6, STM32U535CCU6Q, STM32U535CET6, STM32U535CET6Q, STM32U535CEU6, STM32U535CEU6Q, STM32U535JEY6QTR, STM32U535NCY6QTR, STM32U535NEY6QTR, STM32U535RBI6, STM32U535RBI6Q, STM32U535RBT6, STM32U535RBT6Q, STM32U535RCI6, STM32U535RCI6Q, STM32U535RCT6, STM32U535RCT6Q, STM32U535REI6, STM32U535REI6Q, STM32U535RET6, STM32U535RET6Q, STM32U535VCI6, STM32U535VCI6Q, STM32U535VCT6, STM32U535VCT6Q, STM32U535VEI6, STM32U535VEI6Q, STM32U535VET6, STM32U535VET6Q, STM32U545CET6, STM32U545CET6Q, STM32U545CEU6, STM32U545CEU6Q, STM32U545JEY6QTR, STM32U545NEY6QTR, STM32U545REI6, STM32U545REI6Q, STM32U545RET6, STM32U545RET6Q, STM32U545VEI6, STM32U545VEI6Q, STM32U545VET6, STM32U545VET6Q, STM32U595AIH6, STM32U595AIH6Q, STM32U595AJH6, STM32U595AJH6Q, STM32U595QII6, STM32U595QII6Q, STM32U595QJI6, STM32U595QJI6Q, STM32U595RIT6, STM32U595RIT6Q, STM32U595RJT6, STM32U595RJT6Q, STM32U595VIT6, STM32U595VIT6Q, STM32U595VJT6, STM32U595VJT6Q, STM32U595ZIT6, STM32U595ZIT6Q, STM32U595ZIY6QTR, STM32U595ZJT6, STM32U595ZJT6Q, STM32U595ZJY6QTR, STM32U599BJY6QTR, STM32U599NIH6Q, STM32U599NJH6Q, STM32U599VIT6Q, STM32U599VJT6, STM32U599VJT6Q, STM32U599ZIT6Q, STM32U599ZIY6QTR, STM32U599ZJT6Q, STM32U599ZJY6QTR, STM32U5A5AJH6, STM32U5A5AJH6Q, STM32U5A5QII3Q , STM32U5A5QJI6, STM32U5A5QJI6Q, STM32U5A5RJT6, STM32U5A5RJT6Q, STM32U5A5VJT6, STM32U5A5VJT6Q, STM32U5A5ZJT6, STM32U5A5ZJT6Q, STM32U5A5ZJY6QTR, STM32U5A9BJY6QTR, STM32U5A9J-DK, STM32U5A9NJH6Q, STM32U5A9VJT6Q, STM32U5A9ZJT6Q, STM32U5A9ZJY6QTR, STM32U5F7VIT6, STM32U5F7VIT6Q, STM32U5F7VJT6, STM32U5F7VJT6Q, STM32U5F9BJY6QTR, STM32U5F9NJH6Q, STM32U5F9VIT6Q, STM32U5F9VJT6Q, STM32U5F9ZIJ6QTR, STM32U5F9ZIT6Q, STM32U5F9ZJJ6QTR, STM32U5F9ZJT6Q, STM32U5G7VJT6, STM32U5G7VJT6Q, STM32U5G9BJY6QTR, STM32U5G9J-DK1, STM32U5G9J-DK2, STM32U5G9NJH6Q, STM32U5G9VJT6Q, STM32U5G9ZJJ6QTR, STM32U5G9ZJT6Q, STM32WB05KZV6TR, STM32WB05KZV7TR, STM32WB05TZF6TR, STM32WB05TZF7TR, STM32WB06CCF6TR, STM32WB06CCF7TR, STM32WB06CCV6TR, STM32WB06CCV7TR, STM32WB06KCV6TR, STM32WB06KCV7TR, STM32WB07CCF6TR, STM32WB07CCF7TR, STM32WB07CCV6TR, STM32WB07CCV7TR, STM32WB07KCV6TR, STM32WB07KCV7TR, STM32WB09KEV6TR, STM32WB09KEV7TR, STM32WB09TEF6TR, STM32WB09TEF7TR, STM32WB1MMCH6, STM32WBA50KGU6, STM32WBA50KGU6TR, STM32WBA52CEU6, STM32WBA52CEU6TR, STM32WBA52CEU7, STM32WBA52CEU7TR, STM32WBA52CGU6, STM32WBA52CGU6TR, STM32WBA52CGU6U, STM32WBA52CGU7, STM32WBA52CGU7TR, STM32WBA52KEU6, STM32WBA52KEU6TR, STM32WBA52KGU6, STM32WBA52KGU6TR, STM32WBA54CEU6, STM32WBA54CEU6TR, STM32WBA54CEU7, STM32WBA54CEU7TR, STM32WBA54CGU6, STM32WBA54CGU6TR, STM32WBA54CGU7, STM32WBA54CGU7TR, STM32WBA54KEU6, STM32WBA54KEU6TR, STM32WBA54KEU7, STM32WBA54KEU7TR, STM32WBA54KGU6, STM32WBA54KGU6TR, STM32WBA54KGU7, STM32WBA54KGU7TR, STM32WBA55CEU6, STM32WBA55CEU6TR, STM32WBA55CEU7, STM32WBA55CEU7TR, STM32WBA55CGU6, STM32WBA55CGU6TR, STM32WBA55CGU6U, STM32WBA55CGU7, STM32WBA55CGU7TR, STM32WBA55G-DK1, STM32WBA55HEF6, STM32WBA55HEF7, STM32WBA55HGF6, STM32WBA55HGF7, STM32WBA55UEI6, STM32WBA55UEI6TR, STM32WBA55UEI7, STM32WBA55UEI7TR, STM32WBA55UGI6, STM32WBA55UGI6TR, STM32WBA55UGI7, STM32WBA55UGI7TR, STM32WL5MOCH6, STM32WL5MOCH6TR]
2025-02-17 12:15:25,419 [INFO] ApiDb:668 - CubeFinder database Data Model version=2.1
2025-02-17 12:15:25,419 [INFO] ApiDb:669 - CubeFinder database Configuration version=3.0.39
2025-02-17 12:15:25,419 [INFO] ApiDb:670 - CubeFinder database generation date=2025-02-07 (1738919966)
2025-02-17 12:15:25,419 [INFO] ApiDb:671 - CubeFinder database FW Pack versions=[FP-ATR-ASTRA1_V2.0.0, FP-SNS-FLIGHT1_V5.0.2, FP-SNS-MOTENV1_V5.0.0, FP-SNS-MOTENVWB1_V1.4.0, FP-SNS-SMARTAG2_V1.2.0, FP-SNS-STBOX1_V2.0.0, STM32Cube_FW_C0_V1.3.0, STM32Cube_FW_F4_V1.28.1, STM32Cube_FW_F7_V1.17.2, STM32Cube_FW_G0_V1.6.2, STM32Cube_FW_G4_V1.6.1, STM32Cube_FW_H5_V1.4.0, STM32Cube_FW_H7RS_V1.1.0, STM32Cube_FW_H7_V1.12.0, STM32Cube_FW_L0_V1.12.2, STM32Cube_FW_L4_V1.18.1, STM32Cube_FW_L5_V1.5.1, STM32Cube_FW_N6_V1.0.0, STM32Cube_FW_U0_V1.2.0, STM32Cube_FW_U3_V1.0.0, STM32Cube_FW_U5_V1.7.0, STM32Cube_FW_WB0_V1.1.0, STM32Cube_FW_WBA_V1.5.0, STM32Cube_FW_WB_V1.21.0, STM32Cube_FW_WL3_V1.0.0, STM32Cube_FW_WL_V1.3.0, X-CUBE-ALGOBUILD_V1.4.0, X-CUBE-ALS_V1.0.2, X-CUBE-AZRTOS-F4_V1.1.0, X-CUBE-AZRTOS-F7_V1.1.0, X-CUBE-AZRTOS-G0_V1.1.0, X-CUBE-AZRTOS-G4_V2.0.0, X-CUBE-AZRTOS-H7RS_V1.0.0, X-CUBE-AZRTOS-H7_V3.3.0, X-CUBE-AZRTOS-L4_V2.0.0, X-CUBE-AZRTOS-L5_V2.0.0, X-CUBE-AZRTOS-WB_V2.0.0, X-CUBE-AZRTOS-WL_V2.0.0, X-CUBE-BLE1_V7.0.0, X-CUBE-BLE2_V3.3.0, X-CUBE-BLEMGR_V4.0.0, X-CUBE-EEPRMA1_V5.1.0, X-CUBE-FREERTOS_V1.2.0, X-CUBE-GNSS1_V6.0.0, X-CUBE-MEMS1_V11.1.0, X-CUBE-NFC4_V3.0.0, X-CUBE-NFC7_V1.0.1, X-CUBE-SFXS2LP1_V4.0.0, X-CUBE-SUBG2_V5.0.0, X-CUBE-TOF1_V3.4.2]
2025-02-17 12:15:26,964 [INFO] ApiDb:240 - Found 646 in-development CPN: [B-G473E-ZEST1S, B-WB1M-WPAN1, B-WL5M-SUBG1, NUCLEO-C031C6, NUCLEO-C071RB, NUCLEO-H503RB, NUCLEO-H533RE, NUCLEO-H563ZI, NUCLEO-H7S3L8, NUCLEO-U031R8, NUCLEO-U083RC, NUCLEO-U545RE-Q, NUCLEO-U5A5ZJ-Q, NUCLEO-WB05KZ, NUCLEO-WB07CC, NUCLEO-WB09KE, NUCLEO-WBA52CG, NUCLEO-WBA55CG, STEVAL-PROTEUS1, STEVAL-SMARTAG2, STEVAL-STWINBX1, STM320518-EVAL, STM32C0116-DK, STM32C011D6Y3TR, STM32C011D6Y6TR, STM32C011F4P3, STM32C011F4P6, STM32C011F4U3, STM32C011F4U6TR, STM32C011F6P3, STM32C011F6P6, STM32C011F6U3, STM32C011F6U6TR, STM32C011J4M3, STM32C011J4M6, STM32C011J6M3, STM32C011J6M6, STM32C0316-DK, STM32C031C4T3, STM32C031C4T6, STM32C031C4U3, STM32C031C4U6, STM32C031C6T3, STM32C031C6T6, STM32C031C6U3, STM32C031C6U6, STM32C031F4P3, STM32C031F4P6, STM32C031F6P3, STM32C031F6P6, STM32C031G4U3, STM32C031G4U6, STM32C031G6U3, STM32C031G6U6, STM32C031K4T3, STM32C031K4T6, STM32C031K4U3, STM32C031K4U6, STM32C031K6T3, STM32C031K6T6, STM32C031K6U3, STM32C031K6U6, STM32C071C8T6, STM32C071C8T6N, STM32C071C8U6, STM32C071C8U6N, STM32C071CBT6, STM32C071CBT6N, STM32C071CBU6, STM32C071CBU6N, STM32C071F8P6, STM32C071F8P6N, STM32C071FBP6, STM32C071FBP6N, STM32C071FBY6TR, STM32C071G8U6, STM32C071G8U6N, STM32C071GBU6, STM32C071GBU6N, STM32C071K8T6, STM32C071K8T6N, STM32C071K8U6, STM32C071K8U6N, STM32C071KBT6, STM32C071KBT6N, STM32C071KBU6, STM32C071KBU6N, STM32C071R8T6, STM32C071R8T6N, STM32C071RBI6N, STM32C071RBT6, STM32C071RBT6N, STM32G071K8TXN, STM32G071K8UXN, STM32G081GBU6N, STM32G081KBT6N, STM32G081KBUXN, STM32G0B1CCT6N, STM32G0B1KCT6, STM32G0B1NEY6TR, STM32G0B1RCT6N, STM32G0C1CCT6, STM32G0C1CCT6N, STM32G0C1CCU6N, STM32G0C1CET6N, STM32G0C1CEU6N, STM32G0C1KCT6, STM32G0C1NEY6TR, STM32G0C1RCI6N, STM32G0C1RCT6N, STM32G0C1REI6N, STM32G0C1RET6N, STM32G0C1VCI6, STM32G0C1VEI6, STM32G411C6T3, STM32G411C6T6, STM32G411C6U3, STM32G411C6U6, STM32G411C8T3, STM32G411C8T6, STM32G411C8U3, STM32G411C8U6, STM32G411CBT3, STM32G411CBT6, STM32G411CBU3, STM32G411CBU6, STM32G411K6T3, STM32G411K6T6, STM32G411K6U3, STM32G411K6U6, STM32G411K8T3, STM32G411K8T6, STM32G411K8U3, STM32G411K8U6, STM32G411KBT3, STM32G411KBT6, STM32G411KBU3, STM32G411KBU6, STM32G411M6T3, STM32G411M6T6, STM32G411M8T3, STM32G411M8T6, STM32G411MBT3, STM32G411MBT6, STM32G411R6T3, STM32G411R6T6, STM32G411R8T3, STM32G411R8T6, STM32G411RBT3, STM32G411RBT6, STM32G414CBT3, STM32G414CBT6, STM32G414CBU3, STM32G414CBU6, STM32G414CCT3, STM32G414CCT6, STM32G414CCU3, STM32G414CCU6, STM32G414MBT3, STM32G414MBT6, STM32G414MCT3, STM32G414MCT6, STM32G414RBT3, STM32G414RBT6, STM32G414RCT3, STM32G414RCT6, STM32G414VBT3, STM32G414VBT6, STM32G414VCT3, STM32G414VCT6, STM32G431CBT3Z, STM32G431RBT3Z, STM32G471CCT6, STM32G471CCU6, STM32G471CET3, STM32G471CET6, STM32G471CEU3, STM32G471CEU6, STM32G471MCT6, STM32G471MET3, STM32G471MET6, STM32G471MEY6TR, STM32G471QCT6, STM32G471QET3, STM32G471RCT6, STM32G471RET3, STM32G471RET6, STM32G471VCH6, STM32G471VCI6, STM32G471VCT6, STM32G471VEH3, STM32G471VEH6, STM32G471VEI3, STM32G471VEI6, STM32G471VET3, STM32G471VET6, STM32G473QET3Z, STM32G473RET3Z, STM32G474CCT6, STM32G491RET3Z, STM32H503CBT6, STM32H503CBU6, STM32H503EBY6TR, STM32H503KBU6, STM32H503RBT6, STM32H523CCT6, STM32H523CCU6, STM32H523CET6, STM32H523CEU6, STM32H523HEY6TR, STM32H523RCT6, STM32H523RET6, STM32H523VCI6, STM32H523VCT6, STM32H523VEI6, STM32H523VET6, STM32H523ZCJ6, STM32H523ZCT6, STM32H523ZEJ6, STM32H523ZET6, STM32H533CET6, STM32H533CEU6, STM32H533HEY6TR, STM32H533RET6, STM32H533VEI6, STM32H533VET6, STM32H533ZEJ6, STM32H533ZET6, STM32H562AGI6, STM32H562AII6, STM32H562IGK6, STM32H562IGT6, STM32H562IIK6, STM32H562IIT6, STM32H562RGT6, STM32H562RGV6, STM32H562RIT6, STM32H562RIV6, STM32H562VGT6, STM32H562VIT6, STM32H562ZGT6, STM32H562ZIT6, STM32H563AGI6, STM32H563AII3Q, STM32H563AII6, STM32H563IGK6, STM32H563IGT6, STM32H563IIK3Q, STM32H563IIK6, STM32H563IIT3Q, STM32H563IIT6, STM32H563MIY3QTR, STM32H563RGT6, STM32H563RGV6, STM32H563RIT6, STM32H563RIV6, STM32H563VGT6, STM32H563VIT3Q, STM32H563VIT6, STM32H563ZGT6, STM32H563ZIT3Q, STM32H563ZIT6, STM32H573AII3Q, STM32H573AII6, STM32H573I-DK, STM32H573IIK3Q, STM32H573IIK6, STM32H573IIT3Q, STM32H573IIT6, STM32H573MIY3QTR, STM32H573RIT6, STM32H573RIV6, STM32H573VIT3Q, STM32H573VIT6, STM32H573ZIT3Q, STM32H573ZIT6, STM32H7R3A8I6, STM32H7R3I8K6, STM32H7R3I8T6, STM32H7R3L8H6, STM32H7R3L8H6H, STM32H7R3R8V6, STM32H7R3V8H6, STM32H7R3V8T6, STM32H7R3V8Y6TR, STM32H7R3Z8J6, STM32H7R3Z8T6, STM32H7R7A8I6, STM32H7R7I8K6, STM32H7R7I8T6, STM32H7R7L8H6, STM32H7R7L8H6H, STM32H7R7Z8J6, STM32H7S3A8I6, STM32H7S3I8K6, STM32H7S3I8T6, STM32H7S3L8H6, STM32H7S3L8H6H, STM32H7S3R8V6, STM32H7S3V8H6, STM32H7S3V8T6, STM32H7S3V8Y6TR, STM32H7S3Z8J6, STM32H7S3Z8T6, STM32H7S78-DK, STM32H7S7A8I6, STM32H7S7I8K6, STM32H7S7I8T6, STM32H7S7L8H6, STM32H7S7L8H6H, STM32H7S7Z8J6, STM32L4R5QGI6STR, STM32MP131AAE3, STM32MP131AAF3, STM32MP131AAG3, STM32MP131CAE3, STM32MP131CAF3, STM32MP131CAG3, STM32MP131DAE7, STM32MP131DAF7, STM32MP131DAG7, STM32MP131FAE7, STM32MP131FAF7, STM32MP131FAG7, STM32MP133AAE3, STM32MP133AAF3, STM32MP133AAG3, STM32MP133CAE3, STM32MP133CAF3, STM32MP133CAG3, STM32MP133DAE7, STM32MP133DAF7, STM32MP133DAG7, STM32MP133FAE7, STM32MP133FAF7, STM32MP133FAG7, STM32MP135AAE3, STM32MP135AAF3, STM32MP135AAG3, STM32MP135CAE3, STM32MP135CAF3, STM32MP135CAG3, STM32MP135DAE7, STM32MP135DAF7, STM32MP135DAG7, STM32MP135F-DK, STM32MP135FAE7, STM32MP135FAF7, STM32MP135FAF7T, STM32MP135FAF7U, STM32MP135FAG7, STM32MP251AAI3, STM32MP251AAK3, STM32MP251AAL3, STM32MP251CAI3, STM32MP251CAK3, STM32MP251CAL3, STM32MP251DAI3, STM32MP251DAK3, STM32MP251DAL3, STM32MP251FAI3, STM32MP251FAK3, STM32MP251FAL3, STM32MP253AAI3, STM32MP253AAK3, STM32MP253AAL3, STM32MP253CAI3, STM32MP253CAK3, STM32MP253CAL3, STM32MP253DAI3, STM32MP253DAK3, STM32MP253DAL3, STM32MP253FAI3, STM32MP253FAK3, STM32MP253FAL3, STM32MP255AAI3, STM32MP255AAK3, STM32MP255AAL3, STM32MP255CAI3, STM32MP255CAK3, STM32MP255CAL3, STM32MP255DAI3, STM32MP255DAK3, STM32MP255DAL3, STM32MP255FAI3, STM32MP255FAK3, STM32MP255FAL3, STM32MP257AAI3, STM32MP257AAK3, STM32MP257AAL3, STM32MP257CAI3, STM32MP257CAK3, STM32MP257CAL3, STM32MP257DAI3, STM32MP257DAK3, STM32MP257DAL3, STM32MP257F-DK, STM32MP257F-EV1, STM32MP257FAI3, STM32MP257FAK3, STM32MP257FAL3, STM32U031C6T6, STM32U031C6U6, STM32U031C8T6, STM32U031C8U6, STM32U031F4P6, STM32U031F6P6, STM32U031F8P6, STM32U031G6Y6TR, STM32U031G8Y6TR, STM32U031K4U6, STM32U031K6U6, STM32U031K8U6, STM32U031R6I6, STM32U031R6T6, STM32U031R8I6, STM32U031R8T6, STM32U073C8T6, STM32U073C8U6, STM32U073CBT6, STM32U073CBU6, STM32U073CCT6, STM32U073CCU6, STM32U073H8Y6TR, STM32U073HBY6TR, STM32U073HCY6TR, STM32U073K8U6, STM32U073KBU6, STM32U073KCU6, STM32U073M8I6, STM32U073M8T6, STM32U073MBI6, STM32U073MBT6, STM32U073MCI6, STM32U073MCT6, STM32U073R8I6, STM32U073R8T6, STM32U073RBI6, STM32U073RBT6, STM32U073RCI6, STM32U073RCT6, STM32U083C-DK, STM32U083CCT6, STM32U083CCU6, STM32U083HCY6TR, STM32U083KCU6, STM32U083MCI6, STM32U083MCT6, STM32U083RCI6, STM32U083RCT6, STM32U535CBT6, STM32U535CBT6Q, STM32U535CBU6, STM32U535CBU6Q, STM32U535CCT6, STM32U535CCT6Q, STM32U535CCU6, STM32U535CCU6Q, STM32U535CET6, STM32U535CET6Q, STM32U535CEU6, STM32U535CEU6Q, STM32U535JEY6QTR, STM32U535NCY6QTR, STM32U535NEY6QTR, STM32U535RBI6, STM32U535RBI6Q, STM32U535RBT6, STM32U535RBT6Q, STM32U535RCI6, STM32U535RCI6Q, STM32U535RCT6, STM32U535RCT6Q, STM32U535REI6, STM32U535REI6Q, STM32U535RET6, STM32U535RET6Q, STM32U535VCI6, STM32U535VCI6Q, STM32U535VCT6, STM32U535VCT6Q, STM32U535VEI6, STM32U535VEI6Q, STM32U535VET6, STM32U535VET6Q, STM32U545CET6, STM32U545CET6Q, STM32U545CEU6, STM32U545CEU6Q, STM32U545JEY6QTR, STM32U545NEY6QTR, STM32U545REI6, STM32U545REI6Q, STM32U545RET6, STM32U545RET6Q, STM32U545VEI6, STM32U545VEI6Q, STM32U545VET6, STM32U545VET6Q, STM32U595AIH6, STM32U595AIH6Q, STM32U595AJH6, STM32U595AJH6Q, STM32U595QII6, STM32U595QII6Q, STM32U595QJI6, STM32U595QJI6Q, STM32U595RIT6, STM32U595RIT6Q, STM32U595RJT6, STM32U595RJT6Q, STM32U595VIT6, STM32U595VIT6Q, STM32U595VJT6, STM32U595VJT6Q, STM32U595ZIT6, STM32U595ZIT6Q, STM32U595ZIY6QTR, STM32U595ZJT6, STM32U595ZJT6Q, STM32U595ZJY6QTR, STM32U599BJY6QTR, STM32U599NIH6Q, STM32U599NJH6Q, STM32U599VIT6Q, STM32U599VJT6, STM32U599VJT6Q, STM32U599ZIT6Q, STM32U599ZIY6QTR, STM32U599ZJT6Q, STM32U599ZJY6QTR, STM32U5A5AJH6, STM32U5A5AJH6Q, STM32U5A5QII3Q , STM32U5A5QJI6, STM32U5A5QJI6Q, STM32U5A5RJT6, STM32U5A5RJT6Q, STM32U5A5VJT6, STM32U5A5VJT6Q, STM32U5A5ZJT6, STM32U5A5ZJT6Q, STM32U5A5ZJY6QTR, STM32U5A9BJY6QTR, STM32U5A9J-DK, STM32U5A9NJH6Q, STM32U5A9VJT6Q, STM32U5A9ZJT6Q, STM32U5A9ZJY6QTR, STM32U5F7VIT6, STM32U5F7VIT6Q, STM32U5F7VJT6, STM32U5F7VJT6Q, STM32U5F9BJY6QTR, STM32U5F9NJH6Q, STM32U5F9VIT6Q, STM32U5F9VJT6Q, STM32U5F9ZIJ6QTR, STM32U5F9ZIT6Q, STM32U5F9ZJJ6QTR, STM32U5F9ZJT6Q, STM32U5G7VJT6, STM32U5G7VJT6Q, STM32U5G9BJY6QTR, STM32U5G9J-DK1, STM32U5G9J-DK2, STM32U5G9NJH6Q, STM32U5G9VJT6Q, STM32U5G9ZJJ6QTR, STM32U5G9ZJT6Q, STM32WB05KZV6TR, STM32WB05KZV7TR, STM32WB05TZF6TR, STM32WB05TZF7TR, STM32WB06CCF6TR, STM32WB06CCF7TR, STM32WB06CCV6TR, STM32WB06CCV7TR, STM32WB06KCV6TR, STM32WB06KCV7TR, STM32WB07CCF6TR, STM32WB07CCF7TR, STM32WB07CCV6TR, STM32WB07CCV7TR, STM32WB07KCV6TR, STM32WB07KCV7TR, STM32WB09KEV6TR, STM32WB09KEV7TR, STM32WB09TEF6TR, STM32WB09TEF7TR, STM32WB1MMCH6, STM32WBA50KGU6, STM32WBA50KGU6TR, STM32WBA52CEU6, STM32WBA52CEU6TR, STM32WBA52CEU7, STM32WBA52CEU7TR, STM32WBA52CGU6, STM32WBA52CGU6TR, STM32WBA52CGU6U, STM32WBA52CGU7, STM32WBA52CGU7TR, STM32WBA52KEU6, STM32WBA52KEU6TR, STM32WBA52KGU6, STM32WBA52KGU6TR, STM32WBA54CEU6, STM32WBA54CEU6TR, STM32WBA54CEU7, STM32WBA54CEU7TR, STM32WBA54CGU6, STM32WBA54CGU6TR, STM32WBA54CGU7, STM32WBA54CGU7TR, STM32WBA54KEU6, STM32WBA54KEU6TR, STM32WBA54KEU7, STM32WBA54KEU7TR, STM32WBA54KGU6, STM32WBA54KGU6TR, STM32WBA54KGU7, STM32WBA54KGU7TR, STM32WBA55CEU6, STM32WBA55CEU6TR, STM32WBA55CEU7, STM32WBA55CEU7TR, STM32WBA55CGU6, STM32WBA55CGU6TR, STM32WBA55CGU6U, STM32WBA55CGU7, STM32WBA55CGU7TR, STM32WBA55G-DK1, STM32WBA55HEF6, STM32WBA55HEF7, STM32WBA55HGF6, STM32WBA55HGF7, STM32WBA55UEI6, STM32WBA55UEI6TR, STM32WBA55UEI7, STM32WBA55UEI7TR, STM32WBA55UGI6, STM32WBA55UGI6TR, STM32WBA55UGI7, STM32WBA55UGI7TR, STM32WL5MOCH6, STM32WL5MOCH6TR]
2025-02-17 12:15:26,971 [INFO] DbMcus:218 - Found 4440 MCUs, 4440 are supported
2025-02-17 12:15:26,972 [INFO] ApiDb:423 - Load user favorites file /home/engineering/.stm32cubeide/favorites.mcus.txt: 0 item(s)
2025-02-17 12:15:26,972 [INFO] ApiDb:427 - User favorites MCUs=[]
2025-02-17 12:15:26,972 [INFO] DbMcus:224 - Set 0 / 0 favorites MCUs
2025-02-17 12:15:27,385 [INFO] BoardInfo:889 - No configuration file found for board NUCLEO-N657X0-Q
2025-02-17 12:15:27,386 [INFO] DbBoards:161 - Board is not supported: NUCLEO-N657X0-Q
2025-02-17 12:15:27,393 [INFO] BoardInfo:889 - No configuration file found for board NUCLEO-WL33CC1
2025-02-17 12:15:27,393 [INFO] DbBoards:161 - Board is not supported: NUCLEO-WL33CC1
2025-02-17 12:15:27,394 [INFO] BoardInfo:889 - No configuration file found for board NUCLEO-WL33CC2
2025-02-17 12:15:27,394 [INFO] DbBoards:161 - Board is not supported: NUCLEO-WL33CC2
2025-02-17 12:15:27,397 [INFO] BoardInfo:889 - No configuration file found for board P-NUCLEO-WB55
2025-02-17 12:15:27,397 [INFO] DbBoards:161 - Kit is not supported: P-NUCLEO-WB55
2025-02-17 12:15:27,399 [INFO] BoardInfo:889 - No configuration file found for board STEVAL-BFA001V1B
2025-02-17 12:15:27,399 [INFO] DbBoards:161 - Kit is not supported: STEVAL-BFA001V1B
2025-02-17 12:15:27,400 [INFO] BoardInfo:889 - No configuration file found for board STEVAL-BFA001V2B
2025-02-17 12:15:27,400 [INFO] DbBoards:161 - Kit is not supported: STEVAL-BFA001V2B
2025-02-17 12:15:27,454 [INFO] BoardInfo:889 - No configuration file found for board STM32N6570-DK
2025-02-17 12:15:27,454 [INFO] DbBoards:161 - Board is not supported: STM32N6570-DK
2025-02-17 12:15:27,459 [INFO] DbBoards:168 - Found 205 boards, 198 are supported
2025-02-17 12:15:27,459 [INFO] DbBoards:169 - Found 205 boards, 25 of them is supported for  Bsp
2025-02-17 12:15:27,462 [INFO] ApiDb:423 - Load user favorites file /home/engineering/.stm32cubeide/favorites.boards.txt: 1 item(s)
2025-02-17 12:15:27,462 [INFO] ApiDb:427 - User favorites Boards=[STM32F407G-DISC1]
2025-02-17 12:15:27,462 [INFO] DbBoards:198 - Set 1 / 1 favorites Boards
2025-02-17 12:15:27,516 [INFO] UtilMem:75 - End LoadConfig() Used Memory: 780098000 Bytes (1073741824)
2025-02-17 12:15:27,657 [WARN] ThirdParty:833 - waiting for thirdparty lock release [change project]
2025-02-17 12:15:27,658 [INFO] ThirdParty:835 - entering critical section [change project]
2025-02-17 12:15:27,658 [INFO] ThirdParty:1030 - CMSIS Pack Vendor :STMicroelectronics USBPD 4.1
2025-02-17 12:15:27,658 [INFO] ThirdParty:1030 - CMSIS Pack Vendor :STMicroelectronics X-CUBE-AZRTOS-H7 3.3.0
2025-02-17 12:15:27,658 [INFO] ThirdParty:1030 - CMSIS Pack Vendor :STMicroelectronics X-CUBE-NFC9 1.0.0
2025-02-17 12:15:27,658 [INFO] ThirdParty:1030 - CMSIS Pack Vendor :STMicroelectronics USB_HOST 2.0.0
2025-02-17 12:15:27,658 [INFO] ThirdParty:1030 - CMSIS Pack Vendor :STMicroelectronics FP-SNS-MOTENVWB1 1.4.0
2025-02-17 12:15:27,658 [INFO] ThirdParty:1030 - CMSIS Pack Vendor :STMicroelectronics X-CUBE-AZRTOS-F4 1.1.0
2025-02-17 12:15:27,658 [INFO] ThirdParty:1030 - CMSIS Pack Vendor :STMicroelectronics LIBJPEG 8.0.0
2025-02-17 12:15:27,658 [INFO] ThirdParty:1030 - CMSIS Pack Vendor :STMicroelectronics FP-ATR-ASTRA1 2.0.1
2025-02-17 12:15:27,658 [INFO] ThirdParty:1030 - CMSIS Pack Vendor :STMicroelectronics X-CUBE-SMBUS 2.1.0
2025-02-17 12:15:27,658 [INFO] ThirdParty:1030 - CMSIS Pack Vendor :STMicroelectronics X-CUBE-WB05N 1.1.0
2025-02-17 12:15:27,658 [INFO] ThirdParty:1030 - CMSIS Pack Vendor :STMicroelectronics USB_DEVICE 3.0.0
2025-02-17 12:15:27,658 [INFO] ThirdParty:1030 - CMSIS Pack Vendor :STMicroelectronics X-CUBE-TCPP 4.1.0
2025-02-17 12:15:27,658 [INFO] ThirdParty:1030 - CMSIS Pack Vendor :STMicroelectronics X-CUBE-ISPU 2.1.0
2025-02-17 12:15:27,658 [INFO] ThirdParty:1030 - CMSIS Pack Vendor :STMicroelectronics X-CUBE-FREERTOS 1.2.0
2025-02-17 12:15:27,658 [INFO] ThirdParty:1030 - CMSIS Pack Vendor :STMicroelectronics X-CUBE-IPS 3.0.0
2025-02-17 12:15:27,658 [INFO] ThirdParty:1030 - CMSIS Pack Vendor :STMicroelectronics X-CUBE-AZRTOS-WB 2.0.0
2025-02-17 12:15:27,658 [INFO] ThirdParty:1030 - CMSIS Pack Vendor :STMicroelectronics X-CUBE-GNSS1 7.0.0
2025-02-17 12:15:27,658 [INFO] ThirdParty:1030 - CMSIS Pack Vendor :STMicroelectronics X-CUBE-GNSS1 7.0.1
2025-02-17 12:15:27,658 [INFO] ThirdParty:1030 - CMSIS Pack Vendor :STMicroelectronics X-CUBE-AZRTOS-F7 1.1.0
2025-02-17 12:15:27,658 [INFO] ThirdParty:1030 - CMSIS Pack Vendor :STMicroelectronics X-CUBE-AZRTOS-L5 2.0.0
2025-02-17 12:15:27,659 [INFO] ThirdParty:1030 - CMSIS Pack Vendor :STMicroelectronics USB_DEVICE 2.0.0
2025-02-17 12:15:27,659 [INFO] ThirdParty:1030 - CMSIS Pack Vendor :STMicroelectronics X-CUBE-NFC6 3.1.0
2025-02-17 12:15:27,659 [INFO] ThirdParty:1030 - CMSIS Pack Vendor :STMicroelectronics FP-SNS-STBOX1 2.0.0
2025-02-17 12:15:27,659 [INFO] ThirdParty:1030 - CMSIS Pack Vendor :STMicroelectronics X-CUBE-MEMS1 11.0.0
2025-02-17 12:15:27,659 [INFO] ThirdParty:1030 - CMSIS Pack Vendor :STMicroelectronics FreeRTOS 0.0.1
2025-02-17 12:15:27,659 [INFO] ThirdParty:1030 - CMSIS Pack Vendor :STMicroelectronics X-CUBE-AZRTOS-G0 1.1.0
2025-02-17 12:15:27,659 [INFO] ThirdParty:1030 - CMSIS Pack Vendor :STMicroelectronics X-CUBE-SAFEA1 1.2.2
2025-02-17 12:15:27,659 [INFO] ThirdParty:1030 - CMSIS Pack Vendor :STMicroelectronics X-CUBE-NFC4 3.0.0
2025-02-17 12:15:27,659 [INFO] ThirdParty:1030 - CMSIS Pack Vendor :STMicroelectronics X-CUBE-DPower 1.2.0
2025-02-17 12:15:27,659 [INFO] ThirdParty:1030 - CMSIS Pack Vendor :STMicroelectronics X-CUBE-SUBG2 5.0.0
2025-02-17 12:15:27,659 [INFO] ThirdParty:1030 - CMSIS Pack Vendor :STMicroelectronics STM32_WPAN 1.0.0
2025-02-17 12:15:27,659 [INFO] ThirdParty:1030 - CMSIS Pack Vendor :EmbeddedOffice I-CUBE-FS-RTOS 1.0.1
2025-02-17 12:15:27,659 [INFO] ThirdParty:1030 - CMSIS Pack Vendor :STMicroelectronics lwIP 2.0.3
2025-02-17 12:15:27,659 [INFO] ThirdParty:1030 - CMSIS Pack Vendor :STMicroelectronics FP-SNS-FLIGHT1 5.0.2
2025-02-17 12:15:27,659 [INFO] ThirdParty:1030 - CMSIS Pack Vendor :Cesanta I-CUBE-Mongoose 7.13.0
2025-02-17 12:15:27,659 [INFO] ThirdParty:1030 - CMSIS Pack Vendor :STMicroelectronics USB_HOST 1.0.0
2025-02-17 12:15:27,659 [INFO] ThirdParty:1030 - CMSIS Pack Vendor :STMicroelectronics X-CUBE-AZRTOS-G4 2.0.0
2025-02-17 12:15:27,659 [INFO] ThirdParty:1030 - CMSIS Pack Vendor :STMicroelectronics PDM2PCM 3.1.0
2025-02-17 12:15:27,659 [INFO] ThirdParty:1030 - CMSIS Pack Vendor :STMicroelectronics PDM2PCM 3.3.0
2025-02-17 12:15:27,659 [INFO] ThirdParty:1030 - CMSIS Pack Vendor :STMicroelectronics X-CUBE-DISPLAY 3.0.0
2025-02-17 12:15:27,659 [INFO] ThirdParty:1030 - CMSIS Pack Vendor :RealThread X-CUBE-RT-Thread_Nano 4.1.1
2025-02-17 12:15:27,659 [INFO] ThirdParty:1030 - CMSIS Pack Vendor :STMicroelectronics X-CUBE-BLE1 7.0.0
2025-02-17 12:15:27,659 [INFO] ThirdParty:1030 - CMSIS Pack Vendor :STMicroelectronics FP-ATR-SIGFOX1 3.2.0
2025-02-17 12:15:27,659 [INFO] ThirdParty:1030 - CMSIS Pack Vendor :STMicroelectronics X-CUBE-NFC10 1.0.0
2025-02-17 12:15:27,659 [INFO] ThirdParty:1030 - CMSIS Pack Vendor :quantropi X-CUBE-qispace-sdk-base 1.9.3
2025-02-17 12:15:27,659 [INFO] ThirdParty:1030 - CMSIS Pack Vendor :STMicroelectronics X-CUBE-BLEMGR 4.0.0
2025-02-17 12:15:27,659 [INFO] ThirdParty:1030 - CMSIS Pack Vendor :STMicroelectronics X-CUBE-EEPRMA1 5.1.0
2025-02-17 12:15:27,659 [INFO] ThirdParty:1030 - CMSIS Pack Vendor :STMicroelectronics HAL Drivers 0.0.0
2025-02-17 12:15:27,659 [INFO] ThirdParty:1030 - CMSIS Pack Vendor :STMicroelectronics MBEDTLS 2.16.2
2025-02-17 12:15:27,659 [INFO] ThirdParty:1030 - CMSIS Pack Vendor :STMicroelectronics X-CUBE-ALS 1.0.2
2025-02-17 12:15:27,659 [INFO] ThirdParty:1030 - CMSIS Pack Vendor :emotas I-CUBE-CANOPEN 1.3.0
2025-02-17 12:15:27,660 [INFO] ThirdParty:1030 - CMSIS Pack Vendor :STMicroelectronics X-CUBE-FREERTOS 1.3.0
2025-02-17 12:15:27,660 [INFO] ThirdParty:1030 - CMSIS Pack Vendor :wolfSSL I-CUBE-wolfSSL 5.7.4
2025-02-17 12:15:27,660 [INFO] ThirdParty:1030 - CMSIS Pack Vendor :STMicroelectronics X-CUBE-NFC7 1.0.1
2025-02-17 12:15:27,660 [INFO] ThirdParty:1030 - CMSIS Pack Vendor :STMicroelectronics MBEDTLS 2.14.1
2025-02-17 12:15:27,660 [INFO] ThirdParty:1030 - CMSIS Pack Vendor :ITTIA_DB I-CUBE-ITTIADB 8.9.0
2025-02-17 12:15:27,660 [INFO] ThirdParty:1030 - CMSIS Pack Vendor :STMicroelectronics X-CUBE-TOUCHGFX 4.24.2
2025-02-17 12:15:27,660 [INFO] ThirdParty:1030 - CMSIS Pack Vendor :STMicroelectronics X-CUBE-TOUCHGFX 4.24.1
2025-02-17 12:15:27,660 [INFO] ThirdParty:1030 - CMSIS Pack Vendor :wolfSSL I-CUBE-wolfTPM 3.4.0
2025-02-17 12:15:27,660 [INFO] ThirdParty:1030 - CMSIS Pack Vendor :portGmbH I-Cube-SoM-uGOAL 1.1.0
2025-02-17 12:15:27,660 [INFO] ThirdParty:1030 - CMSIS Pack Vendor :STMicroelectronics X-CUBE-BLEMGR 3.1.0
2025-02-17 12:15:27,660 [INFO] ThirdParty:1030 - CMSIS Pack Vendor :STMicroelectronics X-CUBE-AI 10.0.0
2025-02-17 12:15:27,660 [INFO] ThirdParty:1030 - CMSIS Pack Vendor :STMicroelectronics ThreadX 1.0.0
2025-02-17 12:15:27,660 [INFO] ThirdParty:1030 - CMSIS Pack Vendor :STMicroelectronics FP-SNS-SMARTAG2 1.2.0
2025-02-17 12:15:27,660 [INFO] ThirdParty:1030 - CMSIS Pack Vendor :STMicroelectronics X-CUBE-MEMS1 11.1.0
2025-02-17 12:15:27,660 [INFO] ThirdParty:1030 - CMSIS Pack Vendor :STMicroelectronics X-CUBE-AZRTOS-WL 2.0.0
2025-02-17 12:15:27,660 [INFO] ThirdParty:1030 - CMSIS Pack Vendor :SEGGER I-CUBE-embOS 1.3.1
2025-02-17 12:15:27,660 [INFO] ThirdParty:1030 - CMSIS Pack Vendor :STMicroelectronics X-CUBE-ALGOBUILD 1.4.0
2025-02-17 12:15:27,660 [INFO] ThirdParty:1030 - CMSIS Pack Vendor :STMicroelectronics FP-SNS-MOTENV1 5.0.0
2025-02-17 12:15:27,660 [INFO] ThirdParty:1030 - CMSIS Pack Vendor :STMicroelectronics USB_DEVICE 1.0.0
2025-02-17 12:15:27,660 [INFO] ThirdParty:1030 - CMSIS Pack Vendor :STMicroelectronics X-CUBE-AZRTOS-H7RS 1.0.0
2025-02-17 12:15:27,660 [INFO] ThirdParty:1030 - CMSIS Pack Vendor :wolfSSL I-CUBE-wolfMQTT 1.19.0
2025-02-17 12:15:27,660 [INFO] ThirdParty:1030 - CMSIS Pack Vendor :STMicroelectronics X-CUBE-AZRTOS-L4 2.0.0
2025-02-17 12:15:27,660 [INFO] ThirdParty:1030 - CMSIS Pack Vendor :STMicroelectronics ThreadX 0.0.2
2025-02-17 12:15:27,660 [INFO] ThirdParty:1030 - CMSIS Pack Vendor :WES I-CUBE-Cesium 1.3.0
2025-02-17 12:15:27,661 [INFO] ThirdParty:1030 - CMSIS Pack Vendor :STMicroelectronics lwIP 2.1.2
2025-02-17 12:15:27,661 [INFO] ThirdParty:1030 - CMSIS Pack Vendor :STMicroelectronics X-CUBE-SFXS2LP1 4.0.0
2025-02-17 12:15:27,661 [INFO] ThirdParty:1030 - CMSIS Pack Vendor :STMicroelectronics X-CUBE-BLE2 3.3.0
2025-02-17 12:15:27,661 [INFO] ThirdParty:1030 - CMSIS Pack Vendor :STMicroelectronics X-CUBE-TOF1 3.4.2
2025-02-17 12:15:27,661 [INFO] ThirdParty:1030 - CMSIS Pack Vendor :STMicroelectronics X-CUBE-AI 9.1.0
2025-02-17 12:15:27,661 [INFO] ThirdParty:1030 - CMSIS Pack Vendor :Infineon AIROC-Wi-Fi-Bluetooth-STM32 1.6.1
2025-02-17 12:15:27,661 [INFO] ThirdParty:1030 - CMSIS Pack Vendor :STMicroelectronics PDM2PCM 3.2.0
2025-02-17 12:15:27,661 [INFO] ThirdParty:1030 - CMSIS Pack Vendor :wolfSSL I-CUBE-wolfSSH 1.4.17
2025-02-17 12:15:27,661 [INFO] ThirdParty:841 - exiting critical section [change project]
2025-02-17 12:15:28,087 [INFO] PinOutPanel:1561 - setPackage(No Configuration,No Configuration)
2025-02-17 12:15:28,088 [INFO] PinOutPanel:1561 - setPackage(STM32F407VGTx,LQFP100)
2025-02-17 12:15:28,504 [INFO] UtilMem:75 - Before build in PCC Used Memory: 670311176 Bytes (1073741824)
2025-02-17 12:15:30,074 [INFO] UtilMem:75 - After build in PCC Used Memory: 783530720 Bytes (1073741824)
2025-02-17 12:15:30,128 [INFO] IPUIPlugin:80 - create IPUIPlugin
2025-02-17 12:15:30,128 [INFO] IPUIPlugin:80 - create IPUIPlugin
2025-02-17 12:15:30,128 [INFO] IPUIPlugin:80 - create IPUIPlugin
2025-02-17 12:15:30,128 [INFO] IPUIPlugin:80 - create IPUIPlugin
2025-02-17 12:15:30,128 [INFO] IPUIPlugin:80 - create IPUIPlugin
2025-02-17 12:15:30,128 [INFO] IPUIPlugin:80 - create IPUIPlugin
2025-02-17 12:15:30,128 [INFO] IPUIPlugin:80 - create IPUIPlugin
2025-02-17 12:15:30,129 [INFO] IPUIPlugin:80 - create IPUIPlugin
2025-02-17 12:15:30,129 [INFO] IPUIPlugin:80 - create IPUIPlugin
2025-02-17 12:15:30,129 [INFO] IPUIPlugin:80 - create IPUIPlugin
2025-02-17 12:15:30,129 [INFO] IPUIPlugin:80 - create IPUIPlugin
2025-02-17 12:15:30,129 [INFO] IPUIPlugin:80 - create IPUIPlugin
2025-02-17 12:15:30,129 [INFO] IPUIPlugin:80 - create IPUIPlugin
2025-02-17 12:15:30,129 [INFO] IPUIPlugin:80 - create IPUIPlugin
2025-02-17 12:15:30,129 [INFO] IPUIPlugin:80 - create IPUIPlugin
2025-02-17 12:15:30,129 [INFO] IPUIPlugin:80 - create IPUIPlugin
2025-02-17 12:15:30,129 [INFO] IPUIPlugin:80 - create IPUIPlugin
2025-02-17 12:15:30,129 [INFO] IPUIPlugin:80 - create IPUIPlugin
2025-02-17 12:15:30,134 [INFO] IPUIPlugin:80 - create IPUIPlugin
2025-02-17 12:15:30,135 [INFO] IPUIPlugin:80 - create IPUIPlugin
2025-02-17 12:15:30,135 [INFO] IPUIPlugin:80 - create IPUIPlugin
2025-02-17 12:15:30,135 [INFO] IPUIPlugin:80 - create IPUIPlugin
2025-02-17 12:15:30,135 [INFO] IPUIPlugin:80 - create IPUIPlugin
2025-02-17 12:15:30,135 [INFO] IPUIPlugin:80 - create IPUIPlugin
2025-02-17 12:15:30,135 [INFO] IPUIPlugin:80 - create IPUIPlugin
2025-02-17 12:15:30,135 [INFO] IPUIPlugin:80 - create IPUIPlugin
2025-02-17 12:15:30,136 [INFO] IPUIPlugin:80 - create IPUIPlugin
2025-02-17 12:15:30,136 [INFO] IPUIPlugin:80 - create IPUIPlugin
2025-02-17 12:15:30,136 [INFO] IPUIPlugin:80 - create IPUIPlugin
2025-02-17 12:15:30,136 [INFO] IPUIPlugin:80 - create IPUIPlugin
2025-02-17 12:15:30,136 [INFO] IPUIPlugin:80 - create IPUIPlugin
2025-02-17 12:15:30,136 [INFO] IPUIPlugin:80 - create IPUIPlugin
2025-02-17 12:15:30,136 [INFO] IPUIPlugin:80 - create IPUIPlugin
2025-02-17 12:15:30,136 [INFO] IPUIPlugin:80 - create IPUIPlugin
2025-02-17 12:15:30,136 [INFO] IPUIPlugin:80 - create IPUIPlugin
2025-02-17 12:15:30,137 [INFO] IPUIPlugin:80 - create IPUIPlugin
2025-02-17 12:15:30,137 [INFO] IPUIPlugin:80 - create IPUIPlugin
2025-02-17 12:15:30,137 [INFO] IPUIPlugin:80 - create IPUIPlugin
2025-02-17 12:15:30,137 [INFO] IPUIPlugin:80 - create IPUIPlugin
2025-02-17 12:15:30,138 [INFO] IPUIPlugin:80 - create IPUIPlugin
2025-02-17 12:15:30,138 [INFO] IPUIPlugin:80 - create IPUIPlugin
2025-02-17 12:15:30,138 [INFO] IPUIPlugin:80 - create IPUIPlugin
2025-02-17 12:15:30,139 [INFO] IPUIPlugin:80 - create IPUIPlugin
2025-02-17 12:15:30,139 [INFO] IPUIPlugin:80 - create IPUIPlugin
2025-02-17 12:15:30,139 [INFO] IPUIPlugin:80 - create IPUIPlugin
2025-02-17 12:15:30,139 [INFO] IPUIPlugin:80 - create IPUIPlugin
2025-02-17 12:15:30,139 [INFO] IPUIPlugin:80 - create IPUIPlugin
2025-02-17 12:15:30,139 [INFO] IPUIPlugin:80 - create IPUIPlugin
2025-02-17 12:15:30,139 [INFO] IPUIPlugin:80 - create IPUIPlugin
2025-02-17 12:15:30,139 [INFO] IPUIPlugin:80 - create IPUIPlugin
2025-02-17 12:15:30,139 [INFO] IPUIPlugin:80 - create IPUIPlugin
2025-02-17 12:15:30,139 [INFO] IPUIPlugin:80 - create IPUIPlugin
2025-02-17 12:15:30,139 [INFO] IPUIPlugin:80 - create IPUIPlugin
2025-02-17 12:15:30,140 [INFO] IPUIPlugin:80 - create IPUIPlugin
2025-02-17 12:15:30,140 [INFO] IPUIPlugin:80 - create IPUIPlugin
2025-02-17 12:15:30,141 [INFO] IPUIPlugin:80 - create IPUIPlugin
2025-02-17 12:15:30,141 [INFO] IPUIPlugin:80 - create IPUIPlugin
2025-02-17 12:15:30,141 [INFO] IPUIPlugin:80 - create IPUIPlugin
2025-02-17 12:15:30,189 [INFO] ApiDbMcu:508 - Load IP Config File for PDM2PCM
2025-02-17 12:15:30,348 [INFO] CADModel:165 - CPN selected for project levelSTM32F407VGT6
2025-02-17 12:15:30,349 [INFO] CADModel:114 - Register for checkConnection events
2025-02-17 12:15:31,459 [INFO] OpenFileManager:363 - Restore cursor
2025-02-17 12:16:05,535 [ERROR] LogOutputStream:75 - [STDERR_REDIRECT] 
2025-02-17 12:16:13,630 [INFO] Activator:176 - 


2025-02-17 12:16:13,631 [INFO] Activator:177 - !SESSION log4j initialized
2025-02-17 12:16:15,709 [INFO] LogOutputStream:77 - [STDOUT_REDIRECT] 
2025-02-17 12:16:17,869 [INFO] ApplicationProperties:184 - Using Application install path: /home/engineering/st/stm32cubeide_1.16.1/plugins/com.st.stm32cube.common.mx_6.12.1.202409122256
2025-02-17 12:16:17,882 [INFO] DbMcusXml:78 - Set database path to: /home/engineering/st/stm32cubeide_1.16.1/plugins/com.st.stm32cube.common.mx_6.12.1.202409122256//db//mcu/
2025-02-17 12:16:17,883 [INFO] ApiDb:274 - Set plugin database path to: /home/engineering/st/stm32cubeide_1.16.1/plugins/com.st.stm32cube.common.mx_6.12.1.202409122256//db//plugins/boardmanager/
2025-02-17 12:16:17,883 [WARN] ApiDb:259 - Overriding images path with different value:  => /home/engineering/st/stm32cubeide_1.16.1/plugins/com.st.stm32cube.common.mx_6.12.1.202409122256//db//plugins/mcufinder/images/
2025-02-17 12:16:17,886 [INFO] ApiDb:250 - Set database path to: /home/engineering/.stmcufinder/plugins/mcufinder//mcu/
2025-02-17 12:16:17,887 [INFO] DbMcusAds:125 - Set database path to: /home/engineering/.stmcufinder/plugins/mcufinder//mcu/
2025-02-17 12:16:17,888 [INFO] CrossReferenceDbSqlite:203 - Set database path to: /home/engineering/.stmcufinder/plugins/mcufinder//mcu/cs/
2025-02-17 12:16:17,986 [INFO] RulesReader:64 - Compatibility file has been processed (297 Rules)
2025-02-17 12:16:18,034 [INFO] DbMcusXml:78 - Set database path to: /home/engineering/st/stm32cubeide_1.16.1/plugins/com.st.stm32cube.common.mx_6.12.1.202409122256//db//mcu/
2025-02-17 12:16:18,034 [INFO] ApiDb:274 - Set plugin database path to: /home/engineering/st/stm32cubeide_1.16.1/plugins/com.st.stm32cube.common.mx_6.12.1.202409122256//db//plugins/boardmanager/
2025-02-17 12:16:18,034 [INFO] ApiDb:261 - Set plugin images path to: /home/engineering/st/stm32cubeide_1.16.1/plugins/com.st.stm32cube.common.mx_6.12.1.202409122256//db//plugins/mcufinder/images/
2025-02-17 12:16:18,034 [WARN] DbFile:41 - Overriding database path with different value: /home/engineering/.stmcufinder/plugins/mcufinder/ => /home/engineering/.stmcufinder/plugins/mcufinder
2025-02-17 12:16:18,034 [INFO] ApiDb:250 - Set database path to: /home/engineering/.stmcufinder/plugins/mcufinder//mcu/
2025-02-17 12:16:18,034 [WARN] DbFile:41 - Overriding database path with different value: /home/engineering/.stmcufinder/plugins/mcufinder/ => /home/engineering/.stmcufinder/plugins/mcufinder
2025-02-17 12:16:18,034 [INFO] DbMcusAds:125 - Set database path to: /home/engineering/.stmcufinder/plugins/mcufinder//mcu/
2025-02-17 12:16:18,034 [WARN] DbFile:41 - Overriding database path with different value: /home/engineering/.stmcufinder/plugins/mcufinder/ => /home/engineering/.stmcufinder/plugins/mcufinder
2025-02-17 12:16:18,034 [WARN] DbFile:41 - Overriding database path with different value: /home/engineering/.stmcufinder/plugins/mcufinder/ => /home/engineering/.stmcufinder/plugins/mcufinder
2025-02-17 12:16:18,034 [INFO] CrossReferenceDbSqlite:203 - Set database path to: /home/engineering/.stmcufinder/plugins/mcufinder//mcu/cs/
2025-02-17 12:16:18,083 [INFO] MainPanel:268 - HeapMemory: 268435456
2025-02-17 12:16:18,170 [INFO] DbMcusXml:78 - Set database path to: /home/engineering/st/stm32cubeide_1.16.1/plugins/com.st.stm32cube.common.mx_6.12.1.202409122256//db//mcu/
2025-02-17 12:16:18,170 [INFO] ApiDb:274 - Set plugin database path to: /home/engineering/st/stm32cubeide_1.16.1/plugins/com.st.stm32cube.common.mx_6.12.1.202409122256//db//plugins/boardmanager/
2025-02-17 12:16:18,170 [INFO] ApiDb:261 - Set plugin images path to: /home/engineering/st/stm32cubeide_1.16.1/plugins/com.st.stm32cube.common.mx_6.12.1.202409122256//db//plugins/mcufinder/images/
2025-02-17 12:16:18,171 [WARN] DbFile:41 - Overriding database path with different value: /home/engineering/.stmcufinder/plugins/mcufinder/ => /home/engineering/.stmcufinder/plugins/mcufinder
2025-02-17 12:16:18,171 [INFO] ApiDb:250 - Set database path to: /home/engineering/.stmcufinder/plugins/mcufinder//mcu/
2025-02-17 12:16:18,171 [WARN] DbFile:41 - Overriding database path with different value: /home/engineering/.stmcufinder/plugins/mcufinder/ => /home/engineering/.stmcufinder/plugins/mcufinder
2025-02-17 12:16:18,171 [INFO] DbMcusAds:125 - Set database path to: /home/engineering/.stmcufinder/plugins/mcufinder//mcu/
2025-02-17 12:16:18,171 [WARN] DbFile:41 - Overriding database path with different value: /home/engineering/.stmcufinder/plugins/mcufinder/ => /home/engineering/.stmcufinder/plugins/mcufinder
2025-02-17 12:16:18,171 [WARN] DbFile:41 - Overriding database path with different value: /home/engineering/.stmcufinder/plugins/mcufinder/ => /home/engineering/.stmcufinder/plugins/mcufinder
2025-02-17 12:16:18,171 [INFO] CrossReferenceDbSqlite:203 - Set database path to: /home/engineering/.stmcufinder/plugins/mcufinder//mcu/cs/
2025-02-17 12:16:18,184 [INFO] ApplicationProperties:184 - Using Application install path: /home/engineering/st/stm32cubeide_1.16.1/plugins/com.st.stm32cube.common.mx_6.12.1.202409122256
2025-02-17 12:16:18,185 [INFO] PluginManage:196 - Search for loadable plugins [exclusion list=, ]
2025-02-17 12:16:18,186 [INFO] PluginManage:310 - Check plugin analytics
2025-02-17 12:16:18,316 [INFO] AnalyticsPlugin:253 - Accepted Software Licenses: 
2025-02-17 12:16:18,316 [INFO] AnalyticsPlugin:255 - Accepted CMSIS Pack Licenses: 
2025-02-17 12:16:18,316 [INFO] AnalyticsPlugin:257 - Accepted Firmware Licenses: FW.F4.1.28.0
2025-02-17 12:16:18,318 [INFO] PluginManage:359 - Loaded plugin analytics (category:tool,tabindex:-1)
2025-02-17 12:16:18,318 [INFO] PluginManage:310 - Check plugin cadmodel
2025-02-17 12:16:18,320 [INFO] CADModel:105 - Init CAD model plugin
2025-02-17 12:16:18,321 [INFO] PluginManage:359 - Loaded plugin cadmodel (category:power,tabindex:5)
2025-02-17 12:16:18,321 [INFO] PluginManage:310 - Check plugin clock
2025-02-17 12:16:18,327 [INFO] PluginManage:359 - Loaded plugin clock (category:base,tabindex:2)
2025-02-17 12:16:18,327 [INFO] PluginManage:310 - Check plugin ddr
2025-02-17 12:16:18,329 [INFO] PluginManage:359 - Loaded plugin ddr (category:tool,tabindex:6)
2025-02-17 12:16:18,329 [INFO] PluginManage:310 - Check plugin filemanager
2025-02-17 12:16:18,462 [INFO] PluginManage:359 - Loaded plugin filemanager (category:base,tabindex:10)
2025-02-17 12:16:18,462 [INFO] PluginManage:310 - Check plugin ipmanager
2025-02-17 12:16:18,467 [INFO] PluginManage:359 - Loaded plugin ipmanager (category:base,tabindex:5)
2025-02-17 12:16:18,467 [INFO] PluginManage:310 - Check plugin lpbam
2025-02-17 12:16:18,474 [INFO] PluginManage:359 - Loaded plugin lpbam (category:base,tabindex:0)
2025-02-17 12:16:18,474 [INFO] PluginManage:310 - Check plugin memorymap
2025-02-17 12:16:18,482 [INFO] PluginManage:359 - Loaded plugin memorymap (category:base,tabindex:4)
2025-02-17 12:16:18,482 [INFO] PluginManage:310 - Check plugin pinoutandconfiguration
2025-02-17 12:16:18,487 [INFO] PluginManage:359 - Loaded plugin pinoutandconfiguration (category:base,tabindex:1)
2025-02-17 12:16:18,487 [INFO] PluginManage:310 - Check plugin pinoutconfig
2025-02-17 12:16:18,546 [WARN] SupportedApi:132 - Cannot load RTOS API schema: s4s-elt-must-match.1: The content of 'definitions' must match (annotation?, (simpleType | complexType)?, (unique | key | keyref)*)). A problem was found starting at: attribute.
2025-02-17 12:16:18,643 [INFO] PluginManage:359 - Loaded plugin pinoutconfig (category:base,tabindex:0)
2025-02-17 12:16:18,643 [INFO] PluginManage:310 - Check plugin power
2025-02-17 12:16:18,649 [INFO] PluginManage:359 - Loaded plugin power (category:power,tabindex:4)
2025-02-17 12:16:18,649 [INFO] PluginManage:310 - Check plugin projectmanager
2025-02-17 12:16:18,661 [INFO] PluginManage:359 - Loaded plugin projectmanager (category:projectmanager,tabindex:4)
2025-02-17 12:16:18,661 [INFO] PluginManage:310 - Check plugin rif
2025-02-17 12:16:18,665 [INFO] PluginManage:359 - Loaded plugin rif (category:base,tabindex:3)
2025-02-17 12:16:18,665 [INFO] PluginManage:310 - Check plugin thirdparty
2025-02-17 12:16:18,747 [WARN] IntegrityCheckThread:84 - waiting for thirdparty lock release [integrity check]
2025-02-17 12:16:18,747 [INFO] IntegrityCheckThread:86 - entering critical section [integrity check]
2025-02-17 12:16:18,747 [INFO] ThirdPartyUpdaterWithRetryManager:70 - Updater plugin not ready yet. [1/15]
2025-02-17 12:16:18,748 [INFO] PluginManage:359 - Loaded plugin thirdparty (category:base,tabindex:-1)
2025-02-17 12:16:18,748 [INFO] PluginManage:310 - Check plugin tools
2025-02-17 12:16:18,749 [INFO] PluginManage:359 - Loaded plugin tools (category:base,tabindex:7)
2025-02-17 12:16:18,750 [INFO] PluginManage:310 - Check plugin tutovideos
2025-02-17 12:16:18,873 [INFO] PluginManage:359 - Loaded plugin tutovideos (category:base,tabindex:-1)
2025-02-17 12:16:18,874 [INFO] PluginManage:310 - Check plugin updater
2025-02-17 12:16:18,888 [INFO] PluginManage:359 - Loaded plugin updater (category:base,tabindex:12)
2025-02-17 12:16:18,889 [INFO] PluginManage:310 - Check plugin userauth
2025-02-17 12:16:18,893 [INFO] UserAuth:113 - Init User Auth plugin
2025-02-17 12:16:18,893 [INFO] PluginManage:359 - Loaded plugin userauth (category:base,tabindex:14)
2025-02-17 12:16:18,894 [INFO] PluginManage:283 - PluginManage : Loaded plugins [18]
2025-02-17 12:16:19,043 [INFO] PinOutPanel:1561 - setPackage(No Configuration,No Configuration)
2025-02-17 12:16:19,099 [INFO] CADModel:165 - CPN selected for project level
2025-02-17 12:16:19,099 [INFO] CADModel:114 - Register for checkConnection events
2025-02-17 12:16:19,106 [INFO] IPUIPlugin:80 - create IPUIPlugin
2025-02-17 12:16:19,107 [INFO] PluginManager:220 - loadIPPluginJar : add radio
2025-02-17 12:16:19,108 [INFO] IPUIPlugin:80 - create IPUIPlugin
2025-02-17 12:16:19,108 [INFO] PluginManager:220 - loadIPPluginJar : add genericplugin
2025-02-17 12:16:19,109 [INFO] IPUIPlugin:80 - create IPUIPlugin
2025-02-17 12:16:19,109 [INFO] PluginManager:220 - loadIPPluginJar : add fatfs
2025-02-17 12:16:19,112 [INFO] IPUIPlugin:80 - create IPUIPlugin
2025-02-17 12:16:19,112 [INFO] PluginManager:220 - loadIPPluginJar : add usart
2025-02-17 12:16:19,114 [INFO] IPUIPlugin:80 - create IPUIPlugin
2025-02-17 12:16:19,114 [INFO] PluginManager:220 - loadIPPluginJar : add i2c
2025-02-17 12:16:19,115 [INFO] IPUIPlugin:80 - create IPUIPlugin
2025-02-17 12:16:19,115 [INFO] PluginManager:220 - loadIPPluginJar : add hash
2025-02-17 12:16:19,120 [INFO] IPUIPlugin:80 - create IPUIPlugin
2025-02-17 12:16:19,121 [INFO] PluginManager:220 - loadIPPluginJar : add linkedlist
2025-02-17 12:16:19,122 [INFO] IPUIPlugin:80 - create IPUIPlugin
2025-02-17 12:16:19,122 [INFO] PluginManager:220 - loadIPPluginJar : add lorawan
2025-02-17 12:16:19,124 [INFO] IPUIPlugin:80 - create IPUIPlugin
2025-02-17 12:16:19,124 [INFO] PluginManager:220 - loadIPPluginJar : add aes
2025-02-17 12:16:19,128 [INFO] IPUIPlugin:80 - create IPUIPlugin
2025-02-17 12:16:19,128 [INFO] PluginManager:220 - loadIPPluginJar : add dma
2025-02-17 12:16:19,129 [INFO] IPUIPlugin:80 - create IPUIPlugin
2025-02-17 12:16:19,129 [INFO] PluginManager:220 - loadIPPluginJar : add spi
2025-02-17 12:16:19,135 [INFO] IPUIPlugin:80 - create IPUIPlugin
2025-02-17 12:16:19,135 [INFO] PluginManager:220 - loadIPPluginJar : add adc
2025-02-17 12:16:19,136 [INFO] IPUIPlugin:80 - create IPUIPlugin
2025-02-17 12:16:19,136 [INFO] PluginManager:220 - loadIPPluginJar : add quadspi
2025-02-17 12:16:19,138 [INFO] IPUIPlugin:80 - create IPUIPlugin
2025-02-17 12:16:19,138 [INFO] PluginManager:220 - loadIPPluginJar : add gpio
2025-02-17 12:16:19,140 [INFO] IPUIPlugin:80 - create IPUIPlugin
2025-02-17 12:16:19,140 [INFO] PluginManager:220 - loadIPPluginJar : add nvic
2025-02-17 12:16:19,142 [INFO] IPUIPlugin:80 - create IPUIPlugin
2025-02-17 12:16:19,142 [INFO] PluginManager:220 - loadIPPluginJar : add cryp
2025-02-17 12:16:19,143 [INFO] IPUIPlugin:80 - create IPUIPlugin
2025-02-17 12:16:19,143 [INFO] PluginManager:220 - loadIPPluginJar : add i3c
2025-02-17 12:16:19,145 [INFO] IPUIPlugin:80 - create IPUIPlugin
2025-02-17 12:16:19,145 [INFO] PluginManager:220 - loadIPPluginJar : add ipddr
2025-02-17 12:16:19,147 [INFO] IPUIPlugin:80 - create IPUIPlugin
2025-02-17 12:16:19,147 [INFO] PluginManager:220 - loadIPPluginJar : add dfsdm
2025-02-17 12:16:19,149 [INFO] IPUIPlugin:80 - create IPUIPlugin
2025-02-17 12:16:19,149 [INFO] PluginManager:220 - loadIPPluginJar : add fmc
2025-02-17 12:16:19,150 [INFO] IPUIPlugin:80 - create IPUIPlugin
2025-02-17 12:16:19,150 [INFO] PluginManager:220 - loadIPPluginJar : add ts
2025-02-17 12:16:19,151 [INFO] IPUIPlugin:80 - create IPUIPlugin
2025-02-17 12:16:19,152 [INFO] PluginManager:220 - loadIPPluginJar : add tracer_emb
2025-02-17 12:16:19,152 [INFO] IPUIPlugin:80 - create IPUIPlugin
2025-02-17 12:16:19,153 [INFO] PluginManager:220 - loadIPPluginJar : add comp
2025-02-17 12:16:19,154 [INFO] IPUIPlugin:80 - create IPUIPlugin
2025-02-17 12:16:19,154 [INFO] PluginManager:220 - loadIPPluginJar : add pdm2pcm
2025-02-17 12:16:19,155 [INFO] IPUIPlugin:80 - create IPUIPlugin
2025-02-17 12:16:19,155 [INFO] PluginManager:220 - loadIPPluginJar : add ltdc
2025-02-17 12:16:19,159 [INFO] IPUIPlugin:80 - create IPUIPlugin
2025-02-17 12:16:19,160 [INFO] PluginManager:220 - loadIPPluginJar : add plateformsettings
2025-02-17 12:16:19,162 [INFO] IPUIPlugin:80 - create IPUIPlugin
2025-02-17 12:16:19,162 [INFO] PluginManager:220 - loadIPPluginJar : add usbx
2025-02-17 12:16:19,166 [INFO] IPUIPlugin:80 - create IPUIPlugin
2025-02-17 12:16:19,166 [INFO] PluginManager:220 - loadIPPluginJar : add mdma
2025-02-17 12:16:19,168 [INFO] IPUIPlugin:80 - create IPUIPlugin
2025-02-17 12:16:19,168 [INFO] PluginManager:220 - loadIPPluginJar : add resmgrutility
2025-02-17 12:16:19,170 [INFO] IPUIPlugin:80 - create IPUIPlugin
2025-02-17 12:16:19,170 [INFO] PluginManager:220 - loadIPPluginJar : add touchsensing
2025-02-17 12:16:19,171 [INFO] IPUIPlugin:80 - create IPUIPlugin
2025-02-17 12:16:19,171 [INFO] PluginManager:220 - loadIPPluginJar : add ucpd
2025-02-17 12:16:19,172 [INFO] IPUIPlugin:80 - create IPUIPlugin
2025-02-17 12:16:19,173 [INFO] PluginManager:220 - loadIPPluginJar : add can
2025-02-17 12:16:19,173 [INFO] IPUIPlugin:80 - create IPUIPlugin
2025-02-17 12:16:19,174 [INFO] PluginManager:220 - loadIPPluginJar : add gfxmmu
2025-02-17 12:16:19,175 [INFO] IPUIPlugin:80 - create IPUIPlugin
2025-02-17 12:16:19,175 [INFO] PluginManager:220 - loadIPPluginJar : add gtzc
2025-02-17 12:16:19,178 [INFO] IPUIPlugin:80 - create IPUIPlugin
2025-02-17 12:16:19,178 [INFO] PluginManager:220 - loadIPPluginJar : add stm32_wpan
2025-02-17 12:16:19,179 [INFO] IPUIPlugin:80 - create IPUIPlugin
2025-02-17 12:16:19,179 [INFO] PluginManager:220 - loadIPPluginJar : add tim
2025-02-17 12:16:19,182 [INFO] IPUIPlugin:80 - create IPUIPlugin
2025-02-17 12:16:19,182 [INFO] PluginManager:220 - loadIPPluginJar : add gic
2025-02-17 12:16:19,183 [INFO] IPUIPlugin:80 - create IPUIPlugin
2025-02-17 12:16:19,184 [INFO] PluginManager:220 - loadIPPluginJar : add openamp
2025-02-17 12:16:19,184 [INFO] IPUIPlugin:80 - create IPUIPlugin
2025-02-17 12:16:19,184 [INFO] PluginManager:220 - loadIPPluginJar : add tsc
2025-02-17 12:16:19,186 [INFO] IPUIPlugin:80 - create IPUIPlugin
2025-02-17 12:16:19,186 [INFO] PluginManager:220 - loadIPPluginJar : add sai
2025-02-17 12:16:19,187 [INFO] IPUIPlugin:80 - create IPUIPlugin
2025-02-17 12:16:19,187 [INFO] PluginManager:220 - loadIPPluginJar : add i2s
2025-02-17 12:16:19,190 [INFO] IPUIPlugin:80 - create IPUIPlugin
2025-02-17 12:16:19,191 [INFO] PluginManager:220 - loadIPPluginJar : add freertos
2025-02-17 12:16:19,192 [INFO] IPUIPlugin:80 - create IPUIPlugin
2025-02-17 12:16:19,192 [INFO] PluginManager:220 - loadIPPluginJar : add extmemmanager
2025-02-17 12:16:19,193 [INFO] IPUIPlugin:80 - create IPUIPlugin
2025-02-17 12:16:19,194 [INFO] PluginManager:220 - loadIPPluginJar : add ddr_ctrl_phy
2025-02-17 12:16:19,195 [INFO] IPUIPlugin:80 - create IPUIPlugin
2025-02-17 12:16:19,195 [INFO] PluginManager:220 - loadIPPluginJar : add dma3
2025-02-17 12:16:19,196 [INFO] IPUIPlugin:80 - create IPUIPlugin
2025-02-17 12:16:19,196 [INFO] PluginManager:220 - loadIPPluginJar : add opamp
2025-02-17 12:16:19,291 [INFO] CADModel:165 - CPN selected for project level
2025-02-17 12:16:19,291 [INFO] CADModel:114 - Register for checkConnection events
2025-02-17 12:16:19,292 [FATAL] Updater:334 - Updater called before beeing initialized
2025-02-17 12:16:19,292 [ERROR] CADModel:125 - Updater not yet initialized, retry later 
2025-02-17 12:16:19,389 [INFO] CADModel:165 - CPN selected for project level
2025-02-17 12:16:19,390 [INFO] CADModel:114 - Register for checkConnection events
2025-02-17 12:16:19,390 [FATAL] Updater:334 - Updater called before beeing initialized
2025-02-17 12:16:19,390 [ERROR] CADModel:125 - Updater not yet initialized, retry later 
2025-02-17 12:16:19,393 [FATAL] Updater:334 - Updater called before beeing initialized
2025-02-17 12:16:19,449 [FATAL] Updater:334 - Updater called before beeing initialized
2025-02-17 12:16:19,452 [INFO] DbMcusAds:53 - JSON generation date=Tue Dec 17 08:01:15 PST 2024 (1734451275111)
2025-02-17 12:16:19,452 [FATAL] Updater:334 - Updater called before beeing initialized
2025-02-17 12:16:19,475 [WARN] DetailPanel:346 - Failed to get advertising image, set to default
2025-02-17 12:16:19,539 [FATAL] Updater:334 - Updater called before beeing initialized
2025-02-17 12:16:19,541 [FATAL] Updater:334 - Updater called before beeing initialized
2025-02-17 12:16:19,541 [FATAL] Updater:334 - Updater called before beeing initialized
2025-02-17 12:16:19,541 [WARN] DetailPanel:346 - Failed to get advertising image, set to default
2025-02-17 12:16:19,543 [FATAL] Updater:334 - Updater called before beeing initialized
2025-02-17 12:16:19,567 [ERROR] Updater:1164 - MainUpdater not yet initialized. External WinMGr cannot be set.
2025-02-17 12:16:19,569 [INFO] Updater:1100 - Updater Version found : 6.12.1
2025-02-17 12:16:19,583 [INFO] ApplicationProperties:184 - Using Application install path: /home/engineering/st/stm32cubeide_1.16.1/plugins/com.st.stm32cube.common.mx_6.12.1.202409122256
2025-02-17 12:16:20,043 [INFO] MainUpdater:2873 - connection check result : 10
2025-02-17 12:16:20,044 [INFO] MainUpdater:290 - Updater Check For Update Now.
2025-02-17 12:16:20,044 [INFO] MicroXplorer:498 - Change Database Version : DB.6.0.121
2025-02-17 12:16:20,050 [INFO] McuFinderGlobals:63 - Set McuFinder mode to 2 (CubeIDE integrated)
2025-02-17 12:16:20,051 [INFO] UserAuth:417 - Internet connection configuration mode: 1
2025-02-17 12:16:20,066 [INFO] JxBrowserEngine:152 - Initiate JxBrowser Engine with user profile folder
2025-02-17 12:16:20,208 [INFO] CheckServerUpdateThread:120 - End of CheckServer Thread
2025-02-17 12:16:20,683 [INFO] WebApp:167 - Instantiating new browser for Auth
2025-02-17 12:16:21,379 [INFO] WebApp:448 - Apply proxy settings
2025-02-17 12:16:21,379 [INFO] WebApp:533 - Chromium requires no authentication
2025-02-17 12:16:21,386 [INFO] WebApp:476 - Direct internet connection detected
2025-02-17 12:16:21,404 [INFO] WebApp:869 - Register for checkConnection events
2025-02-17 12:16:21,404 [INFO] WebApp:448 - Apply proxy settings
2025-02-17 12:16:21,404 [INFO] WebApp:533 - Chromium requires no authentication
2025-02-17 12:16:21,405 [INFO] WebApp:476 - Direct internet connection detected
2025-02-17 12:16:21,523 [INFO] WebApp:220 - Starting web application
2025-02-17 12:16:21,524 [INFO] WebApp:578 - Web application path used /home/engineering/st/stm32cubeide_1.16.1/plugins/com.st.stm32cube.common.mx_6.12.1.202409122256/db/plugins/mcufinder/reactClient1/index.html
2025-02-17 12:16:21,678 [INFO] UserAuth:417 - Internet connection configuration mode: 1
2025-02-17 12:16:21,751 [INFO] WebApp:186 - Connection restablished
2025-02-17 12:16:21,927 [WARN] PackLoader:240 - Cannot read IP mode file for STMicroelectronics.FP-SNS-MOTENVWB1.1.4.0
2025-02-17 12:16:21,953 [WARN] PackLoader:240 - Cannot read IP mode file for STMicroelectronics.FP-ATR-ASTRA1.2.0.1
2025-02-17 12:16:21,972 [WARN] PackLoader:240 - Cannot read IP mode file for STMicroelectronics.X-CUBE-SMBUS.2.1.0
2025-02-17 12:16:21,986 [WARN] PackLoader:240 - Cannot read IP mode file for STMicroelectronics.X-CUBE-WB05N.1.1.0
2025-02-17 12:16:22,033 [WARN] PackLoader:240 - Cannot read IP mode file for STMicroelectronics.X-CUBE-AZRTOS-F7.1.1.0
2025-02-17 12:16:22,151 [WARN] PackLoader:240 - Cannot read IP mode file for STMicroelectronics.X-CUBE-MEMS1.11.0.0
2025-02-17 12:16:22,375 [WARN] PackLoader:240 - Cannot read IP mode file for STMicroelectronics.FP-SNS-FLIGHT1.5.0.2
2025-02-17 12:16:22,385 [WARN] PackLoader:240 - Cannot read IP mode file for STMicroelectronics.X-CUBE-DISPLAY.3.0.0
2025-02-17 12:16:22,391 [WARN] PackLoader:240 - Cannot read IP mode file for STMicroelectronics.X-CUBE-BLE1.7.0.0
2025-02-17 12:16:22,396 [WARN] PackLoader:240 - Cannot read IP mode file for STMicroelectronics.X-CUBE-NFC10.1.0.0
2025-02-17 12:16:22,405 [WARN] PackLoader:240 - Cannot read IP mode file for STMicroelectronics.X-CUBE-BLEMGR.4.0.0
2025-02-17 12:16:22,413 [WARN] PackLoader:240 - Cannot read IP mode file for emotas.I-CUBE-CANOPEN.1.3.0
2025-02-17 12:16:22,417 [WARN] PackLoader:240 - Cannot read IP mode file for STMicroelectronics.X-CUBE-BLEMGR.3.1.0
2025-02-17 12:16:22,426 [WARN] PackLoader:240 - Cannot read IP mode file for STMicroelectronics.X-CUBE-AI.10.0.0
2025-02-17 12:16:22,431 [WARN] PackLoader:240 - Cannot read IP mode file for STMicroelectronics.FP-SNS-SMARTAG2.1.2.0
2025-02-17 12:16:22,471 [WARN] PackLoader:240 - Cannot read IP mode file for STMicroelectronics.X-CUBE-MEMS1.11.1.0
2025-02-17 12:16:22,620 [INFO] LogOutputStream:77 - [STDOUT_REDIRECT] 1 : Invalid condition id : UX_CORESTACK_Condition cause : null
2025-02-17 12:16:22,621 [INFO] LogOutputStream:77 - [STDOUT_REDIRECT] 1 : Invalid condition id : UX_CORESTACK_Condition cause : null
2025-02-17 12:16:22,621 [INFO] LogOutputStream:77 - [STDOUT_REDIRECT] 1 : Invalid condition id : UX_CORESTACK_Condition cause : null
2025-02-17 12:16:22,621 [INFO] LogOutputStream:77 - [STDOUT_REDIRECT] 1 : Invalid condition id : UX_CORESTACK_Condition cause : null
2025-02-17 12:16:22,622 [INFO] LogOutputStream:77 - [STDOUT_REDIRECT] 1 : Invalid condition id : UX_CORESTACK_Condition cause : null
2025-02-17 12:16:22,625 [WARN] PackLoader:240 - Cannot read IP mode file for STMicroelectronics.X-CUBE-AZRTOS-WL.2.0.0
2025-02-17 12:16:22,629 [WARN] PackLoader:240 - Cannot read IP mode file for STMicroelectronics.FP-SNS-MOTENV1.5.0.0
2025-02-17 12:16:22,633 [WARN] PackLoader:240 - Cannot read IP mode file for wolfSSL.I-CUBE-wolfMQTT.1.19.0
2025-02-17 12:16:22,637 [WARN] PackLoader:240 - Cannot read IP mode file for WES.I-CUBE-Cesium.1.3.0
2025-02-17 12:16:22,639 [WARN] PackLoader:240 - Cannot read IP mode file for STMicroelectronics.X-CUBE-BLE2.3.3.0
2025-02-17 12:16:22,642 [WARN] PackLoader:240 - Cannot read IP mode file for STMicroelectronics.X-CUBE-NFC9.1.0.0
2025-02-17 12:16:22,646 [WARN] PackLoader:240 - Cannot read IP mode file for STMicroelectronics.X-CUBE-TCPP.4.1.0
2025-02-17 12:16:22,655 [WARN] PackLoader:240 - Cannot read IP mode file for STMicroelectronics.X-CUBE-AZRTOS-G0.1.1.0
2025-02-17 12:16:22,661 [WARN] PackLoader:240 - Cannot read IP mode file for STMicroelectronics.X-CUBE-SAFEA1.1.2.2
2025-02-17 12:16:22,666 [WARN] PackLoader:240 - Cannot read IP mode file for STMicroelectronics.X-CUBE-NFC4.3.0.0
2025-02-17 12:16:22,672 [WARN] PackLoader:240 - Cannot read IP mode file for EmbeddedOffice.I-CUBE-FS-RTOS.1.0.1
2025-02-17 12:16:22,672 [ERROR] ConditionMgr:805 - Attr not supported : Dmpu
2025-02-17 12:16:22,672 [ERROR] ConditionMgr:805 - Attr not supported : Dmpu
2025-02-17 12:16:22,672 [ERROR] ConditionMgr:805 - Attr not supported : Dmpu
2025-02-17 12:16:22,673 [ERROR] ConditionMgr:805 - Attr not supported : Dmpu
2025-02-17 12:16:22,673 [ERROR] ConditionMgr:805 - Attr not supported : Dmpu
2025-02-17 12:16:22,673 [ERROR] ConditionMgr:805 - Attr not supported : Dmpu
2025-02-17 12:16:22,673 [ERROR] ConditionMgr:805 - Attr not supported : Dmpu
2025-02-17 12:16:22,673 [ERROR] ConditionMgr:805 - Attr not supported : Dmpu
2025-02-17 12:16:22,673 [ERROR] ConditionMgr:805 - Attr not supported : Dmpu
2025-02-17 12:16:22,673 [ERROR] ConditionMgr:805 - Attr not supported : Dmpu
2025-02-17 12:16:22,673 [ERROR] ConditionMgr:805 - Attr not supported : Dmpu
2025-02-17 12:16:22,673 [ERROR] ConditionMgr:805 - Attr not supported : Dmpu
2025-02-17 12:16:22,673 [ERROR] ConditionMgr:805 - Attr not supported : Dmpu
2025-02-17 12:16:22,673 [ERROR] ConditionMgr:805 - Attr not supported : Dmpu
2025-02-17 12:16:22,673 [ERROR] ConditionMgr:805 - Attr not supported : Dmpu
2025-02-17 12:16:22,673 [ERROR] ConditionMgr:805 - Attr not supported : Dmpu
2025-02-17 12:16:22,673 [ERROR] ConditionMgr:805 - Attr not supported : Dmpu
2025-02-17 12:16:22,673 [ERROR] ConditionMgr:805 - Attr not supported : Dmpu
2025-02-17 12:16:22,673 [ERROR] ConditionMgr:805 - Attr not supported : Dmpu
2025-02-17 12:16:22,673 [ERROR] ConditionMgr:805 - Attr not supported : Dmpu
2025-02-17 12:16:22,673 [ERROR] ConditionMgr:805 - Attr not supported : Dmpu
2025-02-17 12:16:22,673 [ERROR] ConditionMgr:805 - Attr not supported : Dmpu
2025-02-17 12:16:22,673 [ERROR] ConditionMgr:805 - Attr not supported : Dmpu
2025-02-17 12:16:22,673 [ERROR] ConditionMgr:805 - Attr not supported : Dmpu
2025-02-17 12:16:22,673 [ERROR] ConditionMgr:805 - Attr not supported : Dmpu
2025-02-17 12:16:22,674 [ERROR] ConditionMgr:805 - Attr not supported : Dmpu
2025-02-17 12:16:22,674 [ERROR] ConditionMgr:805 - Attr not supported : Dmpu
2025-02-17 12:16:22,674 [ERROR] ConditionMgr:805 - Attr not supported : Dmpu
2025-02-17 12:16:22,674 [ERROR] ConditionMgr:805 - Attr not supported : Dmpu
2025-02-17 12:16:22,674 [ERROR] ConditionMgr:805 - Attr not supported : Dmpu
2025-02-17 12:16:22,674 [ERROR] ConditionMgr:805 - Attr not supported : Dmpu
2025-02-17 12:16:22,674 [ERROR] ConditionMgr:805 - Attr not supported : Dmpu
2025-02-17 12:16:22,674 [ERROR] ConditionMgr:805 - Attr not supported : Dmpu
2025-02-17 12:16:22,674 [ERROR] ConditionMgr:805 - Attr not supported : Dmpu
2025-02-17 12:16:22,674 [ERROR] ConditionMgr:805 - Attr not supported : Dmpu
2025-02-17 12:16:22,674 [ERROR] ConditionMgr:805 - Attr not supported : Dmpu
2025-02-17 12:16:22,674 [ERROR] ConditionMgr:805 - Attr not supported : Dmpu
2025-02-17 12:16:22,674 [ERROR] ConditionMgr:805 - Attr not supported : Dmpu
2025-02-17 12:16:22,674 [ERROR] ConditionMgr:805 - Attr not supported : Dmpu
2025-02-17 12:16:22,674 [ERROR] ConditionMgr:805 - Attr not supported : Dmpu
2025-02-17 12:16:22,674 [ERROR] ConditionMgr:805 - Attr not supported : Dmpu
2025-02-17 12:16:22,674 [ERROR] ConditionMgr:805 - Attr not supported : Dmpu
2025-02-17 12:16:22,674 [ERROR] ConditionMgr:805 - Attr not supported : Dmpu
2025-02-17 12:16:22,674 [ERROR] ConditionMgr:805 - Attr not supported : Dmpu
2025-02-17 12:16:22,674 [ERROR] ConditionMgr:805 - Attr not supported : Dmpu
2025-02-17 12:16:22,674 [ERROR] ConditionMgr:805 - Attr not supported : Dmpu
2025-02-17 12:16:22,674 [ERROR] ConditionMgr:805 - Attr not supported : Dmpu
2025-02-17 12:16:22,675 [ERROR] ConditionMgr:805 - Attr not supported : Dmpu
2025-02-17 12:16:22,675 [ERROR] ConditionMgr:805 - Attr not supported : Dmpu
2025-02-17 12:16:22,675 [ERROR] ConditionMgr:805 - Attr not supported : Dmpu
2025-02-17 12:16:22,675 [ERROR] ConditionMgr:805 - Attr not supported : Dmpu
2025-02-17 12:16:22,675 [ERROR] ConditionMgr:805 - Attr not supported : Dmpu
2025-02-17 12:16:22,675 [ERROR] ConditionMgr:805 - Attr not supported : Dmpu
2025-02-17 12:16:22,675 [ERROR] ConditionMgr:805 - Attr not supported : Dmpu
2025-02-17 12:16:22,675 [ERROR] ConditionMgr:805 - Attr not supported : Dmpu
2025-02-17 12:16:22,675 [ERROR] ConditionMgr:805 - Attr not supported : Dmpu
2025-02-17 12:16:22,675 [ERROR] ConditionMgr:805 - Attr not supported : Dmpu
2025-02-17 12:16:22,675 [ERROR] ConditionMgr:805 - Attr not supported : Dmpu
2025-02-17 12:16:22,675 [ERROR] ConditionMgr:805 - Attr not supported : Dmpu
2025-02-17 12:16:22,675 [ERROR] ConditionMgr:805 - Attr not supported : Dmpu
2025-02-17 12:16:22,675 [ERROR] ConditionMgr:805 - Attr not supported : Dmpu
2025-02-17 12:16:22,675 [ERROR] ConditionMgr:805 - Attr not supported : Dmpu
2025-02-17 12:16:22,675 [ERROR] ConditionMgr:805 - Attr not supported : Dmpu
2025-02-17 12:16:22,675 [ERROR] ConditionMgr:805 - Attr not supported : Dmpu
2025-02-17 12:16:22,678 [ERROR] Engine:466 - /home/engineering/.stm32cubemx/thirdparties/pdsc/STMicroelectronics.X-CUBE-TCPP.4.2.0.pdsc: PDSC version is not supported
2025-02-17 12:16:22,680 [WARN] PackLoader:240 - Cannot read IP mode file for RealThread.X-CUBE-RT-Thread_Nano.4.1.1
2025-02-17 12:16:22,682 [WARN] PackLoader:240 - Cannot read IP mode file for STMicroelectronics.FP-ATR-SIGFOX1.3.2.0
2025-02-17 12:16:22,683 [WARN] ConditionMgr:438 - getConditionDescription Invalid condition id : Cortex-A Device cause : null
2025-02-17 12:16:22,694 [WARN] ConditionMgr:1039 - genDependencies : Invalid condition id : Cortex-A Device cause : null
2025-02-17 12:16:22,694 [WARN] ConditionMgr:1039 - genDependencies : Invalid condition id : Cortex-A Device cause : null
2025-02-17 12:16:22,695 [WARN] ConditionMgr:1039 - genDependencies : Invalid condition id : Cortex-A Device cause : null
2025-02-17 12:16:22,697 [WARN] PackLoader:240 - Cannot read IP mode file for STMicroelectronics.X-CUBE-EEPRMA1.5.1.0
2025-02-17 12:16:22,701 [WARN] PackLoader:240 - Cannot read IP mode file for wolfSSL.I-CUBE-wolfSSL.5.7.4
2025-02-17 12:16:22,705 [WARN] PackLoader:240 - Cannot read IP mode file for ITTIA_DB.I-CUBE-ITTIADB.8.9.0
2025-02-17 12:16:22,752 [WARN] PackLoader:240 - Cannot read IP mode file for SEGGER.I-CUBE-embOS.1.3.1
2025-02-17 12:16:22,809 [WARN] PackLoader:240 - Cannot read IP mode file for STMicroelectronics.X-CUBE-ALGOBUILD.1.4.0
2025-02-17 12:16:22,811 [WARN] PackLoader:240 - Cannot read IP mode file for STMicroelectronics.X-CUBE-AI.9.1.0
2025-02-17 12:16:22,824 [WARN] PackLoader:240 - Cannot read IP mode file for STMicroelectronics.X-CUBE-AZRTOS-F4.1.1.0
2025-02-17 12:16:22,828 [WARN] PackLoader:240 - Cannot read IP mode file for STMicroelectronics.X-CUBE-ISPU.2.1.0
2025-02-17 12:16:22,832 [WARN] PackLoader:240 - Cannot read IP mode file for STMicroelectronics.X-CUBE-FREERTOS.1.2.0
2025-02-17 12:16:22,844 [WARN] PackLoader:240 - Cannot read IP mode file for STMicroelectronics.X-CUBE-AZRTOS-L5.2.0.0
2025-02-17 12:16:22,853 [WARN] PackLoader:240 - Cannot read IP mode file for STMicroelectronics.X-CUBE-NFC6.3.1.0
2025-02-17 12:16:22,862 [WARN] PackLoader:240 - Cannot read IP mode file for STMicroelectronics.X-CUBE-DPower.1.2.0
2025-02-17 12:16:22,865 [WARN] PackLoader:240 - Cannot read IP mode file for STMicroelectronics.X-CUBE-FREERTOS.1.3.0
2025-02-17 12:16:22,868 [WARN] PackLoader:240 - Cannot read IP mode file for STMicroelectronics.X-CUBE-NFC7.1.0.1
2025-02-17 12:16:22,886 [WARN] ConditionMgr:438 - getConditionDescription Invalid condition id : LAN8742 Phy interface Condition cause : null
2025-02-17 12:16:22,886 [WARN] PackLoader:240 - Cannot read IP mode file for STMicroelectronics.X-CUBE-AZRTOS-L4.2.0.0
2025-02-17 12:16:22,887 [WARN] ConditionMgr:1039 - genDependencies : Invalid condition id : LAN8742 Phy interface Condition cause : null
2025-02-17 12:16:22,887 [WARN] ConditionMgr:1039 - genDependencies : Invalid condition id : LAN8742 Phy interface Condition cause : null
2025-02-17 12:16:22,888 [WARN] ConditionMgr:1039 - genDependencies : Invalid condition id : LAN8742 Phy interface Condition cause : null
2025-02-17 12:16:22,897 [WARN] PackLoader:240 - Cannot read IP mode file for STMicroelectronics.X-CUBE-SFXS2LP1.4.0.0
2025-02-17 12:16:22,910 [WARN] PackLoader:240 - Cannot read IP mode file for STMicroelectronics.X-CUBE-AZRTOS-H7.3.3.0
2025-02-17 12:16:22,923 [WARN] PackLoader:240 - Cannot read IP mode file for STMicroelectronics.X-CUBE-IPS.3.0.0
2025-02-17 12:16:22,936 [WARN] ConditionMgr:438 - getConditionDescription Invalid condition id : UX DEVICE CLASS RTOS Condition cause : null
2025-02-17 12:16:22,936 [WARN] ConditionMgr:438 - getConditionDescription Invalid condition id : UX DEVICE CLASS RTOS Condition cause : null
2025-02-17 12:16:22,949 [WARN] PackLoader:240 - Cannot read IP mode file for STMicroelectronics.X-CUBE-AZRTOS-WB.2.0.0
2025-02-17 12:16:22,949 [WARN] ConditionMgr:1039 - genDependencies : Invalid condition id : UX DEVICE CLASS RTOS Condition cause : null
2025-02-17 12:16:22,949 [WARN] ConditionMgr:1039 - genDependencies : Invalid condition id : UX DEVICE CLASS RTOS Condition cause : null
2025-02-17 12:16:22,950 [WARN] ConditionMgr:1039 - genDependencies : Invalid condition id : UX DEVICE CLASS RTOS Condition cause : null
2025-02-17 12:16:22,950 [WARN] ConditionMgr:1039 - genDependencies : Invalid condition id : UX DEVICE CLASS RTOS Condition cause : null
2025-02-17 12:16:22,950 [WARN] ConditionMgr:1039 - genDependencies : Invalid condition id : UX DEVICE CLASS RTOS Condition cause : null
2025-02-17 12:16:22,957 [WARN] PackLoader:240 - Cannot read IP mode file for STMicroelectronics.X-CUBE-GNSS1.7.0.0
2025-02-17 12:16:22,967 [WARN] PackLoader:240 - Cannot read IP mode file for STMicroelectronics.X-CUBE-GNSS1.7.0.1
2025-02-17 12:16:22,980 [WARN] PackLoader:240 - Cannot read IP mode file for STMicroelectronics.FP-SNS-STBOX1.2.0.0
2025-02-17 12:16:22,999 [WARN] PackLoader:240 - Cannot read IP mode file for STMicroelectronics.X-CUBE-SUBG2.5.0.0
2025-02-17 12:16:23,008 [WARN] PackLoader:240 - Cannot read IP mode file for Cesanta.I-CUBE-Mongoose.7.13.0
2025-02-17 12:16:23,025 [WARN] PackLoader:240 - Cannot read IP mode file for STMicroelectronics.X-CUBE-AZRTOS-G4.2.0.0
2025-02-17 12:16:23,032 [ERROR] Engine:466 - /home/engineering/.stm32cubemx/thirdparties/pdsc/STMicroelectronics.X-CUBE-IPS.3.1.0.pdsc: PDSC version is not supported
2025-02-17 12:16:23,037 [WARN] PackLoader:240 - Cannot read IP mode file for STMicroelectronics.X-CUBE-ALS.1.0.2
2025-02-17 12:16:23,043 [WARN] PackLoader:240 - Cannot read IP mode file for STMicroelectronics.X-CUBE-TOUCHGFX.4.24.2
2025-02-17 12:16:23,045 [WARN] PackLoader:240 - Cannot read IP mode file for STMicroelectronics.X-CUBE-TOUCHGFX.4.24.1
2025-02-17 12:16:23,052 [WARN] PackLoader:240 - Cannot read IP mode file for wolfSSL.I-CUBE-wolfTPM.3.4.0
2025-02-17 12:16:23,054 [WARN] PackLoader:240 - Cannot read IP mode file for portGmbH.I-Cube-SoM-uGOAL.1.1.0
2025-02-17 12:16:23,073 [WARN] PackLoader:240 - Cannot read IP mode file for STMicroelectronics.X-CUBE-AZRTOS-H7RS.1.0.0
2025-02-17 12:16:23,088 [WARN] PackLoader:240 - Cannot read IP mode file for STMicroelectronics.X-CUBE-TOF1.3.4.2
2025-02-17 12:16:23,105 [WARN] PackLoader:240 - Cannot read IP mode file for Infineon.AIROC-Wi-Fi-Bluetooth-STM32.1.6.1
2025-02-17 12:16:23,109 [WARN] PackLoader:240 - Cannot read IP mode file for wolfSSL.I-CUBE-wolfSSH.1.4.17
2025-02-17 12:16:23,110 [INFO] ThirdParty:978 - Integrity check success = true
2025-02-17 12:16:23,110 [INFO] IntegrityCheckThread:100 - exiting critical section [integrity check]
2025-02-17 12:16:23,110 [INFO] IntegrityCheckThread:103 - End integrity checks thread
2025-02-17 12:16:27,001 [INFO] McuFinderGlobals:63 - Set McuFinder mode to 2 (CubeIDE integrated)
2025-02-17 12:16:27,004 [INFO] MainUpdater:2873 - connection check result : 10
2025-02-17 12:16:27,004 [INFO] MainUpdater:2873 - connection check result : 10
2025-02-17 12:16:27,059 [INFO] RulesReader:64 - Compatibility file has been processed (297 Rules)
2025-02-17 12:16:27,076 [INFO] RulesReader:64 - Compatibility file has been processed (297 Rules)
2025-02-17 12:16:27,078 [INFO] MicroXplorer:468 - Change Database Path : 
2025-02-17 12:16:27,078 [INFO] MicroXplorer:498 - Change Database Version : DB.6.0.121
2025-02-17 12:16:27,091 [WARN] ThirdParty:871 - waiting for thirdparty lock release [close project]
2025-02-17 12:16:27,091 [INFO] ThirdParty:873 - entering critical section [close project]
2025-02-17 12:16:27,092 [INFO] ThirdParty:883 - exiting critical section [close project]
2025-02-17 12:16:27,093 [INFO] PinOutPanel:1561 - setPackage(No Configuration,No Configuration)
2025-02-17 12:16:27,096 [INFO] UtilMem:75 - Begin LoadConfig() Used Memory: 158364040 Bytes (268435456)
2025-02-17 12:16:27,098 [INFO] MicroXplorer:468 - Change Database Path : 
2025-02-17 12:16:27,098 [INFO] MicroXplorer:498 - Change Database Version : DB.6.0.121
2025-02-17 12:16:27,098 [INFO] OpenFileManager:332 - Change cursor
2025-02-17 12:16:27,121 [INFO] Mcu:2032 - Initializing MCU STM32F407V(E-G)Tx STM32F407VGTx STM32F407VGT6
2025-02-17 12:16:29,353 [INFO] Context:742 - Trying to add GPIOservice into a context  which must be forbidden
2025-02-17 12:16:30,027 [INFO] RtosManager:555 - Registered RTOS mode: class=CMSIS, group=RTOS, mode=CMSIS_V1, owner=FREERTOS
2025-02-17 12:16:30,027 [INFO] RtosManager:555 - Registered RTOS mode: class=CMSIS, group=RTOS2, mode=CMSIS_V2, owner=FREERTOS
2025-02-17 12:16:30,027 [INFO] RtosManager:555 - Registered RTOS mode: class=RTOS, group=Core, mode=CMSIS_V1, owner=FREERTOS
2025-02-17 12:16:30,027 [INFO] RtosManager:555 - Registered RTOS mode: class=RTOS, group=Core, mode=CMSIS_V2, owner=FREERTOS
2025-02-17 12:16:30,028 [WARN] ModelIntegratedComponent:184 - Missing modes for component STMicroelectronics:FreeRTOS:0.0.1:STMicroelectronics:RTOS:FreeRTOS:Core:::10.2.0:
2025-02-17 12:16:30,043 [WARN] ModelIntegratedComponent:63 - No mode defined for component null
2025-02-17 12:16:30,044 [WARN] ModelIntegratedComponent:63 - No mode defined for component null
2025-02-17 12:16:30,046 [WARN] ModelIntegratedComponent:63 - No mode defined for component null
2025-02-17 12:16:30,046 [WARN] ModelIntegratedComponent:63 - No mode defined for component null
2025-02-17 12:16:30,046 [WARN] ModelIntegratedComponent:63 - No mode defined for component null
2025-02-17 12:16:30,046 [WARN] ModelIntegratedComponent:63 - No mode defined for component null
2025-02-17 12:16:30,046 [WARN] ModelIntegratedComponent:63 - No mode defined for component null
2025-02-17 12:16:30,046 [WARN] ModelIntegratedComponent:63 - No mode defined for component null
2025-02-17 12:16:30,046 [WARN] ModelIntegratedComponent:63 - No mode defined for component null
2025-02-17 12:16:30,046 [WARN] ModelIntegratedComponent:63 - No mode defined for component null
2025-02-17 12:16:30,046 [WARN] ModelIntegratedComponent:63 - No mode defined for component null
2025-02-17 12:16:30,046 [WARN] ModelIntegratedComponent:63 - No mode defined for component null
2025-02-17 12:16:30,046 [WARN] ModelIntegratedComponent:63 - No mode defined for component null
2025-02-17 12:16:30,046 [WARN] ModelIntegratedComponent:63 - No mode defined for component null
2025-02-17 12:16:30,046 [WARN] ModelIntegratedComponent:63 - No mode defined for component null
2025-02-17 12:16:30,046 [WARN] ModelIntegratedComponent:63 - No mode defined for component null
2025-02-17 12:16:30,046 [WARN] ModelIntegratedComponent:63 - No mode defined for component null
2025-02-17 12:16:30,046 [WARN] ModelIntegratedComponent:63 - No mode defined for component null
2025-02-17 12:16:30,046 [WARN] ModelIntegratedComponent:63 - No mode defined for component null
2025-02-17 12:16:30,046 [WARN] ModelIntegratedComponent:63 - No mode defined for component null
2025-02-17 12:16:30,046 [WARN] ModelIntegratedComponent:63 - No mode defined for component null
2025-02-17 12:16:30,046 [WARN] ModelIntegratedComponent:63 - No mode defined for component null
2025-02-17 12:16:30,046 [WARN] ModelIntegratedComponent:63 - No mode defined for component null
2025-02-17 12:16:30,046 [WARN] ModelIntegratedComponent:63 - No mode defined for component null
2025-02-17 12:16:30,047 [WARN] ModelIntegratedComponent:63 - No mode defined for component null
2025-02-17 12:16:30,047 [WARN] ModelIntegratedComponent:63 - No mode defined for component null
2025-02-17 12:16:30,047 [WARN] ModelIntegratedComponent:63 - No mode defined for component null
2025-02-17 12:16:30,047 [WARN] ModelIntegratedComponent:63 - No mode defined for component null
2025-02-17 12:16:30,047 [WARN] ModelIntegratedComponent:63 - No mode defined for component null
2025-02-17 12:16:30,047 [WARN] ModelIntegratedComponent:63 - No mode defined for component null
2025-02-17 12:16:30,047 [WARN] ModelIntegratedComponent:63 - No mode defined for component null
2025-02-17 12:16:30,047 [WARN] ModelIntegratedComponent:63 - No mode defined for component null
2025-02-17 12:16:30,047 [WARN] ModelIntegratedComponent:63 - No mode defined for component null
2025-02-17 12:16:30,047 [WARN] ModelIntegratedComponent:63 - No mode defined for component null
2025-02-17 12:16:30,047 [WARN] ModelIntegratedComponent:63 - No mode defined for component null
2025-02-17 12:16:30,047 [WARN] ModelPack:524 - Component already loaded: STMicroelectronics:HAL Drivers:0.0.0:STMicroelectronics:Device:STMicro_Driver:XSPI:HAL::0.0.1:HAL_XSPI
2025-02-17 12:16:30,130 [INFO] ThirdPartyModel:298 - Start build external matchings
2025-02-17 12:16:30,487 [INFO] ThirdPartyModel:316 - End build external matchings
2025-02-17 12:16:30,918 [INFO] ApiDb:581 - Connected to CubeFinder SQLite database (/home/engineering/.stmcufinder/plugins/mcufinder/mcu/cube-finder-db.db)
2025-02-17 12:16:30,963 [INFO] ApiDb:668 - CubeFinder database Data Model version=2.1
2025-02-17 12:16:30,963 [INFO] ApiDb:669 - CubeFinder database Configuration version=3.0.39
2025-02-17 12:16:30,963 [INFO] ApiDb:670 - CubeFinder database generation date=2025-02-07 (1738919966)
2025-02-17 12:16:30,963 [INFO] ApiDb:671 - CubeFinder database FW Pack versions=[FP-ATR-ASTRA1_V2.0.0, FP-SNS-FLIGHT1_V5.0.2, FP-SNS-MOTENV1_V5.0.0, FP-SNS-MOTENVWB1_V1.4.0, FP-SNS-SMARTAG2_V1.2.0, FP-SNS-STBOX1_V2.0.0, STM32Cube_FW_C0_V1.3.0, STM32Cube_FW_F4_V1.28.1, STM32Cube_FW_F7_V1.17.2, STM32Cube_FW_G0_V1.6.2, STM32Cube_FW_G4_V1.6.1, STM32Cube_FW_H5_V1.4.0, STM32Cube_FW_H7RS_V1.1.0, STM32Cube_FW_H7_V1.12.0, STM32Cube_FW_L0_V1.12.2, STM32Cube_FW_L4_V1.18.1, STM32Cube_FW_L5_V1.5.1, STM32Cube_FW_N6_V1.0.0, STM32Cube_FW_U0_V1.2.0, STM32Cube_FW_U3_V1.0.0, STM32Cube_FW_U5_V1.7.0, STM32Cube_FW_WB0_V1.1.0, STM32Cube_FW_WBA_V1.5.0, STM32Cube_FW_WB_V1.21.0, STM32Cube_FW_WL3_V1.0.0, STM32Cube_FW_WL_V1.3.0, X-CUBE-ALGOBUILD_V1.4.0, X-CUBE-ALS_V1.0.2, X-CUBE-AZRTOS-F4_V1.1.0, X-CUBE-AZRTOS-F7_V1.1.0, X-CUBE-AZRTOS-G0_V1.1.0, X-CUBE-AZRTOS-G4_V2.0.0, X-CUBE-AZRTOS-H7RS_V1.0.0, X-CUBE-AZRTOS-H7_V3.3.0, X-CUBE-AZRTOS-L4_V2.0.0, X-CUBE-AZRTOS-L5_V2.0.0, X-CUBE-AZRTOS-WB_V2.0.0, X-CUBE-AZRTOS-WL_V2.0.0, X-CUBE-BLE1_V7.0.0, X-CUBE-BLE2_V3.3.0, X-CUBE-BLEMGR_V4.0.0, X-CUBE-EEPRMA1_V5.1.0, X-CUBE-FREERTOS_V1.2.0, X-CUBE-GNSS1_V6.0.0, X-CUBE-MEMS1_V11.1.0, X-CUBE-NFC4_V3.0.0, X-CUBE-NFC7_V1.0.1, X-CUBE-SFXS2LP1_V4.0.0, X-CUBE-SUBG2_V5.0.0, X-CUBE-TOF1_V3.4.2]
2025-02-17 12:16:31,006 [INFO] DbBoardsSqlite:226 - include board P-NUCLEO-WB55-NUCLEO as a kit item of type 'Nucleo-64'
2025-02-17 12:16:31,007 [INFO] DbBoardsSqlite:226 - include board P-NUCLEO-WB55-USBDONGLE as a kit item of type 'Nucleo USB Dongle'
2025-02-17 12:16:31,007 [INFO] DbBoardsSqlite:226 - include board STEVAL-IDP005V1 as a kit item of type 'Evaluation Board'
2025-02-17 12:16:31,007 [INFO] DbBoardsSqlite:226 - include board STEVAL-IDP005V2 as a kit item of type 'Evaluation Board'
2025-02-17 12:16:31,043 [INFO] ApiDb:240 - Found 646 in-development CPN: [B-G473E-ZEST1S, B-WB1M-WPAN1, B-WL5M-SUBG1, NUCLEO-C031C6, NUCLEO-C071RB, NUCLEO-H503RB, NUCLEO-H533RE, NUCLEO-H563ZI, NUCLEO-H7S3L8, NUCLEO-U031R8, NUCLEO-U083RC, NUCLEO-U545RE-Q, NUCLEO-U5A5ZJ-Q, NUCLEO-WB05KZ, NUCLEO-WB07CC, NUCLEO-WB09KE, NUCLEO-WBA52CG, NUCLEO-WBA55CG, STEVAL-PROTEUS1, STEVAL-SMARTAG2, STEVAL-STWINBX1, STM320518-EVAL, STM32C0116-DK, STM32C011D6Y3TR, STM32C011D6Y6TR, STM32C011F4P3, STM32C011F4P6, STM32C011F4U3, STM32C011F4U6TR, STM32C011F6P3, STM32C011F6P6, STM32C011F6U3, STM32C011F6U6TR, STM32C011J4M3, STM32C011J4M6, STM32C011J6M3, STM32C011J6M6, STM32C0316-DK, STM32C031C4T3, STM32C031C4T6, STM32C031C4U3, STM32C031C4U6, STM32C031C6T3, STM32C031C6T6, STM32C031C6U3, STM32C031C6U6, STM32C031F4P3, STM32C031F4P6, STM32C031F6P3, STM32C031F6P6, STM32C031G4U3, STM32C031G4U6, STM32C031G6U3, STM32C031G6U6, STM32C031K4T3, STM32C031K4T6, STM32C031K4U3, STM32C031K4U6, STM32C031K6T3, STM32C031K6T6, STM32C031K6U3, STM32C031K6U6, STM32C071C8T6, STM32C071C8T6N, STM32C071C8U6, STM32C071C8U6N, STM32C071CBT6, STM32C071CBT6N, STM32C071CBU6, STM32C071CBU6N, STM32C071F8P6, STM32C071F8P6N, STM32C071FBP6, STM32C071FBP6N, STM32C071FBY6TR, STM32C071G8U6, STM32C071G8U6N, STM32C071GBU6, STM32C071GBU6N, STM32C071K8T6, STM32C071K8T6N, STM32C071K8U6, STM32C071K8U6N, STM32C071KBT6, STM32C071KBT6N, STM32C071KBU6, STM32C071KBU6N, STM32C071R8T6, STM32C071R8T6N, STM32C071RBI6N, STM32C071RBT6, STM32C071RBT6N, STM32G071K8TXN, STM32G071K8UXN, STM32G081GBU6N, STM32G081KBT6N, STM32G081KBUXN, STM32G0B1CCT6N, STM32G0B1KCT6, STM32G0B1NEY6TR, STM32G0B1RCT6N, STM32G0C1CCT6, STM32G0C1CCT6N, STM32G0C1CCU6N, STM32G0C1CET6N, STM32G0C1CEU6N, STM32G0C1KCT6, STM32G0C1NEY6TR, STM32G0C1RCI6N, STM32G0C1RCT6N, STM32G0C1REI6N, STM32G0C1RET6N, STM32G0C1VCI6, STM32G0C1VEI6, STM32G411C6T3, STM32G411C6T6, STM32G411C6U3, STM32G411C6U6, STM32G411C8T3, STM32G411C8T6, STM32G411C8U3, STM32G411C8U6, STM32G411CBT3, STM32G411CBT6, STM32G411CBU3, STM32G411CBU6, STM32G411K6T3, STM32G411K6T6, STM32G411K6U3, STM32G411K6U6, STM32G411K8T3, STM32G411K8T6, STM32G411K8U3, STM32G411K8U6, STM32G411KBT3, STM32G411KBT6, STM32G411KBU3, STM32G411KBU6, STM32G411M6T3, STM32G411M6T6, STM32G411M8T3, STM32G411M8T6, STM32G411MBT3, STM32G411MBT6, STM32G411R6T3, STM32G411R6T6, STM32G411R8T3, STM32G411R8T6, STM32G411RBT3, STM32G411RBT6, STM32G414CBT3, STM32G414CBT6, STM32G414CBU3, STM32G414CBU6, STM32G414CCT3, STM32G414CCT6, STM32G414CCU3, STM32G414CCU6, STM32G414MBT3, STM32G414MBT6, STM32G414MCT3, STM32G414MCT6, STM32G414RBT3, STM32G414RBT6, STM32G414RCT3, STM32G414RCT6, STM32G414VBT3, STM32G414VBT6, STM32G414VCT3, STM32G414VCT6, STM32G431CBT3Z, STM32G431RBT3Z, STM32G471CCT6, STM32G471CCU6, STM32G471CET3, STM32G471CET6, STM32G471CEU3, STM32G471CEU6, STM32G471MCT6, STM32G471MET3, STM32G471MET6, STM32G471MEY6TR, STM32G471QCT6, STM32G471QET3, STM32G471RCT6, STM32G471RET3, STM32G471RET6, STM32G471VCH6, STM32G471VCI6, STM32G471VCT6, STM32G471VEH3, STM32G471VEH6, STM32G471VEI3, STM32G471VEI6, STM32G471VET3, STM32G471VET6, STM32G473QET3Z, STM32G473RET3Z, STM32G474CCT6, STM32G491RET3Z, STM32H503CBT6, STM32H503CBU6, STM32H503EBY6TR, STM32H503KBU6, STM32H503RBT6, STM32H523CCT6, STM32H523CCU6, STM32H523CET6, STM32H523CEU6, STM32H523HEY6TR, STM32H523RCT6, STM32H523RET6, STM32H523VCI6, STM32H523VCT6, STM32H523VEI6, STM32H523VET6, STM32H523ZCJ6, STM32H523ZCT6, STM32H523ZEJ6, STM32H523ZET6, STM32H533CET6, STM32H533CEU6, STM32H533HEY6TR, STM32H533RET6, STM32H533VEI6, STM32H533VET6, STM32H533ZEJ6, STM32H533ZET6, STM32H562AGI6, STM32H562AII6, STM32H562IGK6, STM32H562IGT6, STM32H562IIK6, STM32H562IIT6, STM32H562RGT6, STM32H562RGV6, STM32H562RIT6, STM32H562RIV6, STM32H562VGT6, STM32H562VIT6, STM32H562ZGT6, STM32H562ZIT6, STM32H563AGI6, STM32H563AII3Q, STM32H563AII6, STM32H563IGK6, STM32H563IGT6, STM32H563IIK3Q, STM32H563IIK6, STM32H563IIT3Q, STM32H563IIT6, STM32H563MIY3QTR, STM32H563RGT6, STM32H563RGV6, STM32H563RIT6, STM32H563RIV6, STM32H563VGT6, STM32H563VIT3Q, STM32H563VIT6, STM32H563ZGT6, STM32H563ZIT3Q, STM32H563ZIT6, STM32H573AII3Q, STM32H573AII6, STM32H573I-DK, STM32H573IIK3Q, STM32H573IIK6, STM32H573IIT3Q, STM32H573IIT6, STM32H573MIY3QTR, STM32H573RIT6, STM32H573RIV6, STM32H573VIT3Q, STM32H573VIT6, STM32H573ZIT3Q, STM32H573ZIT6, STM32H7R3A8I6, STM32H7R3I8K6, STM32H7R3I8T6, STM32H7R3L8H6, STM32H7R3L8H6H, STM32H7R3R8V6, STM32H7R3V8H6, STM32H7R3V8T6, STM32H7R3V8Y6TR, STM32H7R3Z8J6, STM32H7R3Z8T6, STM32H7R7A8I6, STM32H7R7I8K6, STM32H7R7I8T6, STM32H7R7L8H6, STM32H7R7L8H6H, STM32H7R7Z8J6, STM32H7S3A8I6, STM32H7S3I8K6, STM32H7S3I8T6, STM32H7S3L8H6, STM32H7S3L8H6H, STM32H7S3R8V6, STM32H7S3V8H6, STM32H7S3V8T6, STM32H7S3V8Y6TR, STM32H7S3Z8J6, STM32H7S3Z8T6, STM32H7S78-DK, STM32H7S7A8I6, STM32H7S7I8K6, STM32H7S7I8T6, STM32H7S7L8H6, STM32H7S7L8H6H, STM32H7S7Z8J6, STM32L4R5QGI6STR, STM32MP131AAE3, STM32MP131AAF3, STM32MP131AAG3, STM32MP131CAE3, STM32MP131CAF3, STM32MP131CAG3, STM32MP131DAE7, STM32MP131DAF7, STM32MP131DAG7, STM32MP131FAE7, STM32MP131FAF7, STM32MP131FAG7, STM32MP133AAE3, STM32MP133AAF3, STM32MP133AAG3, STM32MP133CAE3, STM32MP133CAF3, STM32MP133CAG3, STM32MP133DAE7, STM32MP133DAF7, STM32MP133DAG7, STM32MP133FAE7, STM32MP133FAF7, STM32MP133FAG7, STM32MP135AAE3, STM32MP135AAF3, STM32MP135AAG3, STM32MP135CAE3, STM32MP135CAF3, STM32MP135CAG3, STM32MP135DAE7, STM32MP135DAF7, STM32MP135DAG7, STM32MP135F-DK, STM32MP135FAE7, STM32MP135FAF7, STM32MP135FAF7T, STM32MP135FAF7U, STM32MP135FAG7, STM32MP251AAI3, STM32MP251AAK3, STM32MP251AAL3, STM32MP251CAI3, STM32MP251CAK3, STM32MP251CAL3, STM32MP251DAI3, STM32MP251DAK3, STM32MP251DAL3, STM32MP251FAI3, STM32MP251FAK3, STM32MP251FAL3, STM32MP253AAI3, STM32MP253AAK3, STM32MP253AAL3, STM32MP253CAI3, STM32MP253CAK3, STM32MP253CAL3, STM32MP253DAI3, STM32MP253DAK3, STM32MP253DAL3, STM32MP253FAI3, STM32MP253FAK3, STM32MP253FAL3, STM32MP255AAI3, STM32MP255AAK3, STM32MP255AAL3, STM32MP255CAI3, STM32MP255CAK3, STM32MP255CAL3, STM32MP255DAI3, STM32MP255DAK3, STM32MP255DAL3, STM32MP255FAI3, STM32MP255FAK3, STM32MP255FAL3, STM32MP257AAI3, STM32MP257AAK3, STM32MP257AAL3, STM32MP257CAI3, STM32MP257CAK3, STM32MP257CAL3, STM32MP257DAI3, STM32MP257DAK3, STM32MP257DAL3, STM32MP257F-DK, STM32MP257F-EV1, STM32MP257FAI3, STM32MP257FAK3, STM32MP257FAL3, STM32U031C6T6, STM32U031C6U6, STM32U031C8T6, STM32U031C8U6, STM32U031F4P6, STM32U031F6P6, STM32U031F8P6, STM32U031G6Y6TR, STM32U031G8Y6TR, STM32U031K4U6, STM32U031K6U6, STM32U031K8U6, STM32U031R6I6, STM32U031R6T6, STM32U031R8I6, STM32U031R8T6, STM32U073C8T6, STM32U073C8U6, STM32U073CBT6, STM32U073CBU6, STM32U073CCT6, STM32U073CCU6, STM32U073H8Y6TR, STM32U073HBY6TR, STM32U073HCY6TR, STM32U073K8U6, STM32U073KBU6, STM32U073KCU6, STM32U073M8I6, STM32U073M8T6, STM32U073MBI6, STM32U073MBT6, STM32U073MCI6, STM32U073MCT6, STM32U073R8I6, STM32U073R8T6, STM32U073RBI6, STM32U073RBT6, STM32U073RCI6, STM32U073RCT6, STM32U083C-DK, STM32U083CCT6, STM32U083CCU6, STM32U083HCY6TR, STM32U083KCU6, STM32U083MCI6, STM32U083MCT6, STM32U083RCI6, STM32U083RCT6, STM32U535CBT6, STM32U535CBT6Q, STM32U535CBU6, STM32U535CBU6Q, STM32U535CCT6, STM32U535CCT6Q, STM32U535CCU6, STM32U535CCU6Q, STM32U535CET6, STM32U535CET6Q, STM32U535CEU6, STM32U535CEU6Q, STM32U535JEY6QTR, STM32U535NCY6QTR, STM32U535NEY6QTR, STM32U535RBI6, STM32U535RBI6Q, STM32U535RBT6, STM32U535RBT6Q, STM32U535RCI6, STM32U535RCI6Q, STM32U535RCT6, STM32U535RCT6Q, STM32U535REI6, STM32U535REI6Q, STM32U535RET6, STM32U535RET6Q, STM32U535VCI6, STM32U535VCI6Q, STM32U535VCT6, STM32U535VCT6Q, STM32U535VEI6, STM32U535VEI6Q, STM32U535VET6, STM32U535VET6Q, STM32U545CET6, STM32U545CET6Q, STM32U545CEU6, STM32U545CEU6Q, STM32U545JEY6QTR, STM32U545NEY6QTR, STM32U545REI6, STM32U545REI6Q, STM32U545RET6, STM32U545RET6Q, STM32U545VEI6, STM32U545VEI6Q, STM32U545VET6, STM32U545VET6Q, STM32U595AIH6, STM32U595AIH6Q, STM32U595AJH6, STM32U595AJH6Q, STM32U595QII6, STM32U595QII6Q, STM32U595QJI6, STM32U595QJI6Q, STM32U595RIT6, STM32U595RIT6Q, STM32U595RJT6, STM32U595RJT6Q, STM32U595VIT6, STM32U595VIT6Q, STM32U595VJT6, STM32U595VJT6Q, STM32U595ZIT6, STM32U595ZIT6Q, STM32U595ZIY6QTR, STM32U595ZJT6, STM32U595ZJT6Q, STM32U595ZJY6QTR, STM32U599BJY6QTR, STM32U599NIH6Q, STM32U599NJH6Q, STM32U599VIT6Q, STM32U599VJT6, STM32U599VJT6Q, STM32U599ZIT6Q, STM32U599ZIY6QTR, STM32U599ZJT6Q, STM32U599ZJY6QTR, STM32U5A5AJH6, STM32U5A5AJH6Q, STM32U5A5QII3Q , STM32U5A5QJI6, STM32U5A5QJI6Q, STM32U5A5RJT6, STM32U5A5RJT6Q, STM32U5A5VJT6, STM32U5A5VJT6Q, STM32U5A5ZJT6, STM32U5A5ZJT6Q, STM32U5A5ZJY6QTR, STM32U5A9BJY6QTR, STM32U5A9J-DK, STM32U5A9NJH6Q, STM32U5A9VJT6Q, STM32U5A9ZJT6Q, STM32U5A9ZJY6QTR, STM32U5F7VIT6, STM32U5F7VIT6Q, STM32U5F7VJT6, STM32U5F7VJT6Q, STM32U5F9BJY6QTR, STM32U5F9NJH6Q, STM32U5F9VIT6Q, STM32U5F9VJT6Q, STM32U5F9ZIJ6QTR, STM32U5F9ZIT6Q, STM32U5F9ZJJ6QTR, STM32U5F9ZJT6Q, STM32U5G7VJT6, STM32U5G7VJT6Q, STM32U5G9BJY6QTR, STM32U5G9J-DK1, STM32U5G9J-DK2, STM32U5G9NJH6Q, STM32U5G9VJT6Q, STM32U5G9ZJJ6QTR, STM32U5G9ZJT6Q, STM32WB05KZV6TR, STM32WB05KZV7TR, STM32WB05TZF6TR, STM32WB05TZF7TR, STM32WB06CCF6TR, STM32WB06CCF7TR, STM32WB06CCV6TR, STM32WB06CCV7TR, STM32WB06KCV6TR, STM32WB06KCV7TR, STM32WB07CCF6TR, STM32WB07CCF7TR, STM32WB07CCV6TR, STM32WB07CCV7TR, STM32WB07KCV6TR, STM32WB07KCV7TR, STM32WB09KEV6TR, STM32WB09KEV7TR, STM32WB09TEF6TR, STM32WB09TEF7TR, STM32WB1MMCH6, STM32WBA50KGU6, STM32WBA50KGU6TR, STM32WBA52CEU6, STM32WBA52CEU6TR, STM32WBA52CEU7, STM32WBA52CEU7TR, STM32WBA52CGU6, STM32WBA52CGU6TR, STM32WBA52CGU6U, STM32WBA52CGU7, STM32WBA52CGU7TR, STM32WBA52KEU6, STM32WBA52KEU6TR, STM32WBA52KGU6, STM32WBA52KGU6TR, STM32WBA54CEU6, STM32WBA54CEU6TR, STM32WBA54CEU7, STM32WBA54CEU7TR, STM32WBA54CGU6, STM32WBA54CGU6TR, STM32WBA54CGU7, STM32WBA54CGU7TR, STM32WBA54KEU6, STM32WBA54KEU6TR, STM32WBA54KEU7, STM32WBA54KEU7TR, STM32WBA54KGU6, STM32WBA54KGU6TR, STM32WBA54KGU7, STM32WBA54KGU7TR, STM32WBA55CEU6, STM32WBA55CEU6TR, STM32WBA55CEU7, STM32WBA55CEU7TR, STM32WBA55CGU6, STM32WBA55CGU6TR, STM32WBA55CGU6U, STM32WBA55CGU7, STM32WBA55CGU7TR, STM32WBA55G-DK1, STM32WBA55HEF6, STM32WBA55HEF7, STM32WBA55HGF6, STM32WBA55HGF7, STM32WBA55UEI6, STM32WBA55UEI6TR, STM32WBA55UEI7, STM32WBA55UEI7TR, STM32WBA55UGI6, STM32WBA55UGI6TR, STM32WBA55UGI7, STM32WBA55UGI7TR, STM32WL5MOCH6, STM32WL5MOCH6TR]
2025-02-17 12:16:31,046 [INFO] ApiDb:668 - CubeFinder database Data Model version=2.1
2025-02-17 12:16:31,046 [INFO] ApiDb:669 - CubeFinder database Configuration version=3.0.39
2025-02-17 12:16:31,046 [INFO] ApiDb:670 - CubeFinder database generation date=2025-02-07 (1738919966)
2025-02-17 12:16:31,046 [INFO] ApiDb:671 - CubeFinder database FW Pack versions=[FP-ATR-ASTRA1_V2.0.0, FP-SNS-FLIGHT1_V5.0.2, FP-SNS-MOTENV1_V5.0.0, FP-SNS-MOTENVWB1_V1.4.0, FP-SNS-SMARTAG2_V1.2.0, FP-SNS-STBOX1_V2.0.0, STM32Cube_FW_C0_V1.3.0, STM32Cube_FW_F4_V1.28.1, STM32Cube_FW_F7_V1.17.2, STM32Cube_FW_G0_V1.6.2, STM32Cube_FW_G4_V1.6.1, STM32Cube_FW_H5_V1.4.0, STM32Cube_FW_H7RS_V1.1.0, STM32Cube_FW_H7_V1.12.0, STM32Cube_FW_L0_V1.12.2, STM32Cube_FW_L4_V1.18.1, STM32Cube_FW_L5_V1.5.1, STM32Cube_FW_N6_V1.0.0, STM32Cube_FW_U0_V1.2.0, STM32Cube_FW_U3_V1.0.0, STM32Cube_FW_U5_V1.7.0, STM32Cube_FW_WB0_V1.1.0, STM32Cube_FW_WBA_V1.5.0, STM32Cube_FW_WB_V1.21.0, STM32Cube_FW_WL3_V1.0.0, STM32Cube_FW_WL_V1.3.0, X-CUBE-ALGOBUILD_V1.4.0, X-CUBE-ALS_V1.0.2, X-CUBE-AZRTOS-F4_V1.1.0, X-CUBE-AZRTOS-F7_V1.1.0, X-CUBE-AZRTOS-G0_V1.1.0, X-CUBE-AZRTOS-G4_V2.0.0, X-CUBE-AZRTOS-H7RS_V1.0.0, X-CUBE-AZRTOS-H7_V3.3.0, X-CUBE-AZRTOS-L4_V2.0.0, X-CUBE-AZRTOS-L5_V2.0.0, X-CUBE-AZRTOS-WB_V2.0.0, X-CUBE-AZRTOS-WL_V2.0.0, X-CUBE-BLE1_V7.0.0, X-CUBE-BLE2_V3.3.0, X-CUBE-BLEMGR_V4.0.0, X-CUBE-EEPRMA1_V5.1.0, X-CUBE-FREERTOS_V1.2.0, X-CUBE-GNSS1_V6.0.0, X-CUBE-MEMS1_V11.1.0, X-CUBE-NFC4_V3.0.0, X-CUBE-NFC7_V1.0.1, X-CUBE-SFXS2LP1_V4.0.0, X-CUBE-SUBG2_V5.0.0, X-CUBE-TOF1_V3.4.2]
2025-02-17 12:16:32,633 [INFO] ApiDb:240 - Found 646 in-development CPN: [B-G473E-ZEST1S, B-WB1M-WPAN1, B-WL5M-SUBG1, NUCLEO-C031C6, NUCLEO-C071RB, NUCLEO-H503RB, NUCLEO-H533RE, NUCLEO-H563ZI, NUCLEO-H7S3L8, NUCLEO-U031R8, NUCLEO-U083RC, NUCLEO-U545RE-Q, NUCLEO-U5A5ZJ-Q, NUCLEO-WB05KZ, NUCLEO-WB07CC, NUCLEO-WB09KE, NUCLEO-WBA52CG, NUCLEO-WBA55CG, STEVAL-PROTEUS1, STEVAL-SMARTAG2, STEVAL-STWINBX1, STM320518-EVAL, STM32C0116-DK, STM32C011D6Y3TR, STM32C011D6Y6TR, STM32C011F4P3, STM32C011F4P6, STM32C011F4U3, STM32C011F4U6TR, STM32C011F6P3, STM32C011F6P6, STM32C011F6U3, STM32C011F6U6TR, STM32C011J4M3, STM32C011J4M6, STM32C011J6M3, STM32C011J6M6, STM32C0316-DK, STM32C031C4T3, STM32C031C4T6, STM32C031C4U3, STM32C031C4U6, STM32C031C6T3, STM32C031C6T6, STM32C031C6U3, STM32C031C6U6, STM32C031F4P3, STM32C031F4P6, STM32C031F6P3, STM32C031F6P6, STM32C031G4U3, STM32C031G4U6, STM32C031G6U3, STM32C031G6U6, STM32C031K4T3, STM32C031K4T6, STM32C031K4U3, STM32C031K4U6, STM32C031K6T3, STM32C031K6T6, STM32C031K6U3, STM32C031K6U6, STM32C071C8T6, STM32C071C8T6N, STM32C071C8U6, STM32C071C8U6N, STM32C071CBT6, STM32C071CBT6N, STM32C071CBU6, STM32C071CBU6N, STM32C071F8P6, STM32C071F8P6N, STM32C071FBP6, STM32C071FBP6N, STM32C071FBY6TR, STM32C071G8U6, STM32C071G8U6N, STM32C071GBU6, STM32C071GBU6N, STM32C071K8T6, STM32C071K8T6N, STM32C071K8U6, STM32C071K8U6N, STM32C071KBT6, STM32C071KBT6N, STM32C071KBU6, STM32C071KBU6N, STM32C071R8T6, STM32C071R8T6N, STM32C071RBI6N, STM32C071RBT6, STM32C071RBT6N, STM32G071K8TXN, STM32G071K8UXN, STM32G081GBU6N, STM32G081KBT6N, STM32G081KBUXN, STM32G0B1CCT6N, STM32G0B1KCT6, STM32G0B1NEY6TR, STM32G0B1RCT6N, STM32G0C1CCT6, STM32G0C1CCT6N, STM32G0C1CCU6N, STM32G0C1CET6N, STM32G0C1CEU6N, STM32G0C1KCT6, STM32G0C1NEY6TR, STM32G0C1RCI6N, STM32G0C1RCT6N, STM32G0C1REI6N, STM32G0C1RET6N, STM32G0C1VCI6, STM32G0C1VEI6, STM32G411C6T3, STM32G411C6T6, STM32G411C6U3, STM32G411C6U6, STM32G411C8T3, STM32G411C8T6, STM32G411C8U3, STM32G411C8U6, STM32G411CBT3, STM32G411CBT6, STM32G411CBU3, STM32G411CBU6, STM32G411K6T3, STM32G411K6T6, STM32G411K6U3, STM32G411K6U6, STM32G411K8T3, STM32G411K8T6, STM32G411K8U3, STM32G411K8U6, STM32G411KBT3, STM32G411KBT6, STM32G411KBU3, STM32G411KBU6, STM32G411M6T3, STM32G411M6T6, STM32G411M8T3, STM32G411M8T6, STM32G411MBT3, STM32G411MBT6, STM32G411R6T3, STM32G411R6T6, STM32G411R8T3, STM32G411R8T6, STM32G411RBT3, STM32G411RBT6, STM32G414CBT3, STM32G414CBT6, STM32G414CBU3, STM32G414CBU6, STM32G414CCT3, STM32G414CCT6, STM32G414CCU3, STM32G414CCU6, STM32G414MBT3, STM32G414MBT6, STM32G414MCT3, STM32G414MCT6, STM32G414RBT3, STM32G414RBT6, STM32G414RCT3, STM32G414RCT6, STM32G414VBT3, STM32G414VBT6, STM32G414VCT3, STM32G414VCT6, STM32G431CBT3Z, STM32G431RBT3Z, STM32G471CCT6, STM32G471CCU6, STM32G471CET3, STM32G471CET6, STM32G471CEU3, STM32G471CEU6, STM32G471MCT6, STM32G471MET3, STM32G471MET6, STM32G471MEY6TR, STM32G471QCT6, STM32G471QET3, STM32G471RCT6, STM32G471RET3, STM32G471RET6, STM32G471VCH6, STM32G471VCI6, STM32G471VCT6, STM32G471VEH3, STM32G471VEH6, STM32G471VEI3, STM32G471VEI6, STM32G471VET3, STM32G471VET6, STM32G473QET3Z, STM32G473RET3Z, STM32G474CCT6, STM32G491RET3Z, STM32H503CBT6, STM32H503CBU6, STM32H503EBY6TR, STM32H503KBU6, STM32H503RBT6, STM32H523CCT6, STM32H523CCU6, STM32H523CET6, STM32H523CEU6, STM32H523HEY6TR, STM32H523RCT6, STM32H523RET6, STM32H523VCI6, STM32H523VCT6, STM32H523VEI6, STM32H523VET6, STM32H523ZCJ6, STM32H523ZCT6, STM32H523ZEJ6, STM32H523ZET6, STM32H533CET6, STM32H533CEU6, STM32H533HEY6TR, STM32H533RET6, STM32H533VEI6, STM32H533VET6, STM32H533ZEJ6, STM32H533ZET6, STM32H562AGI6, STM32H562AII6, STM32H562IGK6, STM32H562IGT6, STM32H562IIK6, STM32H562IIT6, STM32H562RGT6, STM32H562RGV6, STM32H562RIT6, STM32H562RIV6, STM32H562VGT6, STM32H562VIT6, STM32H562ZGT6, STM32H562ZIT6, STM32H563AGI6, STM32H563AII3Q, STM32H563AII6, STM32H563IGK6, STM32H563IGT6, STM32H563IIK3Q, STM32H563IIK6, STM32H563IIT3Q, STM32H563IIT6, STM32H563MIY3QTR, STM32H563RGT6, STM32H563RGV6, STM32H563RIT6, STM32H563RIV6, STM32H563VGT6, STM32H563VIT3Q, STM32H563VIT6, STM32H563ZGT6, STM32H563ZIT3Q, STM32H563ZIT6, STM32H573AII3Q, STM32H573AII6, STM32H573I-DK, STM32H573IIK3Q, STM32H573IIK6, STM32H573IIT3Q, STM32H573IIT6, STM32H573MIY3QTR, STM32H573RIT6, STM32H573RIV6, STM32H573VIT3Q, STM32H573VIT6, STM32H573ZIT3Q, STM32H573ZIT6, STM32H7R3A8I6, STM32H7R3I8K6, STM32H7R3I8T6, STM32H7R3L8H6, STM32H7R3L8H6H, STM32H7R3R8V6, STM32H7R3V8H6, STM32H7R3V8T6, STM32H7R3V8Y6TR, STM32H7R3Z8J6, STM32H7R3Z8T6, STM32H7R7A8I6, STM32H7R7I8K6, STM32H7R7I8T6, STM32H7R7L8H6, STM32H7R7L8H6H, STM32H7R7Z8J6, STM32H7S3A8I6, STM32H7S3I8K6, STM32H7S3I8T6, STM32H7S3L8H6, STM32H7S3L8H6H, STM32H7S3R8V6, STM32H7S3V8H6, STM32H7S3V8T6, STM32H7S3V8Y6TR, STM32H7S3Z8J6, STM32H7S3Z8T6, STM32H7S78-DK, STM32H7S7A8I6, STM32H7S7I8K6, STM32H7S7I8T6, STM32H7S7L8H6, STM32H7S7L8H6H, STM32H7S7Z8J6, STM32L4R5QGI6STR, STM32MP131AAE3, STM32MP131AAF3, STM32MP131AAG3, STM32MP131CAE3, STM32MP131CAF3, STM32MP131CAG3, STM32MP131DAE7, STM32MP131DAF7, STM32MP131DAG7, STM32MP131FAE7, STM32MP131FAF7, STM32MP131FAG7, STM32MP133AAE3, STM32MP133AAF3, STM32MP133AAG3, STM32MP133CAE3, STM32MP133CAF3, STM32MP133CAG3, STM32MP133DAE7, STM32MP133DAF7, STM32MP133DAG7, STM32MP133FAE7, STM32MP133FAF7, STM32MP133FAG7, STM32MP135AAE3, STM32MP135AAF3, STM32MP135AAG3, STM32MP135CAE3, STM32MP135CAF3, STM32MP135CAG3, STM32MP135DAE7, STM32MP135DAF7, STM32MP135DAG7, STM32MP135F-DK, STM32MP135FAE7, STM32MP135FAF7, STM32MP135FAF7T, STM32MP135FAF7U, STM32MP135FAG7, STM32MP251AAI3, STM32MP251AAK3, STM32MP251AAL3, STM32MP251CAI3, STM32MP251CAK3, STM32MP251CAL3, STM32MP251DAI3, STM32MP251DAK3, STM32MP251DAL3, STM32MP251FAI3, STM32MP251FAK3, STM32MP251FAL3, STM32MP253AAI3, STM32MP253AAK3, STM32MP253AAL3, STM32MP253CAI3, STM32MP253CAK3, STM32MP253CAL3, STM32MP253DAI3, STM32MP253DAK3, STM32MP253DAL3, STM32MP253FAI3, STM32MP253FAK3, STM32MP253FAL3, STM32MP255AAI3, STM32MP255AAK3, STM32MP255AAL3, STM32MP255CAI3, STM32MP255CAK3, STM32MP255CAL3, STM32MP255DAI3, STM32MP255DAK3, STM32MP255DAL3, STM32MP255FAI3, STM32MP255FAK3, STM32MP255FAL3, STM32MP257AAI3, STM32MP257AAK3, STM32MP257AAL3, STM32MP257CAI3, STM32MP257CAK3, STM32MP257CAL3, STM32MP257DAI3, STM32MP257DAK3, STM32MP257DAL3, STM32MP257F-DK, STM32MP257F-EV1, STM32MP257FAI3, STM32MP257FAK3, STM32MP257FAL3, STM32U031C6T6, STM32U031C6U6, STM32U031C8T6, STM32U031C8U6, STM32U031F4P6, STM32U031F6P6, STM32U031F8P6, STM32U031G6Y6TR, STM32U031G8Y6TR, STM32U031K4U6, STM32U031K6U6, STM32U031K8U6, STM32U031R6I6, STM32U031R6T6, STM32U031R8I6, STM32U031R8T6, STM32U073C8T6, STM32U073C8U6, STM32U073CBT6, STM32U073CBU6, STM32U073CCT6, STM32U073CCU6, STM32U073H8Y6TR, STM32U073HBY6TR, STM32U073HCY6TR, STM32U073K8U6, STM32U073KBU6, STM32U073KCU6, STM32U073M8I6, STM32U073M8T6, STM32U073MBI6, STM32U073MBT6, STM32U073MCI6, STM32U073MCT6, STM32U073R8I6, STM32U073R8T6, STM32U073RBI6, STM32U073RBT6, STM32U073RCI6, STM32U073RCT6, STM32U083C-DK, STM32U083CCT6, STM32U083CCU6, STM32U083HCY6TR, STM32U083KCU6, STM32U083MCI6, STM32U083MCT6, STM32U083RCI6, STM32U083RCT6, STM32U535CBT6, STM32U535CBT6Q, STM32U535CBU6, STM32U535CBU6Q, STM32U535CCT6, STM32U535CCT6Q, STM32U535CCU6, STM32U535CCU6Q, STM32U535CET6, STM32U535CET6Q, STM32U535CEU6, STM32U535CEU6Q, STM32U535JEY6QTR, STM32U535NCY6QTR, STM32U535NEY6QTR, STM32U535RBI6, STM32U535RBI6Q, STM32U535RBT6, STM32U535RBT6Q, STM32U535RCI6, STM32U535RCI6Q, STM32U535RCT6, STM32U535RCT6Q, STM32U535REI6, STM32U535REI6Q, STM32U535RET6, STM32U535RET6Q, STM32U535VCI6, STM32U535VCI6Q, STM32U535VCT6, STM32U535VCT6Q, STM32U535VEI6, STM32U535VEI6Q, STM32U535VET6, STM32U535VET6Q, STM32U545CET6, STM32U545CET6Q, STM32U545CEU6, STM32U545CEU6Q, STM32U545JEY6QTR, STM32U545NEY6QTR, STM32U545REI6, STM32U545REI6Q, STM32U545RET6, STM32U545RET6Q, STM32U545VEI6, STM32U545VEI6Q, STM32U545VET6, STM32U545VET6Q, STM32U595AIH6, STM32U595AIH6Q, STM32U595AJH6, STM32U595AJH6Q, STM32U595QII6, STM32U595QII6Q, STM32U595QJI6, STM32U595QJI6Q, STM32U595RIT6, STM32U595RIT6Q, STM32U595RJT6, STM32U595RJT6Q, STM32U595VIT6, STM32U595VIT6Q, STM32U595VJT6, STM32U595VJT6Q, STM32U595ZIT6, STM32U595ZIT6Q, STM32U595ZIY6QTR, STM32U595ZJT6, STM32U595ZJT6Q, STM32U595ZJY6QTR, STM32U599BJY6QTR, STM32U599NIH6Q, STM32U599NJH6Q, STM32U599VIT6Q, STM32U599VJT6, STM32U599VJT6Q, STM32U599ZIT6Q, STM32U599ZIY6QTR, STM32U599ZJT6Q, STM32U599ZJY6QTR, STM32U5A5AJH6, STM32U5A5AJH6Q, STM32U5A5QII3Q , STM32U5A5QJI6, STM32U5A5QJI6Q, STM32U5A5RJT6, STM32U5A5RJT6Q, STM32U5A5VJT6, STM32U5A5VJT6Q, STM32U5A5ZJT6, STM32U5A5ZJT6Q, STM32U5A5ZJY6QTR, STM32U5A9BJY6QTR, STM32U5A9J-DK, STM32U5A9NJH6Q, STM32U5A9VJT6Q, STM32U5A9ZJT6Q, STM32U5A9ZJY6QTR, STM32U5F7VIT6, STM32U5F7VIT6Q, STM32U5F7VJT6, STM32U5F7VJT6Q, STM32U5F9BJY6QTR, STM32U5F9NJH6Q, STM32U5F9VIT6Q, STM32U5F9VJT6Q, STM32U5F9ZIJ6QTR, STM32U5F9ZIT6Q, STM32U5F9ZJJ6QTR, STM32U5F9ZJT6Q, STM32U5G7VJT6, STM32U5G7VJT6Q, STM32U5G9BJY6QTR, STM32U5G9J-DK1, STM32U5G9J-DK2, STM32U5G9NJH6Q, STM32U5G9VJT6Q, STM32U5G9ZJJ6QTR, STM32U5G9ZJT6Q, STM32WB05KZV6TR, STM32WB05KZV7TR, STM32WB05TZF6TR, STM32WB05TZF7TR, STM32WB06CCF6TR, STM32WB06CCF7TR, STM32WB06CCV6TR, STM32WB06CCV7TR, STM32WB06KCV6TR, STM32WB06KCV7TR, STM32WB07CCF6TR, STM32WB07CCF7TR, STM32WB07CCV6TR, STM32WB07CCV7TR, STM32WB07KCV6TR, STM32WB07KCV7TR, STM32WB09KEV6TR, STM32WB09KEV7TR, STM32WB09TEF6TR, STM32WB09TEF7TR, STM32WB1MMCH6, STM32WBA50KGU6, STM32WBA50KGU6TR, STM32WBA52CEU6, STM32WBA52CEU6TR, STM32WBA52CEU7, STM32WBA52CEU7TR, STM32WBA52CGU6, STM32WBA52CGU6TR, STM32WBA52CGU6U, STM32WBA52CGU7, STM32WBA52CGU7TR, STM32WBA52KEU6, STM32WBA52KEU6TR, STM32WBA52KGU6, STM32WBA52KGU6TR, STM32WBA54CEU6, STM32WBA54CEU6TR, STM32WBA54CEU7, STM32WBA54CEU7TR, STM32WBA54CGU6, STM32WBA54CGU6TR, STM32WBA54CGU7, STM32WBA54CGU7TR, STM32WBA54KEU6, STM32WBA54KEU6TR, STM32WBA54KEU7, STM32WBA54KEU7TR, STM32WBA54KGU6, STM32WBA54KGU6TR, STM32WBA54KGU7, STM32WBA54KGU7TR, STM32WBA55CEU6, STM32WBA55CEU6TR, STM32WBA55CEU7, STM32WBA55CEU7TR, STM32WBA55CGU6, STM32WBA55CGU6TR, STM32WBA55CGU6U, STM32WBA55CGU7, STM32WBA55CGU7TR, STM32WBA55G-DK1, STM32WBA55HEF6, STM32WBA55HEF7, STM32WBA55HGF6, STM32WBA55HGF7, STM32WBA55UEI6, STM32WBA55UEI6TR, STM32WBA55UEI7, STM32WBA55UEI7TR, STM32WBA55UGI6, STM32WBA55UGI6TR, STM32WBA55UGI7, STM32WBA55UGI7TR, STM32WL5MOCH6, STM32WL5MOCH6TR]
2025-02-17 12:16:32,637 [INFO] DbMcus:218 - Found 4440 MCUs, 4440 are supported
2025-02-17 12:16:32,637 [INFO] ApiDb:423 - Load user favorites file /home/engineering/.stm32cubeide/favorites.mcus.txt: 0 item(s)
2025-02-17 12:16:32,637 [INFO] ApiDb:427 - User favorites MCUs=[]
2025-02-17 12:16:32,637 [INFO] DbMcus:224 - Set 0 / 0 favorites MCUs
2025-02-17 12:16:32,965 [INFO] BoardInfo:889 - No configuration file found for board NUCLEO-N657X0-Q
2025-02-17 12:16:32,965 [INFO] DbBoards:161 - Board is not supported: NUCLEO-N657X0-Q
2025-02-17 12:16:32,972 [INFO] BoardInfo:889 - No configuration file found for board NUCLEO-WL33CC1
2025-02-17 12:16:32,972 [INFO] DbBoards:161 - Board is not supported: NUCLEO-WL33CC1
2025-02-17 12:16:32,973 [INFO] BoardInfo:889 - No configuration file found for board NUCLEO-WL33CC2
2025-02-17 12:16:32,973 [INFO] DbBoards:161 - Board is not supported: NUCLEO-WL33CC2
2025-02-17 12:16:32,976 [INFO] BoardInfo:889 - No configuration file found for board P-NUCLEO-WB55
2025-02-17 12:16:32,976 [INFO] DbBoards:161 - Kit is not supported: P-NUCLEO-WB55
2025-02-17 12:16:32,978 [INFO] BoardInfo:889 - No configuration file found for board STEVAL-BFA001V1B
2025-02-17 12:16:32,978 [INFO] DbBoards:161 - Kit is not supported: STEVAL-BFA001V1B
2025-02-17 12:16:32,979 [INFO] BoardInfo:889 - No configuration file found for board STEVAL-BFA001V2B
2025-02-17 12:16:32,979 [INFO] DbBoards:161 - Kit is not supported: STEVAL-BFA001V2B
2025-02-17 12:16:33,032 [INFO] BoardInfo:889 - No configuration file found for board STM32N6570-DK
2025-02-17 12:16:33,033 [INFO] DbBoards:161 - Board is not supported: STM32N6570-DK
2025-02-17 12:16:33,037 [INFO] DbBoards:168 - Found 205 boards, 198 are supported
2025-02-17 12:16:33,037 [INFO] DbBoards:169 - Found 205 boards, 25 of them is supported for  Bsp
2025-02-17 12:16:33,040 [INFO] ApiDb:423 - Load user favorites file /home/engineering/.stm32cubeide/favorites.boards.txt: 1 item(s)
2025-02-17 12:16:33,040 [INFO] ApiDb:427 - User favorites Boards=[STM32F407G-DISC1]
2025-02-17 12:16:33,040 [INFO] DbBoards:198 - Set 1 / 1 favorites Boards
2025-02-17 12:16:33,100 [INFO] UtilMem:75 - End LoadConfig() Used Memory: 371777824 Bytes (506462208)
2025-02-17 12:16:33,225 [WARN] ThirdParty:833 - waiting for thirdparty lock release [change project]
2025-02-17 12:16:33,226 [INFO] ThirdParty:835 - entering critical section [change project]
2025-02-17 12:16:33,227 [INFO] ThirdParty:1030 - CMSIS Pack Vendor :STMicroelectronics USBPD 4.1
2025-02-17 12:16:33,233 [INFO] ThirdParty:1030 - CMSIS Pack Vendor :STMicroelectronics X-CUBE-AZRTOS-H7 3.3.0
2025-02-17 12:16:33,233 [INFO] ThirdParty:1030 - CMSIS Pack Vendor :STMicroelectronics X-CUBE-NFC9 1.0.0
2025-02-17 12:16:33,233 [INFO] ThirdParty:1030 - CMSIS Pack Vendor :STMicroelectronics USB_HOST 2.0.0
2025-02-17 12:16:33,233 [INFO] ThirdParty:1030 - CMSIS Pack Vendor :STMicroelectronics FP-SNS-MOTENVWB1 1.4.0
2025-02-17 12:16:33,233 [INFO] ThirdParty:1030 - CMSIS Pack Vendor :STMicroelectronics X-CUBE-AZRTOS-F4 1.1.0
2025-02-17 12:16:33,233 [INFO] ThirdParty:1030 - CMSIS Pack Vendor :STMicroelectronics LIBJPEG 8.0.0
2025-02-17 12:16:33,234 [INFO] ThirdParty:1030 - CMSIS Pack Vendor :STMicroelectronics FP-ATR-ASTRA1 2.0.1
2025-02-17 12:16:33,234 [INFO] ThirdParty:1030 - CMSIS Pack Vendor :STMicroelectronics X-CUBE-SMBUS 2.1.0
2025-02-17 12:16:33,234 [INFO] ThirdParty:1030 - CMSIS Pack Vendor :STMicroelectronics X-CUBE-WB05N 1.1.0
2025-02-17 12:16:33,234 [INFO] ThirdParty:1030 - CMSIS Pack Vendor :STMicroelectronics USB_DEVICE 3.0.0
2025-02-17 12:16:33,234 [INFO] ThirdParty:1030 - CMSIS Pack Vendor :STMicroelectronics X-CUBE-TCPP 4.1.0
2025-02-17 12:16:33,234 [INFO] ThirdParty:1030 - CMSIS Pack Vendor :STMicroelectronics X-CUBE-ISPU 2.1.0
2025-02-17 12:16:33,234 [INFO] ThirdParty:1030 - CMSIS Pack Vendor :STMicroelectronics X-CUBE-FREERTOS 1.2.0
2025-02-17 12:16:33,234 [INFO] ThirdParty:1030 - CMSIS Pack Vendor :STMicroelectronics X-CUBE-IPS 3.0.0
2025-02-17 12:16:33,234 [INFO] ThirdParty:1030 - CMSIS Pack Vendor :STMicroelectronics X-CUBE-AZRTOS-WB 2.0.0
2025-02-17 12:16:33,234 [INFO] ThirdParty:1030 - CMSIS Pack Vendor :STMicroelectronics X-CUBE-GNSS1 7.0.0
2025-02-17 12:16:33,234 [INFO] ThirdParty:1030 - CMSIS Pack Vendor :STMicroelectronics X-CUBE-GNSS1 7.0.1
2025-02-17 12:16:33,234 [INFO] ThirdParty:1030 - CMSIS Pack Vendor :STMicroelectronics X-CUBE-AZRTOS-F7 1.1.0
2025-02-17 12:16:33,234 [INFO] ThirdParty:1030 - CMSIS Pack Vendor :STMicroelectronics X-CUBE-AZRTOS-L5 2.0.0
2025-02-17 12:16:33,234 [INFO] ThirdParty:1030 - CMSIS Pack Vendor :STMicroelectronics USB_DEVICE 2.0.0
2025-02-17 12:16:33,234 [INFO] ThirdParty:1030 - CMSIS Pack Vendor :STMicroelectronics X-CUBE-NFC6 3.1.0
2025-02-17 12:16:33,234 [INFO] ThirdParty:1030 - CMSIS Pack Vendor :STMicroelectronics FP-SNS-STBOX1 2.0.0
2025-02-17 12:16:33,234 [INFO] ThirdParty:1030 - CMSIS Pack Vendor :STMicroelectronics X-CUBE-MEMS1 11.0.0
2025-02-17 12:16:33,234 [INFO] ThirdParty:1030 - CMSIS Pack Vendor :STMicroelectronics FreeRTOS 0.0.1
2025-02-17 12:16:33,234 [INFO] ThirdParty:1030 - CMSIS Pack Vendor :STMicroelectronics X-CUBE-AZRTOS-G0 1.1.0
2025-02-17 12:16:33,234 [INFO] ThirdParty:1030 - CMSIS Pack Vendor :STMicroelectronics X-CUBE-SAFEA1 1.2.2
2025-02-17 12:16:33,234 [INFO] ThirdParty:1030 - CMSIS Pack Vendor :STMicroelectronics X-CUBE-NFC4 3.0.0
2025-02-17 12:16:33,234 [INFO] ThirdParty:1030 - CMSIS Pack Vendor :STMicroelectronics X-CUBE-DPower 1.2.0
2025-02-17 12:16:33,234 [INFO] ThirdParty:1030 - CMSIS Pack Vendor :STMicroelectronics X-CUBE-SUBG2 5.0.0
2025-02-17 12:16:33,234 [INFO] ThirdParty:1030 - CMSIS Pack Vendor :STMicroelectronics STM32_WPAN 1.0.0
2025-02-17 12:16:33,234 [INFO] ThirdParty:1030 - CMSIS Pack Vendor :EmbeddedOffice I-CUBE-FS-RTOS 1.0.1
2025-02-17 12:16:33,234 [INFO] ThirdParty:1030 - CMSIS Pack Vendor :STMicroelectronics lwIP 2.0.3
2025-02-17 12:16:33,234 [INFO] ThirdParty:1030 - CMSIS Pack Vendor :STMicroelectronics FP-SNS-FLIGHT1 5.0.2
2025-02-17 12:16:33,234 [INFO] ThirdParty:1030 - CMSIS Pack Vendor :Cesanta I-CUBE-Mongoose 7.13.0
2025-02-17 12:16:33,234 [INFO] ThirdParty:1030 - CMSIS Pack Vendor :STMicroelectronics USB_HOST 1.0.0
2025-02-17 12:16:33,234 [INFO] ThirdParty:1030 - CMSIS Pack Vendor :STMicroelectronics X-CUBE-AZRTOS-G4 2.0.0
2025-02-17 12:16:33,234 [INFO] ThirdParty:1030 - CMSIS Pack Vendor :STMicroelectronics PDM2PCM 3.1.0
2025-02-17 12:16:33,234 [INFO] ThirdParty:1030 - CMSIS Pack Vendor :STMicroelectronics PDM2PCM 3.3.0
2025-02-17 12:16:33,234 [INFO] ThirdParty:1030 - CMSIS Pack Vendor :STMicroelectronics X-CUBE-DISPLAY 3.0.0
2025-02-17 12:16:33,234 [INFO] ThirdParty:1030 - CMSIS Pack Vendor :RealThread X-CUBE-RT-Thread_Nano 4.1.1
2025-02-17 12:16:33,234 [INFO] ThirdParty:1030 - CMSIS Pack Vendor :STMicroelectronics X-CUBE-BLE1 7.0.0
2025-02-17 12:16:33,234 [INFO] ThirdParty:1030 - CMSIS Pack Vendor :STMicroelectronics FP-ATR-SIGFOX1 3.2.0
2025-02-17 12:16:33,234 [INFO] ThirdParty:1030 - CMSIS Pack Vendor :STMicroelectronics X-CUBE-NFC10 1.0.0
2025-02-17 12:16:33,234 [INFO] ThirdParty:1030 - CMSIS Pack Vendor :quantropi X-CUBE-qispace-sdk-base 1.9.3
2025-02-17 12:16:33,235 [INFO] ThirdParty:1030 - CMSIS Pack Vendor :STMicroelectronics X-CUBE-BLEMGR 4.0.0
2025-02-17 12:16:33,235 [INFO] ThirdParty:1030 - CMSIS Pack Vendor :STMicroelectronics X-CUBE-EEPRMA1 5.1.0
2025-02-17 12:16:33,235 [INFO] ThirdParty:1030 - CMSIS Pack Vendor :STMicroelectronics HAL Drivers 0.0.0
2025-02-17 12:16:33,235 [INFO] ThirdParty:1030 - CMSIS Pack Vendor :STMicroelectronics MBEDTLS 2.16.2
2025-02-17 12:16:33,235 [INFO] ThirdParty:1030 - CMSIS Pack Vendor :STMicroelectronics X-CUBE-ALS 1.0.2
2025-02-17 12:16:33,238 [INFO] ThirdParty:1030 - CMSIS Pack Vendor :emotas I-CUBE-CANOPEN 1.3.0
2025-02-17 12:16:33,238 [INFO] ThirdParty:1030 - CMSIS Pack Vendor :STMicroelectronics X-CUBE-FREERTOS 1.3.0
2025-02-17 12:16:33,238 [INFO] ThirdParty:1030 - CMSIS Pack Vendor :wolfSSL I-CUBE-wolfSSL 5.7.4
2025-02-17 12:16:33,238 [INFO] ThirdParty:1030 - CMSIS Pack Vendor :STMicroelectronics X-CUBE-NFC7 1.0.1
2025-02-17 12:16:33,238 [INFO] ThirdParty:1030 - CMSIS Pack Vendor :STMicroelectronics MBEDTLS 2.14.1
2025-02-17 12:16:33,238 [INFO] ThirdParty:1030 - CMSIS Pack Vendor :ITTIA_DB I-CUBE-ITTIADB 8.9.0
2025-02-17 12:16:33,238 [INFO] ThirdParty:1030 - CMSIS Pack Vendor :STMicroelectronics X-CUBE-TOUCHGFX 4.24.2
2025-02-17 12:16:33,239 [INFO] ThirdParty:1030 - CMSIS Pack Vendor :STMicroelectronics X-CUBE-TOUCHGFX 4.24.1
2025-02-17 12:16:33,239 [INFO] ThirdParty:1030 - CMSIS Pack Vendor :wolfSSL I-CUBE-wolfTPM 3.4.0
2025-02-17 12:16:33,239 [INFO] ThirdParty:1030 - CMSIS Pack Vendor :portGmbH I-Cube-SoM-uGOAL 1.1.0
2025-02-17 12:16:33,239 [INFO] ThirdParty:1030 - CMSIS Pack Vendor :STMicroelectronics X-CUBE-BLEMGR 3.1.0
2025-02-17 12:16:33,239 [INFO] ThirdParty:1030 - CMSIS Pack Vendor :STMicroelectronics X-CUBE-AI 10.0.0
2025-02-17 12:16:33,239 [INFO] ThirdParty:1030 - CMSIS Pack Vendor :STMicroelectronics ThreadX 1.0.0
2025-02-17 12:16:33,239 [INFO] ThirdParty:1030 - CMSIS Pack Vendor :STMicroelectronics FP-SNS-SMARTAG2 1.2.0
2025-02-17 12:16:33,239 [INFO] ThirdParty:1030 - CMSIS Pack Vendor :STMicroelectronics X-CUBE-MEMS1 11.1.0
2025-02-17 12:16:33,239 [INFO] ThirdParty:1030 - CMSIS Pack Vendor :STMicroelectronics X-CUBE-AZRTOS-WL 2.0.0
2025-02-17 12:16:33,239 [INFO] ThirdParty:1030 - CMSIS Pack Vendor :SEGGER I-CUBE-embOS 1.3.1
2025-02-17 12:16:33,239 [INFO] ThirdParty:1030 - CMSIS Pack Vendor :STMicroelectronics X-CUBE-ALGOBUILD 1.4.0
2025-02-17 12:16:33,239 [INFO] ThirdParty:1030 - CMSIS Pack Vendor :STMicroelectronics FP-SNS-MOTENV1 5.0.0
2025-02-17 12:16:33,239 [INFO] ThirdParty:1030 - CMSIS Pack Vendor :STMicroelectronics USB_DEVICE 1.0.0
2025-02-17 12:16:33,239 [INFO] ThirdParty:1030 - CMSIS Pack Vendor :STMicroelectronics X-CUBE-AZRTOS-H7RS 1.0.0
2025-02-17 12:16:33,239 [INFO] ThirdParty:1030 - CMSIS Pack Vendor :wolfSSL I-CUBE-wolfMQTT 1.19.0
2025-02-17 12:16:33,239 [INFO] ThirdParty:1030 - CMSIS Pack Vendor :STMicroelectronics X-CUBE-AZRTOS-L4 2.0.0
2025-02-17 12:16:33,239 [INFO] ThirdParty:1030 - CMSIS Pack Vendor :STMicroelectronics ThreadX 0.0.2
2025-02-17 12:16:33,239 [INFO] ThirdParty:1030 - CMSIS Pack Vendor :WES I-CUBE-Cesium 1.3.0
2025-02-17 12:16:33,239 [INFO] ThirdParty:1030 - CMSIS Pack Vendor :STMicroelectronics lwIP 2.1.2
2025-02-17 12:16:33,239 [INFO] ThirdParty:1030 - CMSIS Pack Vendor :STMicroelectronics X-CUBE-SFXS2LP1 4.0.0
2025-02-17 12:16:33,239 [INFO] ThirdParty:1030 - CMSIS Pack Vendor :STMicroelectronics X-CUBE-BLE2 3.3.0
2025-02-17 12:16:33,239 [INFO] ThirdParty:1030 - CMSIS Pack Vendor :STMicroelectronics X-CUBE-TOF1 3.4.2
2025-02-17 12:16:33,239 [INFO] ThirdParty:1030 - CMSIS Pack Vendor :STMicroelectronics X-CUBE-AI 9.1.0
2025-02-17 12:16:33,239 [INFO] ThirdParty:1030 - CMSIS Pack Vendor :Infineon AIROC-Wi-Fi-Bluetooth-STM32 1.6.1
2025-02-17 12:16:33,239 [INFO] ThirdParty:1030 - CMSIS Pack Vendor :STMicroelectronics PDM2PCM 3.2.0
2025-02-17 12:16:33,239 [INFO] ThirdParty:1030 - CMSIS Pack Vendor :wolfSSL I-CUBE-wolfSSH 1.4.17
2025-02-17 12:16:33,239 [INFO] ThirdParty:841 - exiting critical section [change project]
2025-02-17 12:16:33,643 [INFO] PinOutPanel:1561 - setPackage(No Configuration,No Configuration)
2025-02-17 12:16:33,644 [INFO] PinOutPanel:1561 - setPackage(STM32F407VGTx,LQFP100)
2025-02-17 12:16:33,850 [INFO] UtilMem:75 - Before build in PCC Used Memory: 325660480 Bytes (506462208)
2025-02-17 12:16:34,284 [INFO] UtilMem:75 - After build in PCC Used Memory: 225411664 Bytes (506462208)
2025-02-17 12:16:34,314 [INFO] IPUIPlugin:80 - create IPUIPlugin
2025-02-17 12:16:34,315 [INFO] IPUIPlugin:80 - create IPUIPlugin
2025-02-17 12:16:34,315 [INFO] IPUIPlugin:80 - create IPUIPlugin
2025-02-17 12:16:34,315 [INFO] IPUIPlugin:80 - create IPUIPlugin
2025-02-17 12:16:34,315 [INFO] IPUIPlugin:80 - create IPUIPlugin
2025-02-17 12:16:34,315 [INFO] IPUIPlugin:80 - create IPUIPlugin
2025-02-17 12:16:34,315 [INFO] IPUIPlugin:80 - create IPUIPlugin
2025-02-17 12:16:34,315 [INFO] IPUIPlugin:80 - create IPUIPlugin
2025-02-17 12:16:34,315 [INFO] IPUIPlugin:80 - create IPUIPlugin
2025-02-17 12:16:34,315 [INFO] IPUIPlugin:80 - create IPUIPlugin
2025-02-17 12:16:34,315 [INFO] IPUIPlugin:80 - create IPUIPlugin
2025-02-17 12:16:34,315 [INFO] IPUIPlugin:80 - create IPUIPlugin
2025-02-17 12:16:34,316 [INFO] IPUIPlugin:80 - create IPUIPlugin
2025-02-17 12:16:34,316 [INFO] IPUIPlugin:80 - create IPUIPlugin
2025-02-17 12:16:34,316 [INFO] IPUIPlugin:80 - create IPUIPlugin
2025-02-17 12:16:34,316 [INFO] IPUIPlugin:80 - create IPUIPlugin
2025-02-17 12:16:34,316 [INFO] IPUIPlugin:80 - create IPUIPlugin
2025-02-17 12:16:34,316 [INFO] IPUIPlugin:80 - create IPUIPlugin
2025-02-17 12:16:34,316 [INFO] IPUIPlugin:80 - create IPUIPlugin
2025-02-17 12:16:34,316 [INFO] IPUIPlugin:80 - create IPUIPlugin
2025-02-17 12:16:34,316 [INFO] IPUIPlugin:80 - create IPUIPlugin
2025-02-17 12:16:34,316 [INFO] IPUIPlugin:80 - create IPUIPlugin
2025-02-17 12:16:34,317 [INFO] IPUIPlugin:80 - create IPUIPlugin
2025-02-17 12:16:34,317 [INFO] IPUIPlugin:80 - create IPUIPlugin
2025-02-17 12:16:34,317 [INFO] IPUIPlugin:80 - create IPUIPlugin
2025-02-17 12:16:34,317 [INFO] IPUIPlugin:80 - create IPUIPlugin
2025-02-17 12:16:34,317 [INFO] IPUIPlugin:80 - create IPUIPlugin
2025-02-17 12:16:34,317 [INFO] IPUIPlugin:80 - create IPUIPlugin
2025-02-17 12:16:34,317 [INFO] IPUIPlugin:80 - create IPUIPlugin
2025-02-17 12:16:34,317 [INFO] IPUIPlugin:80 - create IPUIPlugin
2025-02-17 12:16:34,317 [INFO] IPUIPlugin:80 - create IPUIPlugin
2025-02-17 12:16:34,317 [INFO] IPUIPlugin:80 - create IPUIPlugin
2025-02-17 12:16:34,317 [INFO] IPUIPlugin:80 - create IPUIPlugin
2025-02-17 12:16:34,318 [INFO] IPUIPlugin:80 - create IPUIPlugin
2025-02-17 12:16:34,318 [INFO] IPUIPlugin:80 - create IPUIPlugin
2025-02-17 12:16:34,318 [INFO] IPUIPlugin:80 - create IPUIPlugin
2025-02-17 12:16:34,318 [INFO] IPUIPlugin:80 - create IPUIPlugin
2025-02-17 12:16:34,318 [INFO] IPUIPlugin:80 - create IPUIPlugin
2025-02-17 12:16:34,318 [INFO] IPUIPlugin:80 - create IPUIPlugin
2025-02-17 12:16:34,318 [INFO] IPUIPlugin:80 - create IPUIPlugin
2025-02-17 12:16:34,318 [INFO] IPUIPlugin:80 - create IPUIPlugin
2025-02-17 12:16:34,319 [INFO] IPUIPlugin:80 - create IPUIPlugin
2025-02-17 12:16:34,319 [INFO] IPUIPlugin:80 - create IPUIPlugin
2025-02-17 12:16:34,319 [INFO] IPUIPlugin:80 - create IPUIPlugin
2025-02-17 12:16:34,319 [INFO] IPUIPlugin:80 - create IPUIPlugin
2025-02-17 12:16:34,319 [INFO] IPUIPlugin:80 - create IPUIPlugin
2025-02-17 12:16:34,319 [INFO] IPUIPlugin:80 - create IPUIPlugin
2025-02-17 12:16:34,320 [INFO] IPUIPlugin:80 - create IPUIPlugin
2025-02-17 12:16:34,321 [INFO] IPUIPlugin:80 - create IPUIPlugin
2025-02-17 12:16:34,321 [INFO] IPUIPlugin:80 - create IPUIPlugin
2025-02-17 12:16:34,321 [INFO] IPUIPlugin:80 - create IPUIPlugin
2025-02-17 12:16:34,321 [INFO] IPUIPlugin:80 - create IPUIPlugin
2025-02-17 12:16:34,321 [INFO] IPUIPlugin:80 - create IPUIPlugin
2025-02-17 12:16:34,321 [INFO] IPUIPlugin:80 - create IPUIPlugin
2025-02-17 12:16:34,322 [INFO] IPUIPlugin:80 - create IPUIPlugin
2025-02-17 12:16:34,322 [INFO] IPUIPlugin:80 - create IPUIPlugin
2025-02-17 12:16:34,322 [INFO] IPUIPlugin:80 - create IPUIPlugin
2025-02-17 12:16:34,322 [INFO] IPUIPlugin:80 - create IPUIPlugin
2025-02-17 12:16:34,352 [INFO] ApiDbMcu:508 - Load IP Config File for PDM2PCM
2025-02-17 12:16:34,463 [INFO] CADModel:165 - CPN selected for project levelSTM32F407VGT6
2025-02-17 12:16:34,463 [INFO] CADModel:114 - Register for checkConnection events
2025-02-17 12:16:34,511 [INFO] OpenFileManager:363 - Restore cursor
2025-02-17 12:24:11,333 [INFO] UtilMem:75 - End SaveConfig() Used Memory: 683596728 Bytes (1073741824)
2025-02-17 12:24:13,078 [INFO] UtilMem:75 - End SaveConfig() Used Memory: 710859704 Bytes (1073741824)
2025-02-17 12:24:16,639 [INFO] UtilMem:75 - End SaveConfig() Used Memory: 744940472 Bytes (1073741824)
2025-02-17 12:24:17,160 [INFO] BlockDiagram:2766 - set Specific Code input for plugin: SYS
2025-02-17 12:24:17,160 [INFO] BlockDiagram:2766 - set Specific Code input for plugin: RCC
2025-02-17 12:24:17,160 [INFO] BlockDiagram:2766 - set Specific Code input for plugin: NVIC
2025-02-17 12:24:17,161 [INFO] BlockDiagram:2766 - set Specific Code input for plugin: GPIO
2025-02-17 12:24:17,161 [INFO] CodeGenerator:807 - code generatio: config db path: /home/engineering/st/stm32cubeide_1.16.1/plugins/com.st.stm32cube.common.mx_6.12.1.202409122256//db/
2025-02-17 12:24:17,325 [INFO] CodeEngine:255 - oldGeneratedFile, /home/engineering/STM32CubeIDE/workspace_1.16.1/STM32_FreeRTOS_Development/FreeRTOS_LEDTasks/MXTmpFiles/license.tmp_save
2025-02-17 12:24:17,748 [INFO] CodeEngine:279 - Generated code: /home/engineering/STM32CubeIDE/workspace_1.16.1/STM32_FreeRTOS_Development/FreeRTOS_LEDTasks/MXTmpFiles/license.tmp
2025-02-17 12:24:17,846 [INFO] CodeEngine:255 - oldGeneratedFile, /home/engineering/STM32CubeIDE/workspace_1.16.1/STM32_FreeRTOS_Development/FreeRTOS_LEDTasks/MXTmpFiles/gpio.tmp_save
2025-02-17 12:24:17,999 [INFO] CodeEngine:279 - Generated code: /home/engineering/STM32CubeIDE/workspace_1.16.1/STM32_FreeRTOS_Development/FreeRTOS_LEDTasks/MXTmpFiles/gpio.tmp
2025-02-17 12:24:18,032 [INFO] CodeEngine:255 - oldGeneratedFile, /home/engineering/STM32CubeIDE/workspace_1.16.1/STM32_FreeRTOS_Development/FreeRTOS_LEDTasks/Core/Src/stm32f4xx_it.c_save
2025-02-17 12:24:18,113 [INFO] CodeEngine:279 - Generated code: /home/engineering/STM32CubeIDE/workspace_1.16.1/STM32_FreeRTOS_Development/FreeRTOS_LEDTasks/Core/Src/stm32f4xx_it.c
2025-02-17 12:24:18,115 [INFO] CodeEngine:255 - oldGeneratedFile, /home/engineering/STM32CubeIDE/workspace_1.16.1/STM32_FreeRTOS_Development/FreeRTOS_LEDTasks/Core/Inc/stm32f4xx_it.h_save
2025-02-17 12:24:18,184 [INFO] CodeEngine:279 - Generated code: /home/engineering/STM32CubeIDE/workspace_1.16.1/STM32_FreeRTOS_Development/FreeRTOS_LEDTasks/Core/Inc/stm32f4xx_it.h
2025-02-17 12:24:18,191 [INFO] CodeEngine:255 - oldGeneratedFile, /home/engineering/STM32CubeIDE/workspace_1.16.1/STM32_FreeRTOS_Development/FreeRTOS_LEDTasks/Core/Src/stm32f4xx_hal_msp.c_save
2025-02-17 12:24:18,321 [INFO] CodeEngine:279 - Generated code: /home/engineering/STM32CubeIDE/workspace_1.16.1/STM32_FreeRTOS_Development/FreeRTOS_LEDTasks/Core/Src/stm32f4xx_hal_msp.c
2025-02-17 12:24:18,325 [INFO] CodeEngine:255 - oldGeneratedFile, /home/engineering/STM32CubeIDE/workspace_1.16.1/STM32_FreeRTOS_Development/FreeRTOS_LEDTasks/MXTmpFiles/system.tmp_save
2025-02-17 12:24:18,406 [INFO] CodeEngine:279 - Generated code: /home/engineering/STM32CubeIDE/workspace_1.16.1/STM32_FreeRTOS_Development/FreeRTOS_LEDTasks/MXTmpFiles/system.tmp
2025-02-17 12:24:18,418 [INFO] CodeEngine:255 - oldGeneratedFile, /home/engineering/STM32CubeIDE/workspace_1.16.1/STM32_FreeRTOS_Development/FreeRTOS_LEDTasks/Core/Src/stm32f4xx_hal_timebase_tim.c_save
2025-02-17 12:24:18,496 [INFO] CodeEngine:279 - Generated code: /home/engineering/STM32CubeIDE/workspace_1.16.1/STM32_FreeRTOS_Development/FreeRTOS_LEDTasks/Core/Src/stm32f4xx_hal_timebase_tim.c
2025-02-17 12:24:18,504 [INFO] CodeEngine:311 - oldGeneratedFile, /home/engineering/STM32CubeIDE/workspace_1.16.1/STM32_FreeRTOS_Development/FreeRTOS_LEDTasks/Core/Inc/stm32f4xx_hal_conf.h_save
2025-02-17 12:24:18,588 [INFO] CodeEngine:335 - Generated code: /home/engineering/STM32CubeIDE/workspace_1.16.1/STM32_FreeRTOS_Development/FreeRTOS_LEDTasks/Core/Inc/stm32f4xx_hal_conf.h
2025-02-17 12:24:18,668 [INFO] CodeEngine:255 - oldGeneratedFile, /home/engineering/STM32CubeIDE/workspace_1.16.1/STM32_FreeRTOS_Development/FreeRTOS_LEDTasks/Core/Inc/main.h_save
2025-02-17 12:24:18,760 [INFO] CodeEngine:279 - Generated code: /home/engineering/STM32CubeIDE/workspace_1.16.1/STM32_FreeRTOS_Development/FreeRTOS_LEDTasks/Core/Inc/main.h
2025-02-17 12:24:18,762 [INFO] CodeEngine:255 - oldGeneratedFile, /home/engineering/STM32CubeIDE/workspace_1.16.1/STM32_FreeRTOS_Development/FreeRTOS_LEDTasks/Core/Src/main.c_save
2025-02-17 12:24:18,899 [INFO] CodeEngine:279 - Generated code: /home/engineering/STM32CubeIDE/workspace_1.16.1/STM32_FreeRTOS_Development/FreeRTOS_LEDTasks/Core/Src/main.c
2025-02-17 12:24:19,174 [INFO] ProjectBuilder:3249 - Time for Copy HAL[1] : 21mS.
2025-02-17 12:24:19,187 [INFO] ProjectBuilder:4828 - Project Generator version: 4.5.0-B34
2025-02-17 12:24:19,322 [INFO] ConfigFileManager:1531 - The Die is : DIE413
2025-02-17 12:24:19,362 [INFO] ApiDbMcu:508 - Load IP Config File for FATFS
2025-02-17 12:24:19,370 [INFO] ApiDbMcu:508 - Load IP Config File for FREERTOS
2025-02-17 12:24:19,382 [INFO] ApiDbMcu:508 - Load IP Config File for LIBJPEG
2025-02-17 12:24:19,391 [INFO] ApiDbMcu:508 - Load IP Config File for LWIP
2025-02-17 12:24:19,405 [INFO] ApiDbMcu:508 - Load IP Config File for MBEDTLS
2025-02-17 12:24:19,417 [INFO] ApiDbMcu:508 - Load IP Config File for USB_DEVICE
2025-02-17 12:24:19,420 [INFO] ApiDbMcu:508 - Load IP Config File for USB_HOST
2025-02-17 12:24:19,707 [INFO] LogOutputStream:77 - [STDOUT_REDIRECT] 
2025-02-17 12:24:20,933 [INFO] ProjectBuilder:5097 - Time for Generating toolchain IDE Files: 1746mS.
2025-02-17 12:24:20,934 [INFO] ProjectBuilder:3107 - Time for Copy CMSIS : 1mS.
2025-02-17 12:24:20,937 [INFO] ProjectBuilder:3107 - Time for Copy CMSIS : 0mS.
2025-02-17 12:32:36,674 [INFO] MainUpdater:2873 - connection check result : 10
2025-02-17 12:32:36,674 [INFO] MainUpdater:2873 - connection check result : 10
2025-02-17 12:32:36,720 [INFO] MicroXplorer:468 - Change Database Path : 
2025-02-17 12:32:36,720 [INFO] MicroXplorer:498 - Change Database Version : DB.6.0.121
2025-02-17 12:32:36,727 [ERROR] ProjectManagerView:394 - 
java.lang.NullPointerException: Cannot invoke "javax.swing.JTextField.getText()" because the return value of "java.util.List.get(int)" is null
	at com.st.microxplorer.plugins.projectmanager.gui.ProjectChoiceTab$10.caretUpdate(ProjectChoiceTab.java:2622) ~[filemanager.jar:?]
	at javax.swing.text.JTextComponent.fireCaretUpdate(JTextComponent.java:412) ~[?:?]
	at javax.swing.text.JTextComponent$MutableCaretEvent.fire(JTextComponent.java:4491) ~[?:?]
	at javax.swing.text.JTextComponent$MutableCaretEvent.stateChanged(JTextComponent.java:4513) ~[?:?]
	at javax.swing.text.DefaultCaret.fireStateChanged(DefaultCaret.java:842) ~[?:?]
	at javax.swing.text.DefaultCaret.changeCaretPosition(DefaultCaret.java:1313) ~[?:?]
	at javax.swing.text.DefaultCaret.handleSetDot(DefaultCaret.java:1212) ~[?:?]
	at javax.swing.text.DefaultCaret.setDot(DefaultCaret.java:1193) ~[?:?]
	at javax.swing.text.DefaultCaret$Handler.insertUpdate(DefaultCaret.java:1789) ~[?:?]
	at javax.swing.text.AbstractDocument.fireInsertUpdate(AbstractDocument.java:226) ~[?:?]
	at javax.swing.text.AbstractDocument.handleInsertString(AbstractDocument.java:780) ~[?:?]
	at javax.swing.text.AbstractDocument.insertString(AbstractDocument.java:739) ~[?:?]
	at javax.swing.text.PlainDocument.insertString(PlainDocument.java:131) ~[?:?]
	at javax.swing.text.AbstractDocument.replace(AbstractDocument.java:698) ~[?:?]
	at javax.swing.text.JTextComponent.setText(JTextComponent.java:1729) ~[?:?]
	at com.st.microxplorer.plugins.projectmanager.gui.ProjectChoiceTab.createHeapStackFields(ProjectChoiceTab.java:972) ~[filemanager.jar:?]
	at com.st.microxplorer.plugins.projectmanager.gui.ProjectChoiceTab.buildLinkSettingsPanel(ProjectChoiceTab.java:3597) ~[filemanager.jar:?]
	at com.st.microxplorer.plugins.projectmanager.gui.ProjectChoiceTab.defineWindowsFields(ProjectChoiceTab.java:1940) ~[filemanager.jar:?]
	at com.st.microxplorer.plugins.projectmanager.gui.ProjectChoiceTab.updateSettings(ProjectChoiceTab.java:550) ~[filemanager.jar:?]
	at com.st.microxplorer.plugins.projectmanager.gui.ProjectSettingsPanel.UpdateDialog(ProjectSettingsPanel.java:245) ~[filemanager.jar:?]
	at com.st.microxplorer.plugins.projectmanager.ProjectManagerView.propertyChange(ProjectManagerView.java:391) ~[filemanager.jar:?]
	at java.beans.PropertyChangeSupport.fire(PropertyChangeSupport.java:343) ~[?:?]
	at java.beans.PropertyChangeSupport.firePropertyChange(PropertyChangeSupport.java:335) ~[?:?]
	at java.beans.PropertyChangeSupport.firePropertyChange(PropertyChangeSupport.java:268) ~[?:?]
	at com.st.microxplorer.util.MXPropertyChangeSupport.firePropertyChange(MXPropertyChangeSupport.java:54) ~[STM32CubeMX.jar:?]
	at com.st.microxplorer.mxsystem.MxSystem.closeConfig(MxSystem.java:900) ~[STM32CubeMX.jar:?]
	at com.st.microxplorer.maingui.MainPanel.closeConfig(MainPanel.java:781) ~[STM32CubeMX.jar:?]
	at com.st.microxplorer.plugins.filemanager.engine.OpenFileManager.loadConfigurationFile(OpenFileManager.java:265) ~[filemanager.jar:?]
	at com.st.microxplorer.plugins.filemanager.engine.MainFileManager.userLoadConfig(MainFileManager.java:352) ~[filemanager.jar:?]
	at com.st.microxplorer.plugins.filemanager.engine.MainFileManager.userLoadConfig(MainFileManager.java:330) ~[filemanager.jar:?]
	at com.st.microxplorer.plugins.filemanager.FileManagerView.getSpecificTask(FileManagerView.java:246) ~[filemanager.jar:?]
	at com.st.stm32cube.common.mx.editor.CubeMxEditor.getMxTabbedPaneInstance(CubeMxEditor.java:1198) ~[com.st.stm32cube.common.mx_6.12.1.202409122256/:?]
	at com.st.stm32cube.common.mx.editor.CubeMxEditor$12$1.createSwingComponent(CubeMxEditor.java:1068) ~[com.st.stm32cube.common.mx_6.12.1.202409122256/:?]
	at com.st.stm32cube.common.mx.oss.core.awtswtbridge.EmbeddedSwingComposite.doComponentCreation(EmbeddedSwingComposite.java:492) ~[com.st.stm32cube.common.mx.oss_6.12.1.202409122256/:?]
	at com.st.stm32cube.common.mx.oss.core.awtswtbridge.EmbeddedSwingComposite$4.run(EmbeddedSwingComposite.java:291) ~[com.st.stm32cube.common.mx.oss_6.12.1.202409122256/:?]
	at com.st.stm32cube.common.mx.oss.core.awtswtbridge.AwtEnvironment$2.run(AwtEnvironment.java:166) ~[com.st.stm32cube.common.mx.oss_6.12.1.202409122256/:?]
	at java.awt.event.InvocationEvent.dispatch(InvocationEvent.java:318) ~[?:?]
	at java.awt.EventQueue.dispatchEventImpl(EventQueue.java:773) ~[?:?]
	at java.awt.EventQueue$4.run(EventQueue.java:720) ~[?:?]
	at java.awt.EventQueue$4.run(EventQueue.java:714) ~[?:?]
	at java.security.AccessController.doPrivileged(AccessController.java:399) ~[?:?]
	at java.security.ProtectionDomain$JavaSecurityAccessImpl.doIntersectionPrivilege(ProtectionDomain.java:86) ~[?:?]
	at java.awt.EventQueue.dispatchEvent(EventQueue.java:742) ~[?:?]
	at java.awt.EventDispatchThread.pumpOneEventForFilters(EventDispatchThread.java:203) ~[?:?]
	at java.awt.EventDispatchThread.pumpEventsForFilter(EventDispatchThread.java:124) ~[?:?]
	at java.awt.EventDispatchThread.pumpEventsForHierarchy(EventDispatchThread.java:113) ~[?:?]
	at java.awt.EventDispatchThread.pumpEvents(EventDispatchThread.java:109) ~[?:?]
	at java.awt.EventDispatchThread.pumpEvents(EventDispatchThread.java:101) ~[?:?]
	at java.awt.EventDispatchThread.run(EventDispatchThread.java:90) ~[?:?]
2025-02-17 12:32:36,738 [WARN] ThirdParty:871 - waiting for thirdparty lock release [close project]
2025-02-17 12:32:36,738 [INFO] ThirdParty:873 - entering critical section [close project]
2025-02-17 12:32:36,738 [INFO] ThirdParty:883 - exiting critical section [close project]
2025-02-17 12:32:36,740 [INFO] PinOutPanel:1561 - setPackage(No Configuration,No Configuration)
2025-02-17 12:32:36,771 [WARN] IpParametersView:151 - Warning: This peripheral hasn't parameters
2025-02-17 12:32:36,792 [WARN] MainPanel:284 - <html><b><center>Warning: This peripheral has no parameters to be configured<br></b></html>
2025-02-17 12:32:36,797 [INFO] UtilMem:75 - Begin LoadConfig() Used Memory: 719758512 Bytes (1073741824)
2025-02-17 12:32:36,798 [INFO] MicroXplorer:468 - Change Database Path : 
2025-02-17 12:32:36,798 [INFO] MicroXplorer:498 - Change Database Version : DB.6.0.121
2025-02-17 12:32:36,798 [INFO] OpenFileManager:332 - Change cursor
2025-02-17 12:32:36,809 [INFO] RulesReader:64 - Compatibility file has been processed (297 Rules)
2025-02-17 12:32:36,811 [INFO] Mcu:2032 - Initializing MCU STM32F407V(E-G)Tx STM32F407VGTx STM32F407VGT6
2025-02-17 12:32:38,724 [INFO] Context:742 - Trying to add GPIOservice into a context  which must be forbidden
2025-02-17 12:32:39,058 [INFO] RtosManager:555 - Registered RTOS mode: class=CMSIS, group=RTOS, mode=CMSIS_V1, owner=FREERTOS
2025-02-17 12:32:39,058 [INFO] RtosManager:555 - Registered RTOS mode: class=CMSIS, group=RTOS2, mode=CMSIS_V2, owner=FREERTOS
2025-02-17 12:32:39,058 [INFO] RtosManager:555 - Registered RTOS mode: class=RTOS, group=Core, mode=CMSIS_V1, owner=FREERTOS
2025-02-17 12:32:39,058 [INFO] RtosManager:555 - Registered RTOS mode: class=RTOS, group=Core, mode=CMSIS_V2, owner=FREERTOS
2025-02-17 12:32:39,058 [WARN] ModelIntegratedComponent:184 - Missing modes for component STMicroelectronics:FreeRTOS:0.0.1:STMicroelectronics:RTOS:FreeRTOS:Core:::10.2.0:
2025-02-17 12:32:39,062 [WARN] ModelIntegratedComponent:63 - No mode defined for component null
2025-02-17 12:32:39,062 [WARN] ModelIntegratedComponent:63 - No mode defined for component null
2025-02-17 12:32:39,062 [WARN] ModelIntegratedComponent:63 - No mode defined for component null
2025-02-17 12:32:39,062 [WARN] ModelIntegratedComponent:63 - No mode defined for component null
2025-02-17 12:32:39,062 [WARN] ModelIntegratedComponent:63 - No mode defined for component null
2025-02-17 12:32:39,062 [WARN] ModelIntegratedComponent:63 - No mode defined for component null
2025-02-17 12:32:39,062 [WARN] ModelIntegratedComponent:63 - No mode defined for component null
2025-02-17 12:32:39,062 [WARN] ModelIntegratedComponent:63 - No mode defined for component null
2025-02-17 12:32:39,062 [WARN] ModelIntegratedComponent:63 - No mode defined for component null
2025-02-17 12:32:39,063 [WARN] ModelIntegratedComponent:63 - No mode defined for component null
2025-02-17 12:32:39,063 [WARN] ModelIntegratedComponent:63 - No mode defined for component null
2025-02-17 12:32:39,063 [WARN] ModelIntegratedComponent:63 - No mode defined for component null
2025-02-17 12:32:39,063 [WARN] ModelIntegratedComponent:63 - No mode defined for component null
2025-02-17 12:32:39,063 [WARN] ModelIntegratedComponent:63 - No mode defined for component null
2025-02-17 12:32:39,063 [WARN] ModelIntegratedComponent:63 - No mode defined for component null
2025-02-17 12:32:39,063 [WARN] ModelIntegratedComponent:63 - No mode defined for component null
2025-02-17 12:32:39,063 [WARN] ModelIntegratedComponent:63 - No mode defined for component null
2025-02-17 12:32:39,063 [WARN] ModelIntegratedComponent:63 - No mode defined for component null
2025-02-17 12:32:39,063 [WARN] ModelIntegratedComponent:63 - No mode defined for component null
2025-02-17 12:32:39,063 [WARN] ModelIntegratedComponent:63 - No mode defined for component null
2025-02-17 12:32:39,063 [WARN] ModelIntegratedComponent:63 - No mode defined for component null
2025-02-17 12:32:39,063 [WARN] ModelIntegratedComponent:63 - No mode defined for component null
2025-02-17 12:32:39,063 [WARN] ModelIntegratedComponent:63 - No mode defined for component null
2025-02-17 12:32:39,063 [WARN] ModelIntegratedComponent:63 - No mode defined for component null
2025-02-17 12:32:39,063 [WARN] ModelIntegratedComponent:63 - No mode defined for component null
2025-02-17 12:32:39,063 [WARN] ModelIntegratedComponent:63 - No mode defined for component null
2025-02-17 12:32:39,063 [WARN] ModelIntegratedComponent:63 - No mode defined for component null
2025-02-17 12:32:39,063 [WARN] ModelIntegratedComponent:63 - No mode defined for component null
2025-02-17 12:32:39,063 [WARN] ModelIntegratedComponent:63 - No mode defined for component null
2025-02-17 12:32:39,063 [WARN] ModelIntegratedComponent:63 - No mode defined for component null
2025-02-17 12:32:39,063 [WARN] ModelIntegratedComponent:63 - No mode defined for component null
2025-02-17 12:32:39,063 [WARN] ModelIntegratedComponent:63 - No mode defined for component null
2025-02-17 12:32:39,063 [WARN] ModelIntegratedComponent:63 - No mode defined for component null
2025-02-17 12:32:39,063 [WARN] ModelIntegratedComponent:63 - No mode defined for component null
2025-02-17 12:32:39,063 [WARN] ModelIntegratedComponent:63 - No mode defined for component null
2025-02-17 12:32:39,063 [WARN] ModelPack:524 - Component already loaded: STMicroelectronics:HAL Drivers:0.0.0:STMicroelectronics:Device:STMicro_Driver:XSPI:HAL::0.0.1:HAL_XSPI
2025-02-17 12:32:39,114 [INFO] ThirdPartyModel:298 - Start build external matchings
2025-02-17 12:32:39,481 [INFO] ThirdPartyModel:316 - End build external matchings
2025-02-17 12:32:40,278 [INFO] UtilMem:75 - End LoadConfig() Used Memory: 705799008 Bytes (1073741824)
2025-02-17 12:32:40,287 [WARN] ThirdParty:833 - waiting for thirdparty lock release [change project]
2025-02-17 12:32:40,290 [INFO] ThirdParty:835 - entering critical section [change project]
2025-02-17 12:32:40,290 [INFO] ThirdParty:1030 - CMSIS Pack Vendor :STMicroelectronics USBPD 4.1
2025-02-17 12:32:40,290 [INFO] ThirdParty:1030 - CMSIS Pack Vendor :STMicroelectronics X-CUBE-AZRTOS-H7 3.3.0
2025-02-17 12:32:40,290 [INFO] ThirdParty:1030 - CMSIS Pack Vendor :STMicroelectronics X-CUBE-NFC9 1.0.0
2025-02-17 12:32:40,290 [INFO] ThirdParty:1030 - CMSIS Pack Vendor :STMicroelectronics USB_HOST 2.0.0
2025-02-17 12:32:40,290 [INFO] ThirdParty:1030 - CMSIS Pack Vendor :STMicroelectronics FP-SNS-MOTENVWB1 1.4.0
2025-02-17 12:32:40,290 [INFO] ThirdParty:1030 - CMSIS Pack Vendor :STMicroelectronics X-CUBE-AZRTOS-F4 1.1.0
2025-02-17 12:32:40,290 [INFO] ThirdParty:1030 - CMSIS Pack Vendor :STMicroelectronics LIBJPEG 8.0.0
2025-02-17 12:32:40,290 [INFO] ThirdParty:1030 - CMSIS Pack Vendor :STMicroelectronics FP-ATR-ASTRA1 2.0.1
2025-02-17 12:32:40,290 [INFO] ThirdParty:1030 - CMSIS Pack Vendor :STMicroelectronics X-CUBE-SMBUS 2.1.0
2025-02-17 12:32:40,291 [INFO] ThirdParty:1030 - CMSIS Pack Vendor :STMicroelectronics X-CUBE-WB05N 1.1.0
2025-02-17 12:32:40,291 [INFO] ThirdParty:1030 - CMSIS Pack Vendor :STMicroelectronics USB_DEVICE 3.0.0
2025-02-17 12:32:40,291 [INFO] ThirdParty:1030 - CMSIS Pack Vendor :STMicroelectronics X-CUBE-TCPP 4.1.0
2025-02-17 12:32:40,291 [INFO] ThirdParty:1030 - CMSIS Pack Vendor :STMicroelectronics X-CUBE-ISPU 2.1.0
2025-02-17 12:32:40,291 [INFO] ThirdParty:1030 - CMSIS Pack Vendor :STMicroelectronics X-CUBE-FREERTOS 1.2.0
2025-02-17 12:32:40,291 [INFO] ThirdParty:1030 - CMSIS Pack Vendor :STMicroelectronics X-CUBE-IPS 3.0.0
2025-02-17 12:32:40,291 [INFO] ThirdParty:1030 - CMSIS Pack Vendor :STMicroelectronics X-CUBE-AZRTOS-WB 2.0.0
2025-02-17 12:32:40,291 [INFO] ThirdParty:1030 - CMSIS Pack Vendor :STMicroelectronics X-CUBE-GNSS1 7.0.0
2025-02-17 12:32:40,291 [INFO] ThirdParty:1030 - CMSIS Pack Vendor :STMicroelectronics X-CUBE-GNSS1 7.0.1
2025-02-17 12:32:40,291 [INFO] ThirdParty:1030 - CMSIS Pack Vendor :STMicroelectronics X-CUBE-AZRTOS-F7 1.1.0
2025-02-17 12:32:40,291 [INFO] ThirdParty:1030 - CMSIS Pack Vendor :STMicroelectronics X-CUBE-AZRTOS-L5 2.0.0
2025-02-17 12:32:40,291 [INFO] ThirdParty:1030 - CMSIS Pack Vendor :STMicroelectronics USB_DEVICE 2.0.0
2025-02-17 12:32:40,291 [INFO] ThirdParty:1030 - CMSIS Pack Vendor :STMicroelectronics X-CUBE-NFC6 3.1.0
2025-02-17 12:32:40,291 [INFO] ThirdParty:1030 - CMSIS Pack Vendor :STMicroelectronics FP-SNS-STBOX1 2.0.0
2025-02-17 12:32:40,291 [INFO] ThirdParty:1030 - CMSIS Pack Vendor :STMicroelectronics X-CUBE-MEMS1 11.0.0
2025-02-17 12:32:40,291 [INFO] ThirdParty:1030 - CMSIS Pack Vendor :STMicroelectronics FreeRTOS 0.0.1
2025-02-17 12:32:40,291 [INFO] ThirdParty:1030 - CMSIS Pack Vendor :STMicroelectronics X-CUBE-AZRTOS-G0 1.1.0
2025-02-17 12:32:40,291 [INFO] ThirdParty:1030 - CMSIS Pack Vendor :STMicroelectronics X-CUBE-SAFEA1 1.2.2
2025-02-17 12:32:40,291 [INFO] ThirdParty:1030 - CMSIS Pack Vendor :STMicroelectronics X-CUBE-NFC4 3.0.0
2025-02-17 12:32:40,291 [INFO] ThirdParty:1030 - CMSIS Pack Vendor :STMicroelectronics X-CUBE-DPower 1.2.0
2025-02-17 12:32:40,291 [INFO] ThirdParty:1030 - CMSIS Pack Vendor :STMicroelectronics X-CUBE-SUBG2 5.0.0
2025-02-17 12:32:40,291 [INFO] ThirdParty:1030 - CMSIS Pack Vendor :STMicroelectronics STM32_WPAN 1.0.0
2025-02-17 12:32:40,291 [INFO] ThirdParty:1030 - CMSIS Pack Vendor :EmbeddedOffice I-CUBE-FS-RTOS 1.0.1
2025-02-17 12:32:40,291 [INFO] ThirdParty:1030 - CMSIS Pack Vendor :STMicroelectronics lwIP 2.0.3
2025-02-17 12:32:40,291 [INFO] ThirdParty:1030 - CMSIS Pack Vendor :STMicroelectronics FP-SNS-FLIGHT1 5.0.2
2025-02-17 12:32:40,291 [INFO] ThirdParty:1030 - CMSIS Pack Vendor :Cesanta I-CUBE-Mongoose 7.13.0
2025-02-17 12:32:40,291 [INFO] ThirdParty:1030 - CMSIS Pack Vendor :STMicroelectronics USB_HOST 1.0.0
2025-02-17 12:32:40,291 [INFO] ThirdParty:1030 - CMSIS Pack Vendor :STMicroelectronics X-CUBE-AZRTOS-G4 2.0.0
2025-02-17 12:32:40,291 [INFO] ThirdParty:1030 - CMSIS Pack Vendor :STMicroelectronics PDM2PCM 3.1.0
2025-02-17 12:32:40,291 [INFO] ThirdParty:1030 - CMSIS Pack Vendor :STMicroelectronics PDM2PCM 3.3.0
2025-02-17 12:32:40,291 [INFO] ThirdParty:1030 - CMSIS Pack Vendor :STMicroelectronics X-CUBE-DISPLAY 3.0.0
2025-02-17 12:32:40,291 [INFO] ThirdParty:1030 - CMSIS Pack Vendor :RealThread X-CUBE-RT-Thread_Nano 4.1.1
2025-02-17 12:32:40,291 [INFO] ThirdParty:1030 - CMSIS Pack Vendor :STMicroelectronics X-CUBE-BLE1 7.0.0
2025-02-17 12:32:40,291 [INFO] ThirdParty:1030 - CMSIS Pack Vendor :STMicroelectronics FP-ATR-SIGFOX1 3.2.0
2025-02-17 12:32:40,291 [INFO] ThirdParty:1030 - CMSIS Pack Vendor :STMicroelectronics X-CUBE-NFC10 1.0.0
2025-02-17 12:32:40,291 [INFO] ThirdParty:1030 - CMSIS Pack Vendor :quantropi X-CUBE-qispace-sdk-base 1.9.3
2025-02-17 12:32:40,291 [INFO] ThirdParty:1030 - CMSIS Pack Vendor :STMicroelectronics X-CUBE-BLEMGR 4.0.0
2025-02-17 12:32:40,291 [INFO] ThirdParty:1030 - CMSIS Pack Vendor :STMicroelectronics X-CUBE-EEPRMA1 5.1.0
2025-02-17 12:32:40,291 [INFO] ThirdParty:1030 - CMSIS Pack Vendor :STMicroelectronics HAL Drivers 0.0.0
2025-02-17 12:32:40,291 [INFO] ThirdParty:1030 - CMSIS Pack Vendor :STMicroelectronics MBEDTLS 2.16.2
2025-02-17 12:32:40,291 [INFO] ThirdParty:1030 - CMSIS Pack Vendor :STMicroelectronics X-CUBE-ALS 1.0.2
2025-02-17 12:32:40,291 [INFO] ThirdParty:1030 - CMSIS Pack Vendor :emotas I-CUBE-CANOPEN 1.3.0
2025-02-17 12:32:40,291 [INFO] ThirdParty:1030 - CMSIS Pack Vendor :STMicroelectronics X-CUBE-FREERTOS 1.3.0
2025-02-17 12:32:40,291 [INFO] ThirdParty:1030 - CMSIS Pack Vendor :wolfSSL I-CUBE-wolfSSL 5.7.4
2025-02-17 12:32:40,292 [INFO] ThirdParty:1030 - CMSIS Pack Vendor :STMicroelectronics X-CUBE-NFC7 1.0.1
2025-02-17 12:32:40,292 [INFO] ThirdParty:1030 - CMSIS Pack Vendor :STMicroelectronics MBEDTLS 2.14.1
2025-02-17 12:32:40,292 [INFO] ThirdParty:1030 - CMSIS Pack Vendor :ITTIA_DB I-CUBE-ITTIADB 8.9.0
2025-02-17 12:32:40,292 [INFO] ThirdParty:1030 - CMSIS Pack Vendor :STMicroelectronics X-CUBE-TOUCHGFX 4.24.2
2025-02-17 12:32:40,292 [INFO] ThirdParty:1030 - CMSIS Pack Vendor :STMicroelectronics X-CUBE-TOUCHGFX 4.24.1
2025-02-17 12:32:40,292 [INFO] ThirdParty:1030 - CMSIS Pack Vendor :wolfSSL I-CUBE-wolfTPM 3.4.0
2025-02-17 12:32:40,292 [INFO] ThirdParty:1030 - CMSIS Pack Vendor :portGmbH I-Cube-SoM-uGOAL 1.1.0
2025-02-17 12:32:40,292 [INFO] ThirdParty:1030 - CMSIS Pack Vendor :STMicroelectronics X-CUBE-BLEMGR 3.1.0
2025-02-17 12:32:40,292 [INFO] ThirdParty:1030 - CMSIS Pack Vendor :STMicroelectronics X-CUBE-AI 10.0.0
2025-02-17 12:32:40,292 [INFO] ThirdParty:1030 - CMSIS Pack Vendor :STMicroelectronics ThreadX 1.0.0
2025-02-17 12:32:40,292 [INFO] ThirdParty:1030 - CMSIS Pack Vendor :STMicroelectronics FP-SNS-SMARTAG2 1.2.0
2025-02-17 12:32:40,292 [INFO] ThirdParty:1030 - CMSIS Pack Vendor :STMicroelectronics X-CUBE-MEMS1 11.1.0
2025-02-17 12:32:40,292 [INFO] ThirdParty:1030 - CMSIS Pack Vendor :STMicroelectronics X-CUBE-AZRTOS-WL 2.0.0
2025-02-17 12:32:40,292 [INFO] ThirdParty:1030 - CMSIS Pack Vendor :SEGGER I-CUBE-embOS 1.3.1
2025-02-17 12:32:40,292 [INFO] ThirdParty:1030 - CMSIS Pack Vendor :STMicroelectronics X-CUBE-ALGOBUILD 1.4.0
2025-02-17 12:32:40,292 [INFO] ThirdParty:1030 - CMSIS Pack Vendor :STMicroelectronics FP-SNS-MOTENV1 5.0.0
2025-02-17 12:32:40,292 [INFO] ThirdParty:1030 - CMSIS Pack Vendor :STMicroelectronics USB_DEVICE 1.0.0
2025-02-17 12:32:40,292 [INFO] ThirdParty:1030 - CMSIS Pack Vendor :STMicroelectronics X-CUBE-AZRTOS-H7RS 1.0.0
2025-02-17 12:32:40,292 [INFO] ThirdParty:1030 - CMSIS Pack Vendor :wolfSSL I-CUBE-wolfMQTT 1.19.0
2025-02-17 12:32:40,292 [INFO] ThirdParty:1030 - CMSIS Pack Vendor :STMicroelectronics X-CUBE-AZRTOS-L4 2.0.0
2025-02-17 12:32:40,292 [INFO] ThirdParty:1030 - CMSIS Pack Vendor :STMicroelectronics ThreadX 0.0.2
2025-02-17 12:32:40,292 [INFO] ThirdParty:1030 - CMSIS Pack Vendor :WES I-CUBE-Cesium 1.3.0
2025-02-17 12:32:40,292 [INFO] ThirdParty:1030 - CMSIS Pack Vendor :STMicroelectronics lwIP 2.1.2
2025-02-17 12:32:40,292 [INFO] ThirdParty:1030 - CMSIS Pack Vendor :STMicroelectronics X-CUBE-SFXS2LP1 4.0.0
2025-02-17 12:32:40,292 [INFO] ThirdParty:1030 - CMSIS Pack Vendor :STMicroelectronics X-CUBE-BLE2 3.3.0
2025-02-17 12:32:40,292 [INFO] ThirdParty:1030 - CMSIS Pack Vendor :STMicroelectronics X-CUBE-TOF1 3.4.2
2025-02-17 12:32:40,292 [INFO] ThirdParty:1030 - CMSIS Pack Vendor :STMicroelectronics X-CUBE-AI 9.1.0
2025-02-17 12:32:40,292 [INFO] ThirdParty:1030 - CMSIS Pack Vendor :Infineon AIROC-Wi-Fi-Bluetooth-STM32 1.6.1
2025-02-17 12:32:40,292 [INFO] ThirdParty:1030 - CMSIS Pack Vendor :STMicroelectronics PDM2PCM 3.2.0
2025-02-17 12:32:40,292 [INFO] ThirdParty:1030 - CMSIS Pack Vendor :wolfSSL I-CUBE-wolfSSH 1.4.17
2025-02-17 12:32:40,292 [INFO] ThirdParty:841 - exiting critical section [change project]
2025-02-17 12:32:40,632 [INFO] PinOutPanel:1561 - setPackage(No Configuration,No Configuration)
2025-02-17 12:32:40,634 [INFO] PinOutPanel:1561 - setPackage(STM32F407VGTx,LQFP100)
2025-02-17 12:32:40,765 [INFO] UtilMem:75 - Before build in PCC Used Memory: 710948864 Bytes (1073741824)
2025-02-17 12:32:40,964 [INFO] UtilMem:75 - After build in PCC Used Memory: 755511296 Bytes (1073741824)
2025-02-17 12:32:40,982 [INFO] IPUIPlugin:80 - create IPUIPlugin
2025-02-17 12:32:40,982 [INFO] IPUIPlugin:80 - create IPUIPlugin
2025-02-17 12:32:40,982 [INFO] IPUIPlugin:80 - create IPUIPlugin
2025-02-17 12:32:40,982 [INFO] IPUIPlugin:80 - create IPUIPlugin
2025-02-17 12:32:40,982 [INFO] IPUIPlugin:80 - create IPUIPlugin
2025-02-17 12:32:40,982 [INFO] IPUIPlugin:80 - create IPUIPlugin
2025-02-17 12:32:40,982 [INFO] IPUIPlugin:80 - create IPUIPlugin
2025-02-17 12:32:40,982 [INFO] IPUIPlugin:80 - create IPUIPlugin
2025-02-17 12:32:40,982 [INFO] IPUIPlugin:80 - create IPUIPlugin
2025-02-17 12:32:40,982 [INFO] IPUIPlugin:80 - create IPUIPlugin
2025-02-17 12:32:40,982 [INFO] IPUIPlugin:80 - create IPUIPlugin
2025-02-17 12:32:40,982 [INFO] IPUIPlugin:80 - create IPUIPlugin
2025-02-17 12:32:40,983 [INFO] IPUIPlugin:80 - create IPUIPlugin
2025-02-17 12:32:40,983 [INFO] IPUIPlugin:80 - create IPUIPlugin
2025-02-17 12:32:40,983 [INFO] IPUIPlugin:80 - create IPUIPlugin
2025-02-17 12:32:40,983 [INFO] IPUIPlugin:80 - create IPUIPlugin
2025-02-17 12:32:40,983 [INFO] IPUIPlugin:80 - create IPUIPlugin
2025-02-17 12:32:40,983 [INFO] IPUIPlugin:80 - create IPUIPlugin
2025-02-17 12:32:40,983 [INFO] IPUIPlugin:80 - create IPUIPlugin
2025-02-17 12:32:40,983 [INFO] IPUIPlugin:80 - create IPUIPlugin
2025-02-17 12:32:40,983 [INFO] IPUIPlugin:80 - create IPUIPlugin
2025-02-17 12:32:40,983 [INFO] IPUIPlugin:80 - create IPUIPlugin
2025-02-17 12:32:40,985 [INFO] IPUIPlugin:80 - create IPUIPlugin
2025-02-17 12:32:40,985 [INFO] IPUIPlugin:80 - create IPUIPlugin
2025-02-17 12:32:40,985 [INFO] IPUIPlugin:80 - create IPUIPlugin
2025-02-17 12:32:40,985 [INFO] IPUIPlugin:80 - create IPUIPlugin
2025-02-17 12:32:40,985 [INFO] IPUIPlugin:80 - create IPUIPlugin
2025-02-17 12:32:40,985 [INFO] IPUIPlugin:80 - create IPUIPlugin
2025-02-17 12:32:40,985 [INFO] IPUIPlugin:80 - create IPUIPlugin
2025-02-17 12:32:40,985 [INFO] IPUIPlugin:80 - create IPUIPlugin
2025-02-17 12:32:40,985 [INFO] IPUIPlugin:80 - create IPUIPlugin
2025-02-17 12:32:40,985 [INFO] IPUIPlugin:80 - create IPUIPlugin
2025-02-17 12:32:40,986 [INFO] IPUIPlugin:80 - create IPUIPlugin
2025-02-17 12:32:40,986 [INFO] IPUIPlugin:80 - create IPUIPlugin
2025-02-17 12:32:40,986 [INFO] IPUIPlugin:80 - create IPUIPlugin
2025-02-17 12:32:40,986 [INFO] IPUIPlugin:80 - create IPUIPlugin
2025-02-17 12:32:40,986 [INFO] IPUIPlugin:80 - create IPUIPlugin
2025-02-17 12:32:40,986 [INFO] IPUIPlugin:80 - create IPUIPlugin
2025-02-17 12:32:40,986 [INFO] IPUIPlugin:80 - create IPUIPlugin
2025-02-17 12:32:40,986 [INFO] IPUIPlugin:80 - create IPUIPlugin
2025-02-17 12:32:40,987 [INFO] IPUIPlugin:80 - create IPUIPlugin
2025-02-17 12:32:40,987 [INFO] IPUIPlugin:80 - create IPUIPlugin
2025-02-17 12:32:40,987 [INFO] IPUIPlugin:80 - create IPUIPlugin
2025-02-17 12:32:40,987 [INFO] IPUIPlugin:80 - create IPUIPlugin
2025-02-17 12:32:40,987 [INFO] IPUIPlugin:80 - create IPUIPlugin
2025-02-17 12:32:40,987 [INFO] IPUIPlugin:80 - create IPUIPlugin
2025-02-17 12:32:40,987 [INFO] IPUIPlugin:80 - create IPUIPlugin
2025-02-17 12:32:40,987 [INFO] IPUIPlugin:80 - create IPUIPlugin
2025-02-17 12:32:40,987 [INFO] IPUIPlugin:80 - create IPUIPlugin
2025-02-17 12:32:40,988 [INFO] IPUIPlugin:80 - create IPUIPlugin
2025-02-17 12:32:40,988 [INFO] IPUIPlugin:80 - create IPUIPlugin
2025-02-17 12:32:40,988 [INFO] IPUIPlugin:80 - create IPUIPlugin
2025-02-17 12:32:40,988 [INFO] IPUIPlugin:80 - create IPUIPlugin
2025-02-17 12:32:40,988 [INFO] IPUIPlugin:80 - create IPUIPlugin
2025-02-17 12:32:40,988 [INFO] IPUIPlugin:80 - create IPUIPlugin
2025-02-17 12:32:40,989 [INFO] IPUIPlugin:80 - create IPUIPlugin
2025-02-17 12:32:40,989 [INFO] IPUIPlugin:80 - create IPUIPlugin
2025-02-17 12:32:40,989 [INFO] IPUIPlugin:80 - create IPUIPlugin
2025-02-17 12:32:40,992 [INFO] ApiDbMcu:508 - Load IP Config File for PDM2PCM
2025-02-17 12:32:41,019 [INFO] CADModel:165 - CPN selected for project levelSTM32F407VGT6
2025-02-17 12:32:41,020 [INFO] CADModel:114 - Register for checkConnection events
2025-02-17 12:32:41,064 [INFO] OpenFileManager:363 - Restore cursor
2025-02-17 12:33:06,650 [INFO] UtilMem:75 - End SaveConfig() Used Memory: 703262704 Bytes (1073741824)
2025-02-17 12:33:08,091 [INFO] UtilMem:75 - End SaveConfig() Used Memory: 729024656 Bytes (1073741824)
2025-02-17 12:33:08,407 [INFO] UtilMem:75 - End SaveConfig() Used Memory: 800780256 Bytes (1073741824)
2025-02-17 12:33:08,478 [INFO] BlockDiagram:2766 - set Specific Code input for plugin: SYS
2025-02-17 12:33:08,478 [INFO] BlockDiagram:2766 - set Specific Code input for plugin: RCC
2025-02-17 12:33:08,478 [INFO] BlockDiagram:2766 - set Specific Code input for plugin: NVIC
2025-02-17 12:33:08,479 [INFO] BlockDiagram:2766 - set Specific Code input for plugin: GPIO
2025-02-17 12:33:08,479 [INFO] CodeGenerator:807 - code generatio: config db path: /home/engineering/st/stm32cubeide_1.16.1/plugins/com.st.stm32cube.common.mx_6.12.1.202409122256//db/
2025-02-17 12:33:08,543 [INFO] CodeEngine:255 - oldGeneratedFile, /home/engineering/STM32CubeIDE/workspace_1.16.1/STM32_FreeRTOS_Development/FreeRTOS_LEDTasks/MXTmpFiles/license.tmp_save
2025-02-17 12:33:08,635 [INFO] CodeEngine:279 - Generated code: /home/engineering/STM32CubeIDE/workspace_1.16.1/STM32_FreeRTOS_Development/FreeRTOS_LEDTasks/MXTmpFiles/license.tmp
2025-02-17 12:33:08,666 [INFO] CodeEngine:255 - oldGeneratedFile, /home/engineering/STM32CubeIDE/workspace_1.16.1/STM32_FreeRTOS_Development/FreeRTOS_LEDTasks/MXTmpFiles/gpio.tmp_save
2025-02-17 12:33:08,731 [INFO] CodeEngine:279 - Generated code: /home/engineering/STM32CubeIDE/workspace_1.16.1/STM32_FreeRTOS_Development/FreeRTOS_LEDTasks/MXTmpFiles/gpio.tmp
2025-02-17 12:33:08,766 [INFO] CodeEngine:255 - oldGeneratedFile, /home/engineering/STM32CubeIDE/workspace_1.16.1/STM32_FreeRTOS_Development/FreeRTOS_LEDTasks/Core/Src/stm32f4xx_it.c_save
2025-02-17 12:33:08,930 [INFO] CodeEngine:279 - Generated code: /home/engineering/STM32CubeIDE/workspace_1.16.1/STM32_FreeRTOS_Development/FreeRTOS_LEDTasks/Core/Src/stm32f4xx_it.c
2025-02-17 12:33:08,932 [INFO] CodeEngine:255 - oldGeneratedFile, /home/engineering/STM32CubeIDE/workspace_1.16.1/STM32_FreeRTOS_Development/FreeRTOS_LEDTasks/Core/Inc/stm32f4xx_it.h_save
2025-02-17 12:33:08,979 [INFO] CodeEngine:279 - Generated code: /home/engineering/STM32CubeIDE/workspace_1.16.1/STM32_FreeRTOS_Development/FreeRTOS_LEDTasks/Core/Inc/stm32f4xx_it.h
2025-02-17 12:33:08,985 [INFO] CodeEngine:255 - oldGeneratedFile, /home/engineering/STM32CubeIDE/workspace_1.16.1/STM32_FreeRTOS_Development/FreeRTOS_LEDTasks/Core/Src/stm32f4xx_hal_msp.c_save
2025-02-17 12:33:09,078 [INFO] CodeEngine:279 - Generated code: /home/engineering/STM32CubeIDE/workspace_1.16.1/STM32_FreeRTOS_Development/FreeRTOS_LEDTasks/Core/Src/stm32f4xx_hal_msp.c
2025-02-17 12:33:09,080 [INFO] CodeEngine:255 - oldGeneratedFile, /home/engineering/STM32CubeIDE/workspace_1.16.1/STM32_FreeRTOS_Development/FreeRTOS_LEDTasks/MXTmpFiles/system.tmp_save
2025-02-17 12:33:09,133 [INFO] CodeEngine:279 - Generated code: /home/engineering/STM32CubeIDE/workspace_1.16.1/STM32_FreeRTOS_Development/FreeRTOS_LEDTasks/MXTmpFiles/system.tmp
2025-02-17 12:33:09,135 [INFO] CodeEngine:255 - oldGeneratedFile, /home/engineering/STM32CubeIDE/workspace_1.16.1/STM32_FreeRTOS_Development/FreeRTOS_LEDTasks/Core/Src/stm32f4xx_hal_timebase_tim.c_save
2025-02-17 12:33:09,184 [INFO] CodeEngine:279 - Generated code: /home/engineering/STM32CubeIDE/workspace_1.16.1/STM32_FreeRTOS_Development/FreeRTOS_LEDTasks/Core/Src/stm32f4xx_hal_timebase_tim.c
2025-02-17 12:33:09,187 [INFO] CodeEngine:311 - oldGeneratedFile, /home/engineering/STM32CubeIDE/workspace_1.16.1/STM32_FreeRTOS_Development/FreeRTOS_LEDTasks/Core/Inc/stm32f4xx_hal_conf.h_save
2025-02-17 12:33:09,236 [INFO] CodeEngine:335 - Generated code: /home/engineering/STM32CubeIDE/workspace_1.16.1/STM32_FreeRTOS_Development/FreeRTOS_LEDTasks/Core/Inc/stm32f4xx_hal_conf.h
2025-02-17 12:33:09,259 [INFO] CodeEngine:255 - oldGeneratedFile, /home/engineering/STM32CubeIDE/workspace_1.16.1/STM32_FreeRTOS_Development/FreeRTOS_LEDTasks/Core/Inc/main.h_save
2025-02-17 12:33:09,328 [INFO] CodeEngine:279 - Generated code: /home/engineering/STM32CubeIDE/workspace_1.16.1/STM32_FreeRTOS_Development/FreeRTOS_LEDTasks/Core/Inc/main.h
2025-02-17 12:33:09,335 [INFO] CodeEngine:255 - oldGeneratedFile, /home/engineering/STM32CubeIDE/workspace_1.16.1/STM32_FreeRTOS_Development/FreeRTOS_LEDTasks/Core/Src/main.c_save
2025-02-17 12:33:09,438 [INFO] CodeEngine:279 - Generated code: /home/engineering/STM32CubeIDE/workspace_1.16.1/STM32_FreeRTOS_Development/FreeRTOS_LEDTasks/Core/Src/main.c
2025-02-17 12:33:09,638 [INFO] ProjectBuilder:3249 - Time for Copy HAL[1] : 25mS.
2025-02-17 12:33:09,640 [INFO] ProjectBuilder:4828 - Project Generator version: 4.5.0-B34
2025-02-17 12:33:09,698 [INFO] ConfigFileManager:1531 - The Die is : DIE413
2025-02-17 12:33:09,700 [INFO] ApiDbMcu:508 - Load IP Config File for FATFS
2025-02-17 12:33:09,703 [INFO] ApiDbMcu:508 - Load IP Config File for FREERTOS
2025-02-17 12:33:09,704 [INFO] ApiDbMcu:508 - Load IP Config File for LIBJPEG
2025-02-17 12:33:09,707 [INFO] ApiDbMcu:508 - Load IP Config File for LWIP
2025-02-17 12:33:09,710 [INFO] ApiDbMcu:508 - Load IP Config File for MBEDTLS
2025-02-17 12:33:09,720 [INFO] ApiDbMcu:508 - Load IP Config File for USB_DEVICE
2025-02-17 12:33:09,722 [INFO] ApiDbMcu:508 - Load IP Config File for USB_HOST
2025-02-17 12:33:10,444 [INFO] ProjectBuilder:5097 - Time for Generating toolchain IDE Files: 804mS.
2025-02-17 12:33:10,445 [INFO] ProjectBuilder:3107 - Time for Copy CMSIS : 1mS.
2025-02-17 12:33:10,446 [INFO] ProjectBuilder:3107 - Time for Copy CMSIS : 0mS.
2025-02-17 12:33:30,125 [ERROR] LogOutputStream:75 - [STDERR_REDIRECT] 
2025-02-17 12:33:36,377 [INFO] Activator:176 - 


2025-02-17 12:33:36,378 [INFO] Activator:177 - !SESSION log4j initialized
2025-02-17 12:33:40,092 [INFO] LogOutputStream:77 - [STDOUT_REDIRECT] 
2025-02-17 12:33:40,802 [INFO] ApplicationProperties:184 - Using Application install path: /home/engineering/st/stm32cubeide_1.16.1/plugins/com.st.stm32cube.common.mx_6.12.1.202409122256
2025-02-17 12:33:40,817 [INFO] DbMcusXml:78 - Set database path to: /home/engineering/st/stm32cubeide_1.16.1/plugins/com.st.stm32cube.common.mx_6.12.1.202409122256//db//mcu/
2025-02-17 12:33:40,817 [INFO] ApiDb:274 - Set plugin database path to: /home/engineering/st/stm32cubeide_1.16.1/plugins/com.st.stm32cube.common.mx_6.12.1.202409122256//db//plugins/boardmanager/
2025-02-17 12:33:40,817 [WARN] ApiDb:259 - Overriding images path with different value:  => /home/engineering/st/stm32cubeide_1.16.1/plugins/com.st.stm32cube.common.mx_6.12.1.202409122256//db//plugins/mcufinder/images/
2025-02-17 12:33:40,824 [INFO] ApiDb:250 - Set database path to: /home/engineering/.stmcufinder/plugins/mcufinder//mcu/
2025-02-17 12:33:40,825 [INFO] DbMcusAds:125 - Set database path to: /home/engineering/.stmcufinder/plugins/mcufinder//mcu/
2025-02-17 12:33:40,827 [INFO] CrossReferenceDbSqlite:203 - Set database path to: /home/engineering/.stmcufinder/plugins/mcufinder//mcu/cs/
2025-02-17 12:33:40,944 [INFO] RulesReader:64 - Compatibility file has been processed (297 Rules)
2025-02-17 12:33:41,021 [INFO] DbMcusXml:78 - Set database path to: /home/engineering/st/stm32cubeide_1.16.1/plugins/com.st.stm32cube.common.mx_6.12.1.202409122256//db//mcu/
2025-02-17 12:33:41,021 [INFO] ApiDb:274 - Set plugin database path to: /home/engineering/st/stm32cubeide_1.16.1/plugins/com.st.stm32cube.common.mx_6.12.1.202409122256//db//plugins/boardmanager/
2025-02-17 12:33:41,023 [INFO] ApiDb:261 - Set plugin images path to: /home/engineering/st/stm32cubeide_1.16.1/plugins/com.st.stm32cube.common.mx_6.12.1.202409122256//db//plugins/mcufinder/images/
2025-02-17 12:33:41,024 [WARN] DbFile:41 - Overriding database path with different value: /home/engineering/.stmcufinder/plugins/mcufinder/ => /home/engineering/.stmcufinder/plugins/mcufinder
2025-02-17 12:33:41,024 [INFO] ApiDb:250 - Set database path to: /home/engineering/.stmcufinder/plugins/mcufinder//mcu/
2025-02-17 12:33:41,024 [WARN] DbFile:41 - Overriding database path with different value: /home/engineering/.stmcufinder/plugins/mcufinder/ => /home/engineering/.stmcufinder/plugins/mcufinder
2025-02-17 12:33:41,024 [INFO] DbMcusAds:125 - Set database path to: /home/engineering/.stmcufinder/plugins/mcufinder//mcu/
2025-02-17 12:33:41,024 [WARN] DbFile:41 - Overriding database path with different value: /home/engineering/.stmcufinder/plugins/mcufinder/ => /home/engineering/.stmcufinder/plugins/mcufinder
2025-02-17 12:33:41,024 [WARN] DbFile:41 - Overriding database path with different value: /home/engineering/.stmcufinder/plugins/mcufinder/ => /home/engineering/.stmcufinder/plugins/mcufinder
2025-02-17 12:33:41,024 [INFO] CrossReferenceDbSqlite:203 - Set database path to: /home/engineering/.stmcufinder/plugins/mcufinder//mcu/cs/
2025-02-17 12:33:41,110 [INFO] MainPanel:268 - HeapMemory: 300941312
2025-02-17 12:33:41,201 [INFO] DbMcusXml:78 - Set database path to: /home/engineering/st/stm32cubeide_1.16.1/plugins/com.st.stm32cube.common.mx_6.12.1.202409122256//db//mcu/
2025-02-17 12:33:41,201 [INFO] ApiDb:274 - Set plugin database path to: /home/engineering/st/stm32cubeide_1.16.1/plugins/com.st.stm32cube.common.mx_6.12.1.202409122256//db//plugins/boardmanager/
2025-02-17 12:33:41,201 [INFO] ApiDb:261 - Set plugin images path to: /home/engineering/st/stm32cubeide_1.16.1/plugins/com.st.stm32cube.common.mx_6.12.1.202409122256//db//plugins/mcufinder/images/
2025-02-17 12:33:41,201 [WARN] DbFile:41 - Overriding database path with different value: /home/engineering/.stmcufinder/plugins/mcufinder/ => /home/engineering/.stmcufinder/plugins/mcufinder
2025-02-17 12:33:41,201 [INFO] ApiDb:250 - Set database path to: /home/engineering/.stmcufinder/plugins/mcufinder//mcu/
2025-02-17 12:33:41,201 [WARN] DbFile:41 - Overriding database path with different value: /home/engineering/.stmcufinder/plugins/mcufinder/ => /home/engineering/.stmcufinder/plugins/mcufinder
2025-02-17 12:33:41,202 [INFO] DbMcusAds:125 - Set database path to: /home/engineering/.stmcufinder/plugins/mcufinder//mcu/
2025-02-17 12:33:41,202 [WARN] DbFile:41 - Overriding database path with different value: /home/engineering/.stmcufinder/plugins/mcufinder/ => /home/engineering/.stmcufinder/plugins/mcufinder
2025-02-17 12:33:41,202 [WARN] DbFile:41 - Overriding database path with different value: /home/engineering/.stmcufinder/plugins/mcufinder/ => /home/engineering/.stmcufinder/plugins/mcufinder
2025-02-17 12:33:41,202 [INFO] CrossReferenceDbSqlite:203 - Set database path to: /home/engineering/.stmcufinder/plugins/mcufinder//mcu/cs/
2025-02-17 12:33:41,218 [INFO] ApplicationProperties:184 - Using Application install path: /home/engineering/st/stm32cubeide_1.16.1/plugins/com.st.stm32cube.common.mx_6.12.1.202409122256
2025-02-17 12:33:41,219 [INFO] PluginManage:196 - Search for loadable plugins [exclusion list=, ]
2025-02-17 12:33:41,222 [INFO] PluginManage:310 - Check plugin analytics
2025-02-17 12:33:41,339 [INFO] AnalyticsPlugin:253 - Accepted Software Licenses: 
2025-02-17 12:33:41,340 [INFO] AnalyticsPlugin:255 - Accepted CMSIS Pack Licenses: 
2025-02-17 12:33:41,340 [INFO] AnalyticsPlugin:257 - Accepted Firmware Licenses: FW.F4.1.28.0
2025-02-17 12:33:41,341 [INFO] PluginManage:359 - Loaded plugin analytics (category:tool,tabindex:-1)
2025-02-17 12:33:41,342 [INFO] PluginManage:310 - Check plugin cadmodel
2025-02-17 12:33:41,344 [INFO] CADModel:105 - Init CAD model plugin
2025-02-17 12:33:41,344 [INFO] PluginManage:359 - Loaded plugin cadmodel (category:power,tabindex:5)
2025-02-17 12:33:41,345 [INFO] PluginManage:310 - Check plugin clock
2025-02-17 12:33:41,350 [INFO] PluginManage:359 - Loaded plugin clock (category:base,tabindex:2)
2025-02-17 12:33:41,350 [INFO] PluginManage:310 - Check plugin ddr
2025-02-17 12:33:41,352 [INFO] PluginManage:359 - Loaded plugin ddr (category:tool,tabindex:6)
2025-02-17 12:33:41,352 [INFO] PluginManage:310 - Check plugin filemanager
2025-02-17 12:33:41,479 [INFO] PluginManage:359 - Loaded plugin filemanager (category:base,tabindex:10)
2025-02-17 12:33:41,479 [INFO] PluginManage:310 - Check plugin ipmanager
2025-02-17 12:33:41,491 [INFO] PluginManage:359 - Loaded plugin ipmanager (category:base,tabindex:5)
2025-02-17 12:33:41,491 [INFO] PluginManage:310 - Check plugin lpbam
2025-02-17 12:33:41,500 [INFO] PluginManage:359 - Loaded plugin lpbam (category:base,tabindex:0)
2025-02-17 12:33:41,500 [INFO] PluginManage:310 - Check plugin memorymap
2025-02-17 12:33:41,510 [INFO] PluginManage:359 - Loaded plugin memorymap (category:base,tabindex:4)
2025-02-17 12:33:41,510 [INFO] PluginManage:310 - Check plugin pinoutandconfiguration
2025-02-17 12:33:41,516 [INFO] PluginManage:359 - Loaded plugin pinoutandconfiguration (category:base,tabindex:1)
2025-02-17 12:33:41,516 [INFO] PluginManage:310 - Check plugin pinoutconfig
2025-02-17 12:33:41,592 [WARN] SupportedApi:132 - Cannot load RTOS API schema: s4s-elt-must-match.1: The content of 'definitions' must match (annotation?, (simpleType | complexType)?, (unique | key | keyref)*)). A problem was found starting at: attribute.
2025-02-17 12:33:41,738 [INFO] PluginManage:359 - Loaded plugin pinoutconfig (category:base,tabindex:0)
2025-02-17 12:33:41,738 [INFO] PluginManage:310 - Check plugin power
2025-02-17 12:33:41,744 [INFO] PluginManage:359 - Loaded plugin power (category:power,tabindex:4)
2025-02-17 12:33:41,744 [INFO] PluginManage:310 - Check plugin projectmanager
2025-02-17 12:33:41,756 [INFO] PluginManage:359 - Loaded plugin projectmanager (category:projectmanager,tabindex:4)
2025-02-17 12:33:41,756 [INFO] PluginManage:310 - Check plugin rif
2025-02-17 12:33:41,760 [INFO] PluginManage:359 - Loaded plugin rif (category:base,tabindex:3)
2025-02-17 12:33:41,760 [INFO] PluginManage:310 - Check plugin thirdparty
2025-02-17 12:33:41,871 [WARN] IntegrityCheckThread:84 - waiting for thirdparty lock release [integrity check]
2025-02-17 12:33:41,872 [INFO] IntegrityCheckThread:86 - entering critical section [integrity check]
2025-02-17 12:33:41,872 [INFO] ThirdPartyUpdaterWithRetryManager:70 - Updater plugin not ready yet. [1/15]
2025-02-17 12:33:41,872 [INFO] PluginManage:359 - Loaded plugin thirdparty (category:base,tabindex:-1)
2025-02-17 12:33:41,872 [INFO] PluginManage:310 - Check plugin tools
2025-02-17 12:33:41,874 [INFO] PluginManage:359 - Loaded plugin tools (category:base,tabindex:7)
2025-02-17 12:33:41,874 [INFO] PluginManage:310 - Check plugin tutovideos
2025-02-17 12:33:42,070 [INFO] PluginManage:359 - Loaded plugin tutovideos (category:base,tabindex:-1)
2025-02-17 12:33:42,070 [INFO] PluginManage:310 - Check plugin updater
2025-02-17 12:33:42,088 [INFO] PluginManage:359 - Loaded plugin updater (category:base,tabindex:12)
2025-02-17 12:33:42,088 [INFO] PluginManage:310 - Check plugin userauth
2025-02-17 12:33:42,097 [INFO] UserAuth:113 - Init User Auth plugin
2025-02-17 12:33:42,097 [INFO] PluginManage:359 - Loaded plugin userauth (category:base,tabindex:14)
2025-02-17 12:33:42,099 [INFO] PluginManage:283 - PluginManage : Loaded plugins [18]
2025-02-17 12:33:42,334 [INFO] PinOutPanel:1561 - setPackage(No Configuration,No Configuration)
2025-02-17 12:33:42,420 [INFO] CADModel:165 - CPN selected for project level
2025-02-17 12:33:42,420 [INFO] CADModel:114 - Register for checkConnection events
2025-02-17 12:33:42,428 [INFO] IPUIPlugin:80 - create IPUIPlugin
2025-02-17 12:33:42,428 [INFO] PluginManager:220 - loadIPPluginJar : add radio
2025-02-17 12:33:42,429 [INFO] IPUIPlugin:80 - create IPUIPlugin
2025-02-17 12:33:42,429 [INFO] PluginManager:220 - loadIPPluginJar : add genericplugin
2025-02-17 12:33:42,431 [INFO] IPUIPlugin:80 - create IPUIPlugin
2025-02-17 12:33:42,432 [INFO] PluginManager:220 - loadIPPluginJar : add fatfs
2025-02-17 12:33:42,435 [INFO] IPUIPlugin:80 - create IPUIPlugin
2025-02-17 12:33:42,435 [INFO] PluginManager:220 - loadIPPluginJar : add usart
2025-02-17 12:33:42,437 [INFO] IPUIPlugin:80 - create IPUIPlugin
2025-02-17 12:33:42,437 [INFO] PluginManager:220 - loadIPPluginJar : add i2c
2025-02-17 12:33:42,440 [INFO] IPUIPlugin:80 - create IPUIPlugin
2025-02-17 12:33:42,440 [INFO] PluginManager:220 - loadIPPluginJar : add hash
2025-02-17 12:33:42,446 [INFO] IPUIPlugin:80 - create IPUIPlugin
2025-02-17 12:33:42,452 [INFO] PluginManager:220 - loadIPPluginJar : add linkedlist
2025-02-17 12:33:42,454 [INFO] IPUIPlugin:80 - create IPUIPlugin
2025-02-17 12:33:42,454 [INFO] PluginManager:220 - loadIPPluginJar : add lorawan
2025-02-17 12:33:42,458 [INFO] IPUIPlugin:80 - create IPUIPlugin
2025-02-17 12:33:42,458 [INFO] PluginManager:220 - loadIPPluginJar : add aes
2025-02-17 12:33:42,467 [INFO] IPUIPlugin:80 - create IPUIPlugin
2025-02-17 12:33:42,467 [INFO] PluginManager:220 - loadIPPluginJar : add dma
2025-02-17 12:33:42,469 [INFO] IPUIPlugin:80 - create IPUIPlugin
2025-02-17 12:33:42,469 [INFO] PluginManager:220 - loadIPPluginJar : add spi
2025-02-17 12:33:42,475 [INFO] IPUIPlugin:80 - create IPUIPlugin
2025-02-17 12:33:42,475 [INFO] PluginManager:220 - loadIPPluginJar : add adc
2025-02-17 12:33:42,476 [INFO] IPUIPlugin:80 - create IPUIPlugin
2025-02-17 12:33:42,476 [INFO] PluginManager:220 - loadIPPluginJar : add quadspi
2025-02-17 12:33:42,481 [INFO] IPUIPlugin:80 - create IPUIPlugin
2025-02-17 12:33:42,481 [INFO] PluginManager:220 - loadIPPluginJar : add gpio
2025-02-17 12:33:42,483 [INFO] IPUIPlugin:80 - create IPUIPlugin
2025-02-17 12:33:42,483 [INFO] PluginManager:220 - loadIPPluginJar : add nvic
2025-02-17 12:33:42,485 [INFO] IPUIPlugin:80 - create IPUIPlugin
2025-02-17 12:33:42,485 [INFO] PluginManager:220 - loadIPPluginJar : add cryp
2025-02-17 12:33:42,487 [INFO] IPUIPlugin:80 - create IPUIPlugin
2025-02-17 12:33:42,487 [INFO] PluginManager:220 - loadIPPluginJar : add i3c
2025-02-17 12:33:42,489 [INFO] IPUIPlugin:80 - create IPUIPlugin
2025-02-17 12:33:42,489 [INFO] PluginManager:220 - loadIPPluginJar : add ipddr
2025-02-17 12:33:42,490 [INFO] IPUIPlugin:80 - create IPUIPlugin
2025-02-17 12:33:42,491 [INFO] PluginManager:220 - loadIPPluginJar : add dfsdm
2025-02-17 12:33:42,494 [INFO] IPUIPlugin:80 - create IPUIPlugin
2025-02-17 12:33:42,494 [INFO] PluginManager:220 - loadIPPluginJar : add fmc
2025-02-17 12:33:42,495 [INFO] IPUIPlugin:80 - create IPUIPlugin
2025-02-17 12:33:42,495 [INFO] PluginManager:220 - loadIPPluginJar : add ts
2025-02-17 12:33:42,496 [INFO] IPUIPlugin:80 - create IPUIPlugin
2025-02-17 12:33:42,496 [INFO] PluginManager:220 - loadIPPluginJar : add tracer_emb
2025-02-17 12:33:42,497 [INFO] IPUIPlugin:80 - create IPUIPlugin
2025-02-17 12:33:42,498 [INFO] PluginManager:220 - loadIPPluginJar : add comp
2025-02-17 12:33:42,500 [INFO] IPUIPlugin:80 - create IPUIPlugin
2025-02-17 12:33:42,501 [INFO] PluginManager:220 - loadIPPluginJar : add pdm2pcm
2025-02-17 12:33:42,502 [INFO] IPUIPlugin:80 - create IPUIPlugin
2025-02-17 12:33:42,502 [INFO] PluginManager:220 - loadIPPluginJar : add ltdc
2025-02-17 12:33:42,511 [INFO] IPUIPlugin:80 - create IPUIPlugin
2025-02-17 12:33:42,514 [INFO] PluginManager:220 - loadIPPluginJar : add plateformsettings
2025-02-17 12:33:42,518 [INFO] IPUIPlugin:80 - create IPUIPlugin
2025-02-17 12:33:42,518 [INFO] PluginManager:220 - loadIPPluginJar : add usbx
2025-02-17 12:33:42,523 [INFO] IPUIPlugin:80 - create IPUIPlugin
2025-02-17 12:33:42,523 [INFO] PluginManager:220 - loadIPPluginJar : add mdma
2025-02-17 12:33:42,525 [INFO] IPUIPlugin:80 - create IPUIPlugin
2025-02-17 12:33:42,525 [INFO] PluginManager:220 - loadIPPluginJar : add resmgrutility
2025-02-17 12:33:42,527 [INFO] IPUIPlugin:80 - create IPUIPlugin
2025-02-17 12:33:42,527 [INFO] PluginManager:220 - loadIPPluginJar : add touchsensing
2025-02-17 12:33:42,528 [INFO] IPUIPlugin:80 - create IPUIPlugin
2025-02-17 12:33:42,528 [INFO] PluginManager:220 - loadIPPluginJar : add ucpd
2025-02-17 12:33:42,530 [INFO] IPUIPlugin:80 - create IPUIPlugin
2025-02-17 12:33:42,530 [INFO] PluginManager:220 - loadIPPluginJar : add can
2025-02-17 12:33:42,531 [INFO] IPUIPlugin:80 - create IPUIPlugin
2025-02-17 12:33:42,531 [INFO] PluginManager:220 - loadIPPluginJar : add gfxmmu
2025-02-17 12:33:42,533 [INFO] IPUIPlugin:80 - create IPUIPlugin
2025-02-17 12:33:42,533 [INFO] PluginManager:220 - loadIPPluginJar : add gtzc
2025-02-17 12:33:42,536 [INFO] IPUIPlugin:80 - create IPUIPlugin
2025-02-17 12:33:42,536 [INFO] PluginManager:220 - loadIPPluginJar : add stm32_wpan
2025-02-17 12:33:42,539 [INFO] IPUIPlugin:80 - create IPUIPlugin
2025-02-17 12:33:42,539 [INFO] PluginManager:220 - loadIPPluginJar : add tim
2025-02-17 12:33:42,544 [INFO] IPUIPlugin:80 - create IPUIPlugin
2025-02-17 12:33:42,545 [INFO] PluginManager:220 - loadIPPluginJar : add gic
2025-02-17 12:33:42,547 [INFO] IPUIPlugin:80 - create IPUIPlugin
2025-02-17 12:33:42,548 [INFO] PluginManager:220 - loadIPPluginJar : add openamp
2025-02-17 12:33:42,548 [INFO] IPUIPlugin:80 - create IPUIPlugin
2025-02-17 12:33:42,549 [INFO] PluginManager:220 - loadIPPluginJar : add tsc
2025-02-17 12:33:42,550 [INFO] IPUIPlugin:80 - create IPUIPlugin
2025-02-17 12:33:42,550 [INFO] PluginManager:220 - loadIPPluginJar : add sai
2025-02-17 12:33:42,552 [INFO] IPUIPlugin:80 - create IPUIPlugin
2025-02-17 12:33:42,554 [INFO] PluginManager:220 - loadIPPluginJar : add i2s
2025-02-17 12:33:42,558 [INFO] IPUIPlugin:80 - create IPUIPlugin
2025-02-17 12:33:42,559 [INFO] PluginManager:220 - loadIPPluginJar : add freertos
2025-02-17 12:33:42,562 [INFO] IPUIPlugin:80 - create IPUIPlugin
2025-02-17 12:33:42,562 [INFO] PluginManager:220 - loadIPPluginJar : add extmemmanager
2025-02-17 12:33:42,564 [INFO] IPUIPlugin:80 - create IPUIPlugin
2025-02-17 12:33:42,564 [INFO] PluginManager:220 - loadIPPluginJar : add ddr_ctrl_phy
2025-02-17 12:33:42,565 [INFO] IPUIPlugin:80 - create IPUIPlugin
2025-02-17 12:33:42,565 [INFO] PluginManager:220 - loadIPPluginJar : add dma3
2025-02-17 12:33:42,567 [INFO] IPUIPlugin:80 - create IPUIPlugin
2025-02-17 12:33:42,567 [INFO] PluginManager:220 - loadIPPluginJar : add opamp
2025-02-17 12:33:42,667 [INFO] CADModel:165 - CPN selected for project level
2025-02-17 12:33:42,667 [INFO] CADModel:114 - Register for checkConnection events
2025-02-17 12:33:42,667 [FATAL] Updater:334 - Updater called before beeing initialized
2025-02-17 12:33:42,667 [ERROR] CADModel:125 - Updater not yet initialized, retry later 
2025-02-17 12:33:42,764 [INFO] CADModel:165 - CPN selected for project level
2025-02-17 12:33:42,764 [INFO] CADModel:114 - Register for checkConnection events
2025-02-17 12:33:42,764 [FATAL] Updater:334 - Updater called before beeing initialized
2025-02-17 12:33:42,764 [ERROR] CADModel:125 - Updater not yet initialized, retry later 
2025-02-17 12:33:42,767 [FATAL] Updater:334 - Updater called before beeing initialized
2025-02-17 12:33:42,825 [FATAL] Updater:334 - Updater called before beeing initialized
2025-02-17 12:33:42,829 [INFO] DbMcusAds:53 - JSON generation date=Tue Dec 17 08:01:15 PST 2024 (1734451275111)
2025-02-17 12:33:42,829 [FATAL] Updater:334 - Updater called before beeing initialized
2025-02-17 12:33:42,850 [WARN] DetailPanel:346 - Failed to get advertising image, set to default
2025-02-17 12:33:42,912 [FATAL] Updater:334 - Updater called before beeing initialized
2025-02-17 12:33:42,913 [FATAL] Updater:334 - Updater called before beeing initialized
2025-02-17 12:33:42,913 [FATAL] Updater:334 - Updater called before beeing initialized
2025-02-17 12:33:42,913 [WARN] DetailPanel:346 - Failed to get advertising image, set to default
2025-02-17 12:33:42,915 [FATAL] Updater:334 - Updater called before beeing initialized
2025-02-17 12:33:42,940 [ERROR] Updater:1164 - MainUpdater not yet initialized. External WinMGr cannot be set.
2025-02-17 12:33:42,942 [INFO] Updater:1100 - Updater Version found : 6.12.1
2025-02-17 12:33:42,958 [INFO] ApplicationProperties:184 - Using Application install path: /home/engineering/st/stm32cubeide_1.16.1/plugins/com.st.stm32cube.common.mx_6.12.1.202409122256
2025-02-17 12:33:43,282 [INFO] MainUpdater:2873 - connection check result : 10
2025-02-17 12:33:43,283 [INFO] MainUpdater:290 - Updater Check For Update Now.
2025-02-17 12:33:43,283 [INFO] MicroXplorer:498 - Change Database Version : DB.6.0.121
2025-02-17 12:33:43,292 [INFO] McuFinderGlobals:63 - Set McuFinder mode to 2 (CubeIDE integrated)
2025-02-17 12:33:43,292 [INFO] UserAuth:417 - Internet connection configuration mode: 1
2025-02-17 12:33:43,302 [INFO] JxBrowserEngine:152 - Initiate JxBrowser Engine with user profile folder
2025-02-17 12:33:43,494 [INFO] CheckServerUpdateThread:120 - End of CheckServer Thread
2025-02-17 12:33:44,118 [INFO] WebApp:167 - Instantiating new browser for Auth
2025-02-17 12:33:44,776 [INFO] WebApp:448 - Apply proxy settings
2025-02-17 12:33:44,776 [INFO] WebApp:533 - Chromium requires no authentication
2025-02-17 12:33:44,783 [INFO] WebApp:476 - Direct internet connection detected
2025-02-17 12:33:44,807 [INFO] WebApp:869 - Register for checkConnection events
2025-02-17 12:33:44,807 [INFO] WebApp:448 - Apply proxy settings
2025-02-17 12:33:44,807 [INFO] WebApp:533 - Chromium requires no authentication
2025-02-17 12:33:44,808 [INFO] WebApp:476 - Direct internet connection detected
2025-02-17 12:33:44,953 [INFO] WebApp:220 - Starting web application
2025-02-17 12:33:44,953 [INFO] WebApp:578 - Web application path used /home/engineering/st/stm32cubeide_1.16.1/plugins/com.st.stm32cube.common.mx_6.12.1.202409122256/db/plugins/mcufinder/reactClient1/index.html
2025-02-17 12:33:44,985 [WARN] PackLoader:240 - Cannot read IP mode file for STMicroelectronics.FP-SNS-MOTENVWB1.1.4.0
2025-02-17 12:33:45,000 [WARN] PackLoader:240 - Cannot read IP mode file for STMicroelectronics.FP-ATR-ASTRA1.2.0.1
2025-02-17 12:33:45,007 [WARN] PackLoader:240 - Cannot read IP mode file for STMicroelectronics.X-CUBE-SMBUS.2.1.0
2025-02-17 12:33:45,021 [WARN] PackLoader:240 - Cannot read IP mode file for STMicroelectronics.X-CUBE-WB05N.1.1.0
2025-02-17 12:33:45,056 [WARN] PackLoader:240 - Cannot read IP mode file for STMicroelectronics.X-CUBE-AZRTOS-F7.1.1.0
2025-02-17 12:33:45,181 [WARN] PackLoader:240 - Cannot read IP mode file for STMicroelectronics.X-CUBE-MEMS1.11.0.0
2025-02-17 12:33:45,182 [INFO] UserAuth:417 - Internet connection configuration mode: 1
2025-02-17 12:33:45,300 [INFO] WebApp:186 - Connection restablished
2025-02-17 12:33:45,432 [WARN] PackLoader:240 - Cannot read IP mode file for STMicroelectronics.FP-SNS-FLIGHT1.5.0.2
2025-02-17 12:33:45,439 [WARN] PackLoader:240 - Cannot read IP mode file for STMicroelectronics.X-CUBE-DISPLAY.3.0.0
2025-02-17 12:33:45,449 [WARN] PackLoader:240 - Cannot read IP mode file for STMicroelectronics.X-CUBE-BLE1.7.0.0
2025-02-17 12:33:45,456 [WARN] PackLoader:240 - Cannot read IP mode file for STMicroelectronics.X-CUBE-NFC10.1.0.0
2025-02-17 12:33:45,469 [WARN] PackLoader:240 - Cannot read IP mode file for STMicroelectronics.X-CUBE-BLEMGR.4.0.0
2025-02-17 12:33:45,474 [WARN] PackLoader:240 - Cannot read IP mode file for emotas.I-CUBE-CANOPEN.1.3.0
2025-02-17 12:33:45,483 [WARN] PackLoader:240 - Cannot read IP mode file for STMicroelectronics.X-CUBE-BLEMGR.3.1.0
2025-02-17 12:33:45,489 [WARN] PackLoader:240 - Cannot read IP mode file for STMicroelectronics.X-CUBE-AI.10.0.0
2025-02-17 12:33:45,493 [WARN] PackLoader:240 - Cannot read IP mode file for STMicroelectronics.FP-SNS-SMARTAG2.1.2.0
2025-02-17 12:33:45,543 [WARN] PackLoader:240 - Cannot read IP mode file for STMicroelectronics.X-CUBE-MEMS1.11.1.0
2025-02-17 12:33:45,651 [INFO] LogOutputStream:77 - [STDOUT_REDIRECT] 1 : Invalid condition id : UX_CORESTACK_Condition cause : null
2025-02-17 12:33:45,652 [INFO] LogOutputStream:77 - [STDOUT_REDIRECT] 1 : Invalid condition id : UX_CORESTACK_Condition cause : null
2025-02-17 12:33:45,653 [INFO] LogOutputStream:77 - [STDOUT_REDIRECT] 1 : Invalid condition id : UX_CORESTACK_Condition cause : null
2025-02-17 12:33:45,653 [INFO] LogOutputStream:77 - [STDOUT_REDIRECT] 1 : Invalid condition id : UX_CORESTACK_Condition cause : null
2025-02-17 12:33:45,654 [INFO] LogOutputStream:77 - [STDOUT_REDIRECT] 1 : Invalid condition id : UX_CORESTACK_Condition cause : null
2025-02-17 12:33:45,657 [WARN] PackLoader:240 - Cannot read IP mode file for STMicroelectronics.X-CUBE-AZRTOS-WL.2.0.0
2025-02-17 12:33:45,663 [WARN] PackLoader:240 - Cannot read IP mode file for STMicroelectronics.FP-SNS-MOTENV1.5.0.0
2025-02-17 12:33:45,666 [WARN] PackLoader:240 - Cannot read IP mode file for wolfSSL.I-CUBE-wolfMQTT.1.19.0
2025-02-17 12:33:45,673 [WARN] PackLoader:240 - Cannot read IP mode file for WES.I-CUBE-Cesium.1.3.0
2025-02-17 12:33:45,677 [WARN] PackLoader:240 - Cannot read IP mode file for STMicroelectronics.X-CUBE-BLE2.3.3.0
2025-02-17 12:33:45,684 [WARN] PackLoader:240 - Cannot read IP mode file for STMicroelectronics.X-CUBE-NFC9.1.0.0
2025-02-17 12:33:45,687 [WARN] PackLoader:240 - Cannot read IP mode file for STMicroelectronics.X-CUBE-TCPP.4.1.0
2025-02-17 12:33:45,701 [WARN] PackLoader:240 - Cannot read IP mode file for STMicroelectronics.X-CUBE-AZRTOS-G0.1.1.0
2025-02-17 12:33:45,708 [WARN] PackLoader:240 - Cannot read IP mode file for STMicroelectronics.X-CUBE-SAFEA1.1.2.2
2025-02-17 12:33:45,715 [WARN] PackLoader:240 - Cannot read IP mode file for STMicroelectronics.X-CUBE-NFC4.3.0.0
2025-02-17 12:33:45,721 [WARN] PackLoader:240 - Cannot read IP mode file for EmbeddedOffice.I-CUBE-FS-RTOS.1.0.1
2025-02-17 12:33:45,727 [ERROR] ConditionMgr:805 - Attr not supported : Dmpu
2025-02-17 12:33:45,727 [ERROR] ConditionMgr:805 - Attr not supported : Dmpu
2025-02-17 12:33:45,727 [ERROR] ConditionMgr:805 - Attr not supported : Dmpu
2025-02-17 12:33:45,727 [ERROR] ConditionMgr:805 - Attr not supported : Dmpu
2025-02-17 12:33:45,727 [ERROR] ConditionMgr:805 - Attr not supported : Dmpu
2025-02-17 12:33:45,727 [ERROR] ConditionMgr:805 - Attr not supported : Dmpu
2025-02-17 12:33:45,727 [ERROR] ConditionMgr:805 - Attr not supported : Dmpu
2025-02-17 12:33:45,727 [ERROR] ConditionMgr:805 - Attr not supported : Dmpu
2025-02-17 12:33:45,727 [ERROR] ConditionMgr:805 - Attr not supported : Dmpu
2025-02-17 12:33:45,727 [ERROR] ConditionMgr:805 - Attr not supported : Dmpu
2025-02-17 12:33:45,727 [ERROR] ConditionMgr:805 - Attr not supported : Dmpu
2025-02-17 12:33:45,727 [ERROR] ConditionMgr:805 - Attr not supported : Dmpu
2025-02-17 12:33:45,727 [ERROR] ConditionMgr:805 - Attr not supported : Dmpu
2025-02-17 12:33:45,727 [ERROR] ConditionMgr:805 - Attr not supported : Dmpu
2025-02-17 12:33:45,727 [ERROR] ConditionMgr:805 - Attr not supported : Dmpu
2025-02-17 12:33:45,727 [ERROR] ConditionMgr:805 - Attr not supported : Dmpu
2025-02-17 12:33:45,727 [ERROR] ConditionMgr:805 - Attr not supported : Dmpu
2025-02-17 12:33:45,728 [ERROR] ConditionMgr:805 - Attr not supported : Dmpu
2025-02-17 12:33:45,728 [ERROR] ConditionMgr:805 - Attr not supported : Dmpu
2025-02-17 12:33:45,728 [ERROR] ConditionMgr:805 - Attr not supported : Dmpu
2025-02-17 12:33:45,728 [ERROR] ConditionMgr:805 - Attr not supported : Dmpu
2025-02-17 12:33:45,728 [ERROR] ConditionMgr:805 - Attr not supported : Dmpu
2025-02-17 12:33:45,728 [ERROR] ConditionMgr:805 - Attr not supported : Dmpu
2025-02-17 12:33:45,728 [ERROR] ConditionMgr:805 - Attr not supported : Dmpu
2025-02-17 12:33:45,728 [ERROR] ConditionMgr:805 - Attr not supported : Dmpu
2025-02-17 12:33:45,728 [ERROR] ConditionMgr:805 - Attr not supported : Dmpu
2025-02-17 12:33:45,728 [ERROR] ConditionMgr:805 - Attr not supported : Dmpu
2025-02-17 12:33:45,728 [ERROR] ConditionMgr:805 - Attr not supported : Dmpu
2025-02-17 12:33:45,728 [ERROR] ConditionMgr:805 - Attr not supported : Dmpu
2025-02-17 12:33:45,728 [ERROR] ConditionMgr:805 - Attr not supported : Dmpu
2025-02-17 12:33:45,728 [ERROR] ConditionMgr:805 - Attr not supported : Dmpu
2025-02-17 12:33:45,728 [ERROR] ConditionMgr:805 - Attr not supported : Dmpu
2025-02-17 12:33:45,728 [ERROR] ConditionMgr:805 - Attr not supported : Dmpu
2025-02-17 12:33:45,728 [ERROR] ConditionMgr:805 - Attr not supported : Dmpu
2025-02-17 12:33:45,728 [ERROR] ConditionMgr:805 - Attr not supported : Dmpu
2025-02-17 12:33:45,728 [ERROR] ConditionMgr:805 - Attr not supported : Dmpu
2025-02-17 12:33:45,728 [ERROR] ConditionMgr:805 - Attr not supported : Dmpu
2025-02-17 12:33:45,728 [ERROR] ConditionMgr:805 - Attr not supported : Dmpu
2025-02-17 12:33:45,728 [ERROR] ConditionMgr:805 - Attr not supported : Dmpu
2025-02-17 12:33:45,728 [ERROR] ConditionMgr:805 - Attr not supported : Dmpu
2025-02-17 12:33:45,728 [ERROR] ConditionMgr:805 - Attr not supported : Dmpu
2025-02-17 12:33:45,729 [ERROR] ConditionMgr:805 - Attr not supported : Dmpu
2025-02-17 12:33:45,729 [ERROR] ConditionMgr:805 - Attr not supported : Dmpu
2025-02-17 12:33:45,729 [ERROR] ConditionMgr:805 - Attr not supported : Dmpu
2025-02-17 12:33:45,731 [ERROR] ConditionMgr:805 - Attr not supported : Dmpu
2025-02-17 12:33:45,731 [ERROR] ConditionMgr:805 - Attr not supported : Dmpu
2025-02-17 12:33:45,731 [ERROR] ConditionMgr:805 - Attr not supported : Dmpu
2025-02-17 12:33:45,731 [ERROR] ConditionMgr:805 - Attr not supported : Dmpu
2025-02-17 12:33:45,731 [ERROR] ConditionMgr:805 - Attr not supported : Dmpu
2025-02-17 12:33:45,732 [ERROR] ConditionMgr:805 - Attr not supported : Dmpu
2025-02-17 12:33:45,732 [ERROR] ConditionMgr:805 - Attr not supported : Dmpu
2025-02-17 12:33:45,732 [ERROR] ConditionMgr:805 - Attr not supported : Dmpu
2025-02-17 12:33:45,732 [ERROR] ConditionMgr:805 - Attr not supported : Dmpu
2025-02-17 12:33:45,732 [ERROR] ConditionMgr:805 - Attr not supported : Dmpu
2025-02-17 12:33:45,732 [ERROR] ConditionMgr:805 - Attr not supported : Dmpu
2025-02-17 12:33:45,732 [ERROR] ConditionMgr:805 - Attr not supported : Dmpu
2025-02-17 12:33:45,732 [ERROR] ConditionMgr:805 - Attr not supported : Dmpu
2025-02-17 12:33:45,732 [ERROR] ConditionMgr:805 - Attr not supported : Dmpu
2025-02-17 12:33:45,732 [ERROR] ConditionMgr:805 - Attr not supported : Dmpu
2025-02-17 12:33:45,732 [ERROR] ConditionMgr:805 - Attr not supported : Dmpu
2025-02-17 12:33:45,732 [ERROR] ConditionMgr:805 - Attr not supported : Dmpu
2025-02-17 12:33:45,732 [ERROR] ConditionMgr:805 - Attr not supported : Dmpu
2025-02-17 12:33:45,732 [ERROR] ConditionMgr:805 - Attr not supported : Dmpu
2025-02-17 12:33:45,732 [ERROR] ConditionMgr:805 - Attr not supported : Dmpu
2025-02-17 12:33:45,738 [ERROR] Engine:466 - /home/engineering/.stm32cubemx/thirdparties/pdsc/STMicroelectronics.X-CUBE-TCPP.4.2.0.pdsc: PDSC version is not supported
2025-02-17 12:33:45,741 [WARN] PackLoader:240 - Cannot read IP mode file for RealThread.X-CUBE-RT-Thread_Nano.4.1.1
2025-02-17 12:33:45,750 [WARN] PackLoader:240 - Cannot read IP mode file for STMicroelectronics.FP-ATR-SIGFOX1.3.2.0
2025-02-17 12:33:45,753 [WARN] ConditionMgr:438 - getConditionDescription Invalid condition id : Cortex-A Device cause : null
2025-02-17 12:33:45,765 [WARN] ConditionMgr:1039 - genDependencies : Invalid condition id : Cortex-A Device cause : null
2025-02-17 12:33:45,765 [WARN] ConditionMgr:1039 - genDependencies : Invalid condition id : Cortex-A Device cause : null
2025-02-17 12:33:45,765 [WARN] ConditionMgr:1039 - genDependencies : Invalid condition id : Cortex-A Device cause : null
2025-02-17 12:33:45,770 [WARN] PackLoader:240 - Cannot read IP mode file for STMicroelectronics.X-CUBE-EEPRMA1.5.1.0
2025-02-17 12:33:45,775 [WARN] PackLoader:240 - Cannot read IP mode file for wolfSSL.I-CUBE-wolfSSL.5.7.4
2025-02-17 12:33:45,791 [WARN] PackLoader:240 - Cannot read IP mode file for ITTIA_DB.I-CUBE-ITTIADB.8.9.0
2025-02-17 12:33:45,848 [WARN] PackLoader:240 - Cannot read IP mode file for SEGGER.I-CUBE-embOS.1.3.1
2025-02-17 12:33:45,924 [WARN] PackLoader:240 - Cannot read IP mode file for STMicroelectronics.X-CUBE-ALGOBUILD.1.4.0
2025-02-17 12:33:45,926 [WARN] PackLoader:240 - Cannot read IP mode file for STMicroelectronics.X-CUBE-AI.9.1.0
2025-02-17 12:33:45,946 [WARN] PackLoader:240 - Cannot read IP mode file for STMicroelectronics.X-CUBE-AZRTOS-F4.1.1.0
2025-02-17 12:33:45,952 [WARN] PackLoader:240 - Cannot read IP mode file for STMicroelectronics.X-CUBE-ISPU.2.1.0
2025-02-17 12:33:45,956 [WARN] PackLoader:240 - Cannot read IP mode file for STMicroelectronics.X-CUBE-FREERTOS.1.2.0
2025-02-17 12:33:46,002 [WARN] PackLoader:240 - Cannot read IP mode file for STMicroelectronics.X-CUBE-AZRTOS-L5.2.0.0
2025-02-17 12:33:46,009 [WARN] PackLoader:240 - Cannot read IP mode file for STMicroelectronics.X-CUBE-NFC6.3.1.0
2025-02-17 12:33:46,021 [WARN] PackLoader:240 - Cannot read IP mode file for STMicroelectronics.X-CUBE-DPower.1.2.0
2025-02-17 12:33:46,028 [WARN] PackLoader:240 - Cannot read IP mode file for STMicroelectronics.X-CUBE-FREERTOS.1.3.0
2025-02-17 12:33:46,033 [WARN] PackLoader:240 - Cannot read IP mode file for STMicroelectronics.X-CUBE-NFC7.1.0.1
2025-02-17 12:33:46,055 [WARN] ConditionMgr:438 - getConditionDescription Invalid condition id : LAN8742 Phy interface Condition cause : null
2025-02-17 12:33:46,056 [WARN] PackLoader:240 - Cannot read IP mode file for STMicroelectronics.X-CUBE-AZRTOS-L4.2.0.0
2025-02-17 12:33:46,056 [WARN] ConditionMgr:1039 - genDependencies : Invalid condition id : LAN8742 Phy interface Condition cause : null
2025-02-17 12:33:46,057 [WARN] ConditionMgr:1039 - genDependencies : Invalid condition id : LAN8742 Phy interface Condition cause : null
2025-02-17 12:33:46,057 [WARN] ConditionMgr:1039 - genDependencies : Invalid condition id : LAN8742 Phy interface Condition cause : null
2025-02-17 12:33:46,061 [WARN] PackLoader:240 - Cannot read IP mode file for STMicroelectronics.X-CUBE-SFXS2LP1.4.0.0
2025-02-17 12:33:46,080 [WARN] PackLoader:240 - Cannot read IP mode file for STMicroelectronics.X-CUBE-AZRTOS-H7.3.3.0
2025-02-17 12:33:46,088 [WARN] PackLoader:240 - Cannot read IP mode file for STMicroelectronics.X-CUBE-IPS.3.0.0
2025-02-17 12:33:46,101 [WARN] ConditionMgr:438 - getConditionDescription Invalid condition id : UX DEVICE CLASS RTOS Condition cause : null
2025-02-17 12:33:46,102 [WARN] ConditionMgr:438 - getConditionDescription Invalid condition id : UX DEVICE CLASS RTOS Condition cause : null
2025-02-17 12:33:46,103 [WARN] PackLoader:240 - Cannot read IP mode file for STMicroelectronics.X-CUBE-AZRTOS-WB.2.0.0
2025-02-17 12:33:46,103 [WARN] ConditionMgr:1039 - genDependencies : Invalid condition id : UX DEVICE CLASS RTOS Condition cause : null
2025-02-17 12:33:46,103 [WARN] ConditionMgr:1039 - genDependencies : Invalid condition id : UX DEVICE CLASS RTOS Condition cause : null
2025-02-17 12:33:46,103 [WARN] ConditionMgr:1039 - genDependencies : Invalid condition id : UX DEVICE CLASS RTOS Condition cause : null
2025-02-17 12:33:46,103 [WARN] ConditionMgr:1039 - genDependencies : Invalid condition id : UX DEVICE CLASS RTOS Condition cause : null
2025-02-17 12:33:46,103 [WARN] ConditionMgr:1039 - genDependencies : Invalid condition id : UX DEVICE CLASS RTOS Condition cause : null
2025-02-17 12:33:46,117 [WARN] PackLoader:240 - Cannot read IP mode file for STMicroelectronics.X-CUBE-GNSS1.7.0.0
2025-02-17 12:33:46,122 [WARN] PackLoader:240 - Cannot read IP mode file for STMicroelectronics.X-CUBE-GNSS1.7.0.1
2025-02-17 12:33:46,128 [WARN] PackLoader:240 - Cannot read IP mode file for STMicroelectronics.FP-SNS-STBOX1.2.0.0
2025-02-17 12:33:46,140 [WARN] PackLoader:240 - Cannot read IP mode file for STMicroelectronics.X-CUBE-SUBG2.5.0.0
2025-02-17 12:33:46,147 [WARN] PackLoader:240 - Cannot read IP mode file for Cesanta.I-CUBE-Mongoose.7.13.0
2025-02-17 12:33:46,169 [WARN] PackLoader:240 - Cannot read IP mode file for STMicroelectronics.X-CUBE-AZRTOS-G4.2.0.0
2025-02-17 12:33:46,176 [ERROR] Engine:466 - /home/engineering/.stm32cubemx/thirdparties/pdsc/STMicroelectronics.X-CUBE-IPS.3.1.0.pdsc: PDSC version is not supported
2025-02-17 12:33:46,177 [WARN] PackLoader:240 - Cannot read IP mode file for STMicroelectronics.X-CUBE-ALS.1.0.2
2025-02-17 12:33:46,181 [WARN] PackLoader:240 - Cannot read IP mode file for STMicroelectronics.X-CUBE-TOUCHGFX.4.24.2
2025-02-17 12:33:46,182 [WARN] PackLoader:240 - Cannot read IP mode file for STMicroelectronics.X-CUBE-TOUCHGFX.4.24.1
2025-02-17 12:33:46,185 [WARN] PackLoader:240 - Cannot read IP mode file for wolfSSL.I-CUBE-wolfTPM.3.4.0
2025-02-17 12:33:46,186 [WARN] PackLoader:240 - Cannot read IP mode file for portGmbH.I-Cube-SoM-uGOAL.1.1.0
2025-02-17 12:33:46,195 [WARN] PackLoader:240 - Cannot read IP mode file for STMicroelectronics.X-CUBE-AZRTOS-H7RS.1.0.0
2025-02-17 12:33:46,203 [WARN] PackLoader:240 - Cannot read IP mode file for STMicroelectronics.X-CUBE-TOF1.3.4.2
2025-02-17 12:33:46,225 [WARN] PackLoader:240 - Cannot read IP mode file for Infineon.AIROC-Wi-Fi-Bluetooth-STM32.1.6.1
2025-02-17 12:33:46,234 [WARN] PackLoader:240 - Cannot read IP mode file for wolfSSL.I-CUBE-wolfSSH.1.4.17
2025-02-17 12:33:46,234 [INFO] ThirdParty:978 - Integrity check success = true
2025-02-17 12:33:46,235 [INFO] IntegrityCheckThread:100 - exiting critical section [integrity check]
2025-02-17 12:33:46,235 [INFO] IntegrityCheckThread:103 - End integrity checks thread
2025-02-17 15:35:38,358 [INFO] WebApp:189 - Connection lost
2025-02-17 15:35:46,261 [INFO] WebApp:186 - Connection restablished
2025-02-17 15:42:12,619 [INFO] WebApp:189 - Connection lost
2025-02-17 15:42:20,082 [INFO] WebApp:186 - Connection restablished
2025-02-17 15:42:21,942 [INFO] WebApp:189 - Connection lost
2025-02-17 15:42:22,037 [INFO] WebApp:186 - Connection restablished
2025-02-17 21:44:27,503 [INFO] Activator:176 - 


2025-02-17 21:44:27,504 [INFO] Activator:177 - !SESSION log4j initialized
2025-02-17 21:44:29,662 [INFO] LogOutputStream:77 - [STDOUT_REDIRECT] 
2025-02-17 21:44:30,545 [INFO] ApplicationProperties:184 - Using Application install path: /home/engineering/st/stm32cubeide_1.16.1/plugins/com.st.stm32cube.common.mx_6.12.1.202409122256
2025-02-17 21:44:30,566 [INFO] DbMcusXml:78 - Set database path to: /home/engineering/st/stm32cubeide_1.16.1/plugins/com.st.stm32cube.common.mx_6.12.1.202409122256//db//mcu/
2025-02-17 21:44:30,567 [INFO] ApiDb:274 - Set plugin database path to: /home/engineering/st/stm32cubeide_1.16.1/plugins/com.st.stm32cube.common.mx_6.12.1.202409122256//db//plugins/boardmanager/
2025-02-17 21:44:30,567 [WARN] ApiDb:259 - Overriding images path with different value:  => /home/engineering/st/stm32cubeide_1.16.1/plugins/com.st.stm32cube.common.mx_6.12.1.202409122256//db//plugins/mcufinder/images/
2025-02-17 21:44:30,570 [INFO] ApiDb:250 - Set database path to: /home/engineering/.stmcufinder/plugins/mcufinder//mcu/
2025-02-17 21:44:30,571 [INFO] DbMcusAds:125 - Set database path to: /home/engineering/.stmcufinder/plugins/mcufinder//mcu/
2025-02-17 21:44:30,573 [INFO] CrossReferenceDbSqlite:203 - Set database path to: /home/engineering/.stmcufinder/plugins/mcufinder//mcu/cs/
2025-02-17 21:44:30,669 [INFO] RulesReader:64 - Compatibility file has been processed (297 Rules)
2025-02-17 21:44:30,714 [INFO] DbMcusXml:78 - Set database path to: /home/engineering/st/stm32cubeide_1.16.1/plugins/com.st.stm32cube.common.mx_6.12.1.202409122256//db//mcu/
2025-02-17 21:44:30,715 [INFO] ApiDb:274 - Set plugin database path to: /home/engineering/st/stm32cubeide_1.16.1/plugins/com.st.stm32cube.common.mx_6.12.1.202409122256//db//plugins/boardmanager/
2025-02-17 21:44:30,715 [INFO] ApiDb:261 - Set plugin images path to: /home/engineering/st/stm32cubeide_1.16.1/plugins/com.st.stm32cube.common.mx_6.12.1.202409122256//db//plugins/mcufinder/images/
2025-02-17 21:44:30,715 [WARN] DbFile:41 - Overriding database path with different value: /home/engineering/.stmcufinder/plugins/mcufinder/ => /home/engineering/.stmcufinder/plugins/mcufinder
2025-02-17 21:44:30,715 [INFO] ApiDb:250 - Set database path to: /home/engineering/.stmcufinder/plugins/mcufinder//mcu/
2025-02-17 21:44:30,715 [WARN] DbFile:41 - Overriding database path with different value: /home/engineering/.stmcufinder/plugins/mcufinder/ => /home/engineering/.stmcufinder/plugins/mcufinder
2025-02-17 21:44:30,715 [INFO] DbMcusAds:125 - Set database path to: /home/engineering/.stmcufinder/plugins/mcufinder//mcu/
2025-02-17 21:44:30,715 [WARN] DbFile:41 - Overriding database path with different value: /home/engineering/.stmcufinder/plugins/mcufinder/ => /home/engineering/.stmcufinder/plugins/mcufinder
2025-02-17 21:44:30,715 [WARN] DbFile:41 - Overriding database path with different value: /home/engineering/.stmcufinder/plugins/mcufinder/ => /home/engineering/.stmcufinder/plugins/mcufinder
2025-02-17 21:44:30,715 [INFO] CrossReferenceDbSqlite:203 - Set database path to: /home/engineering/.stmcufinder/plugins/mcufinder//mcu/cs/
2025-02-17 21:44:30,769 [INFO] MainPanel:268 - HeapMemory: 268435456
2025-02-17 21:44:30,862 [INFO] DbMcusXml:78 - Set database path to: /home/engineering/st/stm32cubeide_1.16.1/plugins/com.st.stm32cube.common.mx_6.12.1.202409122256//db//mcu/
2025-02-17 21:44:30,863 [INFO] ApiDb:274 - Set plugin database path to: /home/engineering/st/stm32cubeide_1.16.1/plugins/com.st.stm32cube.common.mx_6.12.1.202409122256//db//plugins/boardmanager/
2025-02-17 21:44:30,863 [INFO] ApiDb:261 - Set plugin images path to: /home/engineering/st/stm32cubeide_1.16.1/plugins/com.st.stm32cube.common.mx_6.12.1.202409122256//db//plugins/mcufinder/images/
2025-02-17 21:44:30,863 [WARN] DbFile:41 - Overriding database path with different value: /home/engineering/.stmcufinder/plugins/mcufinder/ => /home/engineering/.stmcufinder/plugins/mcufinder
2025-02-17 21:44:30,863 [INFO] ApiDb:250 - Set database path to: /home/engineering/.stmcufinder/plugins/mcufinder//mcu/
2025-02-17 21:44:30,863 [WARN] DbFile:41 - Overriding database path with different value: /home/engineering/.stmcufinder/plugins/mcufinder/ => /home/engineering/.stmcufinder/plugins/mcufinder
2025-02-17 21:44:30,863 [INFO] DbMcusAds:125 - Set database path to: /home/engineering/.stmcufinder/plugins/mcufinder//mcu/
2025-02-17 21:44:30,863 [WARN] DbFile:41 - Overriding database path with different value: /home/engineering/.stmcufinder/plugins/mcufinder/ => /home/engineering/.stmcufinder/plugins/mcufinder
2025-02-17 21:44:30,864 [WARN] DbFile:41 - Overriding database path with different value: /home/engineering/.stmcufinder/plugins/mcufinder/ => /home/engineering/.stmcufinder/plugins/mcufinder
2025-02-17 21:44:30,864 [INFO] CrossReferenceDbSqlite:203 - Set database path to: /home/engineering/.stmcufinder/plugins/mcufinder//mcu/cs/
2025-02-17 21:44:30,876 [INFO] ApplicationProperties:184 - Using Application install path: /home/engineering/st/stm32cubeide_1.16.1/plugins/com.st.stm32cube.common.mx_6.12.1.202409122256
2025-02-17 21:44:30,877 [INFO] PluginManage:196 - Search for loadable plugins [exclusion list=, ]
2025-02-17 21:44:30,878 [INFO] PluginManage:310 - Check plugin analytics
2025-02-17 21:44:31,011 [INFO] AnalyticsPlugin:253 - Accepted Software Licenses: 
2025-02-17 21:44:31,012 [INFO] AnalyticsPlugin:255 - Accepted CMSIS Pack Licenses: 
2025-02-17 21:44:31,012 [INFO] AnalyticsPlugin:257 - Accepted Firmware Licenses: FW.F4.1.28.0
2025-02-17 21:44:31,012 [INFO] PluginManage:359 - Loaded plugin analytics (category:tool,tabindex:-1)
2025-02-17 21:44:31,012 [INFO] PluginManage:310 - Check plugin cadmodel
2025-02-17 21:44:31,016 [INFO] CADModel:105 - Init CAD model plugin
2025-02-17 21:44:31,016 [INFO] PluginManage:359 - Loaded plugin cadmodel (category:power,tabindex:5)
2025-02-17 21:44:31,016 [INFO] PluginManage:310 - Check plugin clock
2025-02-17 21:44:31,022 [INFO] PluginManage:359 - Loaded plugin clock (category:base,tabindex:2)
2025-02-17 21:44:31,022 [INFO] PluginManage:310 - Check plugin ddr
2025-02-17 21:44:31,023 [INFO] PluginManage:359 - Loaded plugin ddr (category:tool,tabindex:6)
2025-02-17 21:44:31,024 [INFO] PluginManage:310 - Check plugin filemanager
2025-02-17 21:44:31,149 [INFO] PluginManage:359 - Loaded plugin filemanager (category:base,tabindex:10)
2025-02-17 21:44:31,149 [INFO] PluginManage:310 - Check plugin ipmanager
2025-02-17 21:44:31,153 [INFO] PluginManage:359 - Loaded plugin ipmanager (category:base,tabindex:5)
2025-02-17 21:44:31,154 [INFO] PluginManage:310 - Check plugin lpbam
2025-02-17 21:44:31,161 [INFO] PluginManage:359 - Loaded plugin lpbam (category:base,tabindex:0)
2025-02-17 21:44:31,161 [INFO] PluginManage:310 - Check plugin memorymap
2025-02-17 21:44:31,170 [INFO] PluginManage:359 - Loaded plugin memorymap (category:base,tabindex:4)
2025-02-17 21:44:31,171 [INFO] PluginManage:310 - Check plugin pinoutandconfiguration
2025-02-17 21:44:31,176 [INFO] PluginManage:359 - Loaded plugin pinoutandconfiguration (category:base,tabindex:1)
2025-02-17 21:44:31,177 [INFO] PluginManage:310 - Check plugin pinoutconfig
2025-02-17 21:44:31,251 [WARN] SupportedApi:132 - Cannot load RTOS API schema: s4s-elt-must-match.1: The content of 'definitions' must match (annotation?, (simpleType | complexType)?, (unique | key | keyref)*)). A problem was found starting at: attribute.
2025-02-17 21:44:31,361 [INFO] PluginManage:359 - Loaded plugin pinoutconfig (category:base,tabindex:0)
2025-02-17 21:44:31,361 [INFO] PluginManage:310 - Check plugin power
2025-02-17 21:44:31,370 [INFO] PluginManage:359 - Loaded plugin power (category:power,tabindex:4)
2025-02-17 21:44:31,370 [INFO] PluginManage:310 - Check plugin projectmanager
2025-02-17 21:44:31,384 [INFO] PluginManage:359 - Loaded plugin projectmanager (category:projectmanager,tabindex:4)
2025-02-17 21:44:31,384 [INFO] PluginManage:310 - Check plugin rif
2025-02-17 21:44:31,388 [INFO] PluginManage:359 - Loaded plugin rif (category:base,tabindex:3)
2025-02-17 21:44:31,388 [INFO] PluginManage:310 - Check plugin thirdparty
2025-02-17 21:44:31,484 [WARN] IntegrityCheckThread:84 - waiting for thirdparty lock release [integrity check]
2025-02-17 21:44:31,484 [INFO] IntegrityCheckThread:86 - entering critical section [integrity check]
2025-02-17 21:44:31,484 [INFO] ThirdPartyUpdaterWithRetryManager:70 - Updater plugin not ready yet. [1/15]
2025-02-17 21:44:31,485 [INFO] PluginManage:359 - Loaded plugin thirdparty (category:base,tabindex:-1)
2025-02-17 21:44:31,485 [INFO] PluginManage:310 - Check plugin tools
2025-02-17 21:44:31,487 [INFO] PluginManage:359 - Loaded plugin tools (category:base,tabindex:7)
2025-02-17 21:44:31,487 [INFO] PluginManage:310 - Check plugin tutovideos
2025-02-17 21:44:31,622 [INFO] PluginManage:359 - Loaded plugin tutovideos (category:base,tabindex:-1)
2025-02-17 21:44:31,622 [INFO] PluginManage:310 - Check plugin updater
2025-02-17 21:44:31,640 [INFO] PluginManage:359 - Loaded plugin updater (category:base,tabindex:12)
2025-02-17 21:44:31,640 [INFO] PluginManage:310 - Check plugin userauth
2025-02-17 21:44:31,646 [INFO] UserAuth:113 - Init User Auth plugin
2025-02-17 21:44:31,646 [INFO] PluginManage:359 - Loaded plugin userauth (category:base,tabindex:14)
2025-02-17 21:44:31,646 [INFO] PluginManage:283 - PluginManage : Loaded plugins [18]
2025-02-17 21:44:31,800 [INFO] PinOutPanel:1561 - setPackage(No Configuration,No Configuration)
2025-02-17 21:44:31,866 [INFO] CADModel:165 - CPN selected for project level
2025-02-17 21:44:31,866 [INFO] CADModel:114 - Register for checkConnection events
2025-02-17 21:44:31,873 [INFO] IPUIPlugin:80 - create IPUIPlugin
2025-02-17 21:44:31,874 [INFO] PluginManager:220 - loadIPPluginJar : add radio
2025-02-17 21:44:31,875 [INFO] IPUIPlugin:80 - create IPUIPlugin
2025-02-17 21:44:31,875 [INFO] PluginManager:220 - loadIPPluginJar : add genericplugin
2025-02-17 21:44:31,876 [INFO] IPUIPlugin:80 - create IPUIPlugin
2025-02-17 21:44:31,877 [INFO] PluginManager:220 - loadIPPluginJar : add fatfs
2025-02-17 21:44:31,880 [INFO] IPUIPlugin:80 - create IPUIPlugin
2025-02-17 21:44:31,880 [INFO] PluginManager:220 - loadIPPluginJar : add usart
2025-02-17 21:44:31,882 [INFO] IPUIPlugin:80 - create IPUIPlugin
2025-02-17 21:44:31,882 [INFO] PluginManager:220 - loadIPPluginJar : add i2c
2025-02-17 21:44:31,884 [INFO] IPUIPlugin:80 - create IPUIPlugin
2025-02-17 21:44:31,884 [INFO] PluginManager:220 - loadIPPluginJar : add hash
2025-02-17 21:44:31,891 [INFO] IPUIPlugin:80 - create IPUIPlugin
2025-02-17 21:44:31,891 [INFO] PluginManager:220 - loadIPPluginJar : add linkedlist
2025-02-17 21:44:31,892 [INFO] IPUIPlugin:80 - create IPUIPlugin
2025-02-17 21:44:31,893 [INFO] PluginManager:220 - loadIPPluginJar : add lorawan
2025-02-17 21:44:31,894 [INFO] IPUIPlugin:80 - create IPUIPlugin
2025-02-17 21:44:31,894 [INFO] PluginManager:220 - loadIPPluginJar : add aes
2025-02-17 21:44:31,900 [INFO] IPUIPlugin:80 - create IPUIPlugin
2025-02-17 21:44:31,900 [INFO] PluginManager:220 - loadIPPluginJar : add dma
2025-02-17 21:44:31,902 [INFO] IPUIPlugin:80 - create IPUIPlugin
2025-02-17 21:44:31,902 [INFO] PluginManager:220 - loadIPPluginJar : add spi
2025-02-17 21:44:31,907 [INFO] IPUIPlugin:80 - create IPUIPlugin
2025-02-17 21:44:31,908 [INFO] PluginManager:220 - loadIPPluginJar : add adc
2025-02-17 21:44:31,908 [INFO] IPUIPlugin:80 - create IPUIPlugin
2025-02-17 21:44:31,908 [INFO] PluginManager:220 - loadIPPluginJar : add quadspi
2025-02-17 21:44:31,911 [INFO] IPUIPlugin:80 - create IPUIPlugin
2025-02-17 21:44:31,912 [INFO] PluginManager:220 - loadIPPluginJar : add gpio
2025-02-17 21:44:31,914 [INFO] IPUIPlugin:80 - create IPUIPlugin
2025-02-17 21:44:31,914 [INFO] PluginManager:220 - loadIPPluginJar : add nvic
2025-02-17 21:44:31,916 [INFO] IPUIPlugin:80 - create IPUIPlugin
2025-02-17 21:44:31,916 [INFO] PluginManager:220 - loadIPPluginJar : add cryp
2025-02-17 21:44:31,918 [INFO] IPUIPlugin:80 - create IPUIPlugin
2025-02-17 21:44:31,918 [INFO] PluginManager:220 - loadIPPluginJar : add i3c
2025-02-17 21:44:31,921 [INFO] IPUIPlugin:80 - create IPUIPlugin
2025-02-17 21:44:31,921 [INFO] PluginManager:220 - loadIPPluginJar : add ipddr
2025-02-17 21:44:31,922 [INFO] IPUIPlugin:80 - create IPUIPlugin
2025-02-17 21:44:31,923 [INFO] PluginManager:220 - loadIPPluginJar : add dfsdm
2025-02-17 21:44:31,926 [INFO] IPUIPlugin:80 - create IPUIPlugin
2025-02-17 21:44:31,926 [INFO] PluginManager:220 - loadIPPluginJar : add fmc
2025-02-17 21:44:31,928 [INFO] IPUIPlugin:80 - create IPUIPlugin
2025-02-17 21:44:31,928 [INFO] PluginManager:220 - loadIPPluginJar : add ts
2025-02-17 21:44:31,929 [INFO] IPUIPlugin:80 - create IPUIPlugin
2025-02-17 21:44:31,929 [INFO] PluginManager:220 - loadIPPluginJar : add tracer_emb
2025-02-17 21:44:31,930 [INFO] IPUIPlugin:80 - create IPUIPlugin
2025-02-17 21:44:31,930 [INFO] PluginManager:220 - loadIPPluginJar : add comp
2025-02-17 21:44:31,932 [INFO] IPUIPlugin:80 - create IPUIPlugin
2025-02-17 21:44:31,933 [INFO] PluginManager:220 - loadIPPluginJar : add pdm2pcm
2025-02-17 21:44:31,933 [INFO] IPUIPlugin:80 - create IPUIPlugin
2025-02-17 21:44:31,934 [INFO] PluginManager:220 - loadIPPluginJar : add ltdc
2025-02-17 21:44:31,941 [INFO] IPUIPlugin:80 - create IPUIPlugin
2025-02-17 21:44:31,944 [INFO] PluginManager:220 - loadIPPluginJar : add plateformsettings
2025-02-17 21:44:31,946 [INFO] IPUIPlugin:80 - create IPUIPlugin
2025-02-17 21:44:31,946 [INFO] PluginManager:220 - loadIPPluginJar : add usbx
2025-02-17 21:44:31,952 [INFO] IPUIPlugin:80 - create IPUIPlugin
2025-02-17 21:44:31,952 [INFO] PluginManager:220 - loadIPPluginJar : add mdma
2025-02-17 21:44:31,954 [INFO] IPUIPlugin:80 - create IPUIPlugin
2025-02-17 21:44:31,954 [INFO] PluginManager:220 - loadIPPluginJar : add resmgrutility
2025-02-17 21:44:31,957 [INFO] IPUIPlugin:80 - create IPUIPlugin
2025-02-17 21:44:31,957 [INFO] PluginManager:220 - loadIPPluginJar : add touchsensing
2025-02-17 21:44:31,959 [INFO] IPUIPlugin:80 - create IPUIPlugin
2025-02-17 21:44:31,959 [INFO] PluginManager:220 - loadIPPluginJar : add ucpd
2025-02-17 21:44:31,961 [INFO] IPUIPlugin:80 - create IPUIPlugin
2025-02-17 21:44:31,961 [INFO] PluginManager:220 - loadIPPluginJar : add can
2025-02-17 21:44:31,962 [INFO] IPUIPlugin:80 - create IPUIPlugin
2025-02-17 21:44:31,963 [INFO] PluginManager:220 - loadIPPluginJar : add gfxmmu
2025-02-17 21:44:31,964 [INFO] IPUIPlugin:80 - create IPUIPlugin
2025-02-17 21:44:31,964 [INFO] PluginManager:220 - loadIPPluginJar : add gtzc
2025-02-17 21:44:31,968 [INFO] IPUIPlugin:80 - create IPUIPlugin
2025-02-17 21:44:31,968 [INFO] PluginManager:220 - loadIPPluginJar : add stm32_wpan
2025-02-17 21:44:31,970 [INFO] IPUIPlugin:80 - create IPUIPlugin
2025-02-17 21:44:31,970 [INFO] PluginManager:220 - loadIPPluginJar : add tim
2025-02-17 21:44:31,974 [INFO] IPUIPlugin:80 - create IPUIPlugin
2025-02-17 21:44:31,974 [INFO] PluginManager:220 - loadIPPluginJar : add gic
2025-02-17 21:44:31,978 [INFO] IPUIPlugin:80 - create IPUIPlugin
2025-02-17 21:44:31,978 [INFO] PluginManager:220 - loadIPPluginJar : add openamp
2025-02-17 21:44:31,979 [INFO] IPUIPlugin:80 - create IPUIPlugin
2025-02-17 21:44:31,979 [INFO] PluginManager:220 - loadIPPluginJar : add tsc
2025-02-17 21:44:31,981 [INFO] IPUIPlugin:80 - create IPUIPlugin
2025-02-17 21:44:31,981 [INFO] PluginManager:220 - loadIPPluginJar : add sai
2025-02-17 21:44:31,984 [INFO] IPUIPlugin:80 - create IPUIPlugin
2025-02-17 21:44:31,984 [INFO] PluginManager:220 - loadIPPluginJar : add i2s
2025-02-17 21:44:31,988 [INFO] IPUIPlugin:80 - create IPUIPlugin
2025-02-17 21:44:31,988 [INFO] PluginManager:220 - loadIPPluginJar : add freertos
2025-02-17 21:44:31,991 [INFO] IPUIPlugin:80 - create IPUIPlugin
2025-02-17 21:44:31,991 [INFO] PluginManager:220 - loadIPPluginJar : add extmemmanager
2025-02-17 21:44:31,993 [INFO] IPUIPlugin:80 - create IPUIPlugin
2025-02-17 21:44:31,993 [INFO] PluginManager:220 - loadIPPluginJar : add ddr_ctrl_phy
2025-02-17 21:44:31,994 [INFO] IPUIPlugin:80 - create IPUIPlugin
2025-02-17 21:44:31,994 [INFO] PluginManager:220 - loadIPPluginJar : add dma3
2025-02-17 21:44:31,996 [INFO] IPUIPlugin:80 - create IPUIPlugin
2025-02-17 21:44:31,996 [INFO] PluginManager:220 - loadIPPluginJar : add opamp
2025-02-17 21:44:32,095 [INFO] CADModel:165 - CPN selected for project level
2025-02-17 21:44:32,099 [INFO] CADModel:114 - Register for checkConnection events
2025-02-17 21:44:32,099 [FATAL] Updater:334 - Updater called before beeing initialized
2025-02-17 21:44:32,100 [ERROR] CADModel:125 - Updater not yet initialized, retry later 
2025-02-17 21:44:32,223 [INFO] CADModel:165 - CPN selected for project level
2025-02-17 21:44:32,223 [INFO] CADModel:114 - Register for checkConnection events
2025-02-17 21:44:32,224 [FATAL] Updater:334 - Updater called before beeing initialized
2025-02-17 21:44:32,224 [ERROR] CADModel:125 - Updater not yet initialized, retry later 
2025-02-17 21:44:32,228 [FATAL] Updater:334 - Updater called before beeing initialized
2025-02-17 21:44:32,294 [FATAL] Updater:334 - Updater called before beeing initialized
2025-02-17 21:44:32,303 [INFO] DbMcusAds:53 - JSON generation date=Tue Dec 17 08:01:15 PST 2024 (1734451275111)
2025-02-17 21:44:32,303 [FATAL] Updater:334 - Updater called before beeing initialized
2025-02-17 21:44:32,337 [WARN] DetailPanel:346 - Failed to get advertising image, set to default
2025-02-17 21:44:32,416 [FATAL] Updater:334 - Updater called before beeing initialized
2025-02-17 21:44:32,417 [FATAL] Updater:334 - Updater called before beeing initialized
2025-02-17 21:44:32,418 [FATAL] Updater:334 - Updater called before beeing initialized
2025-02-17 21:44:32,418 [WARN] DetailPanel:346 - Failed to get advertising image, set to default
2025-02-17 21:44:32,418 [FATAL] Updater:334 - Updater called before beeing initialized
2025-02-17 21:44:32,449 [ERROR] Updater:1164 - MainUpdater not yet initialized. External WinMGr cannot be set.
2025-02-17 21:44:32,450 [INFO] Updater:1100 - Updater Version found : 6.12.1
2025-02-17 21:44:32,466 [INFO] ApplicationProperties:184 - Using Application install path: /home/engineering/st/stm32cubeide_1.16.1/plugins/com.st.stm32cube.common.mx_6.12.1.202409122256
2025-02-17 21:44:32,692 [INFO] MainUpdater:2873 - connection check result : 10
2025-02-17 21:44:32,694 [INFO] MainUpdater:290 - Updater Check For Update Now.
2025-02-17 21:44:32,694 [INFO] MicroXplorer:498 - Change Database Version : DB.6.0.121
2025-02-17 21:44:32,698 [INFO] McuFinderGlobals:63 - Set McuFinder mode to 2 (CubeIDE integrated)
2025-02-17 21:44:32,698 [INFO] UserAuth:417 - Internet connection configuration mode: 1
2025-02-17 21:44:32,727 [INFO] JxBrowserEngine:152 - Initiate JxBrowser Engine with user profile folder
2025-02-17 21:44:32,873 [INFO] CheckServerUpdateThread:120 - End of CheckServer Thread
2025-02-17 21:44:33,318 [INFO] WebApp:167 - Instantiating new browser for Auth
2025-02-17 21:44:33,937 [INFO] WebApp:448 - Apply proxy settings
2025-02-17 21:44:33,938 [INFO] WebApp:533 - Chromium requires no authentication
2025-02-17 21:44:33,945 [INFO] WebApp:476 - Direct internet connection detected
2025-02-17 21:44:33,963 [INFO] WebApp:869 - Register for checkConnection events
2025-02-17 21:44:33,964 [INFO] WebApp:448 - Apply proxy settings
2025-02-17 21:44:33,964 [INFO] WebApp:533 - Chromium requires no authentication
2025-02-17 21:44:33,964 [INFO] WebApp:476 - Direct internet connection detected
2025-02-17 21:44:34,075 [INFO] WebApp:220 - Starting web application
2025-02-17 21:44:34,075 [INFO] WebApp:578 - Web application path used /home/engineering/st/stm32cubeide_1.16.1/plugins/com.st.stm32cube.common.mx_6.12.1.202409122256/db/plugins/mcufinder/reactClient1/index.html
2025-02-17 21:44:34,186 [INFO] UserAuth:417 - Internet connection configuration mode: 1
2025-02-17 21:44:34,273 [INFO] WebApp:186 - Connection restablished
2025-02-17 21:44:34,608 [INFO] McuFinderGlobals:63 - Set McuFinder mode to 2 (CubeIDE integrated)
2025-02-17 21:44:34,613 [INFO] MainUpdater:2873 - connection check result : 10
2025-02-17 21:44:34,642 [WARN] PackLoader:240 - Cannot read IP mode file for STMicroelectronics.FP-SNS-MOTENVWB1.1.4.0
2025-02-17 21:44:34,671 [WARN] PackLoader:240 - Cannot read IP mode file for STMicroelectronics.FP-ATR-ASTRA1.2.0.1
2025-02-17 21:44:34,692 [WARN] PackLoader:240 - Cannot read IP mode file for STMicroelectronics.X-CUBE-SMBUS.2.1.0
2025-02-17 21:44:34,712 [WARN] PackLoader:240 - Cannot read IP mode file for STMicroelectronics.X-CUBE-WB05N.1.1.0
2025-02-17 21:44:34,777 [WARN] PackLoader:240 - Cannot read IP mode file for STMicroelectronics.X-CUBE-AZRTOS-F7.1.1.0
2025-02-17 21:44:34,953 [WARN] PackLoader:240 - Cannot read IP mode file for STMicroelectronics.X-CUBE-MEMS1.11.0.0
2025-02-17 21:44:35,134 [INFO] ApiDb:581 - Connected to CubeFinder SQLite database (/home/engineering/.stmcufinder/plugins/mcufinder/mcu/cube-finder-db.db)
2025-02-17 21:44:35,196 [INFO] ApiDb:668 - CubeFinder database Data Model version=2.1
2025-02-17 21:44:35,196 [INFO] ApiDb:669 - CubeFinder database Configuration version=3.0.39
2025-02-17 21:44:35,196 [INFO] ApiDb:670 - CubeFinder database generation date=2025-02-07 (1738919966)
2025-02-17 21:44:35,196 [INFO] ApiDb:671 - CubeFinder database FW Pack versions=[FP-ATR-ASTRA1_V2.0.0, FP-SNS-FLIGHT1_V5.0.2, FP-SNS-MOTENV1_V5.0.0, FP-SNS-MOTENVWB1_V1.4.0, FP-SNS-SMARTAG2_V1.2.0, FP-SNS-STBOX1_V2.0.0, STM32Cube_FW_C0_V1.3.0, STM32Cube_FW_F4_V1.28.1, STM32Cube_FW_F7_V1.17.2, STM32Cube_FW_G0_V1.6.2, STM32Cube_FW_G4_V1.6.1, STM32Cube_FW_H5_V1.4.0, STM32Cube_FW_H7RS_V1.1.0, STM32Cube_FW_H7_V1.12.0, STM32Cube_FW_L0_V1.12.2, STM32Cube_FW_L4_V1.18.1, STM32Cube_FW_L5_V1.5.1, STM32Cube_FW_N6_V1.0.0, STM32Cube_FW_U0_V1.2.0, STM32Cube_FW_U3_V1.0.0, STM32Cube_FW_U5_V1.7.0, STM32Cube_FW_WB0_V1.1.0, STM32Cube_FW_WBA_V1.5.0, STM32Cube_FW_WB_V1.21.0, STM32Cube_FW_WL3_V1.0.0, STM32Cube_FW_WL_V1.3.0, X-CUBE-ALGOBUILD_V1.4.0, X-CUBE-ALS_V1.0.2, X-CUBE-AZRTOS-F4_V1.1.0, X-CUBE-AZRTOS-F7_V1.1.0, X-CUBE-AZRTOS-G0_V1.1.0, X-CUBE-AZRTOS-G4_V2.0.0, X-CUBE-AZRTOS-H7RS_V1.0.0, X-CUBE-AZRTOS-H7_V3.3.0, X-CUBE-AZRTOS-L4_V2.0.0, X-CUBE-AZRTOS-L5_V2.0.0, X-CUBE-AZRTOS-WB_V2.0.0, X-CUBE-AZRTOS-WL_V2.0.0, X-CUBE-BLE1_V7.0.0, X-CUBE-BLE2_V3.3.0, X-CUBE-BLEMGR_V4.0.0, X-CUBE-EEPRMA1_V5.1.0, X-CUBE-FREERTOS_V1.2.0, X-CUBE-GNSS1_V6.0.0, X-CUBE-MEMS1_V11.1.0, X-CUBE-NFC4_V3.0.0, X-CUBE-NFC7_V1.0.1, X-CUBE-SFXS2LP1_V4.0.0, X-CUBE-SUBG2_V5.0.0, X-CUBE-TOF1_V3.4.2]
2025-02-17 21:44:35,207 [WARN] PackLoader:240 - Cannot read IP mode file for STMicroelectronics.FP-SNS-FLIGHT1.5.0.2
2025-02-17 21:44:35,218 [WARN] PackLoader:240 - Cannot read IP mode file for STMicroelectronics.X-CUBE-DISPLAY.3.0.0
2025-02-17 21:44:35,232 [WARN] PackLoader:240 - Cannot read IP mode file for STMicroelectronics.X-CUBE-BLE1.7.0.0
2025-02-17 21:44:35,240 [WARN] PackLoader:240 - Cannot read IP mode file for STMicroelectronics.X-CUBE-NFC10.1.0.0
2025-02-17 21:44:35,248 [INFO] DbBoardsSqlite:226 - include board P-NUCLEO-WB55-NUCLEO as a kit item of type 'Nucleo-64'
2025-02-17 21:44:35,249 [INFO] DbBoardsSqlite:226 - include board P-NUCLEO-WB55-USBDONGLE as a kit item of type 'Nucleo USB Dongle'
2025-02-17 21:44:35,249 [INFO] DbBoardsSqlite:226 - include board STEVAL-IDP005V1 as a kit item of type 'Evaluation Board'
2025-02-17 21:44:35,249 [INFO] DbBoardsSqlite:226 - include board STEVAL-IDP005V2 as a kit item of type 'Evaluation Board'
2025-02-17 21:44:35,257 [WARN] PackLoader:240 - Cannot read IP mode file for STMicroelectronics.X-CUBE-BLEMGR.4.0.0
2025-02-17 21:44:35,269 [WARN] PackLoader:240 - Cannot read IP mode file for emotas.I-CUBE-CANOPEN.1.3.0
2025-02-17 21:44:35,283 [WARN] PackLoader:240 - Cannot read IP mode file for STMicroelectronics.X-CUBE-BLEMGR.3.1.0
2025-02-17 21:44:35,293 [WARN] PackLoader:240 - Cannot read IP mode file for STMicroelectronics.X-CUBE-AI.10.0.0
2025-02-17 21:44:35,300 [WARN] PackLoader:240 - Cannot read IP mode file for STMicroelectronics.FP-SNS-SMARTAG2.1.2.0
2025-02-17 21:44:35,309 [INFO] ApiDb:240 - Found 646 in-development CPN: [B-G473E-ZEST1S, B-WB1M-WPAN1, B-WL5M-SUBG1, NUCLEO-C031C6, NUCLEO-C071RB, NUCLEO-H503RB, NUCLEO-H533RE, NUCLEO-H563ZI, NUCLEO-H7S3L8, NUCLEO-U031R8, NUCLEO-U083RC, NUCLEO-U545RE-Q, NUCLEO-U5A5ZJ-Q, NUCLEO-WB05KZ, NUCLEO-WB07CC, NUCLEO-WB09KE, NUCLEO-WBA52CG, NUCLEO-WBA55CG, STEVAL-PROTEUS1, STEVAL-SMARTAG2, STEVAL-STWINBX1, STM320518-EVAL, STM32C0116-DK, STM32C011D6Y3TR, STM32C011D6Y6TR, STM32C011F4P3, STM32C011F4P6, STM32C011F4U3, STM32C011F4U6TR, STM32C011F6P3, STM32C011F6P6, STM32C011F6U3, STM32C011F6U6TR, STM32C011J4M3, STM32C011J4M6, STM32C011J6M3, STM32C011J6M6, STM32C0316-DK, STM32C031C4T3, STM32C031C4T6, STM32C031C4U3, STM32C031C4U6, STM32C031C6T3, STM32C031C6T6, STM32C031C6U3, STM32C031C6U6, STM32C031F4P3, STM32C031F4P6, STM32C031F6P3, STM32C031F6P6, STM32C031G4U3, STM32C031G4U6, STM32C031G6U3, STM32C031G6U6, STM32C031K4T3, STM32C031K4T6, STM32C031K4U3, STM32C031K4U6, STM32C031K6T3, STM32C031K6T6, STM32C031K6U3, STM32C031K6U6, STM32C071C8T6, STM32C071C8T6N, STM32C071C8U6, STM32C071C8U6N, STM32C071CBT6, STM32C071CBT6N, STM32C071CBU6, STM32C071CBU6N, STM32C071F8P6, STM32C071F8P6N, STM32C071FBP6, STM32C071FBP6N, STM32C071FBY6TR, STM32C071G8U6, STM32C071G8U6N, STM32C071GBU6, STM32C071GBU6N, STM32C071K8T6, STM32C071K8T6N, STM32C071K8U6, STM32C071K8U6N, STM32C071KBT6, STM32C071KBT6N, STM32C071KBU6, STM32C071KBU6N, STM32C071R8T6, STM32C071R8T6N, STM32C071RBI6N, STM32C071RBT6, STM32C071RBT6N, STM32G071K8TXN, STM32G071K8UXN, STM32G081GBU6N, STM32G081KBT6N, STM32G081KBUXN, STM32G0B1CCT6N, STM32G0B1KCT6, STM32G0B1NEY6TR, STM32G0B1RCT6N, STM32G0C1CCT6, STM32G0C1CCT6N, STM32G0C1CCU6N, STM32G0C1CET6N, STM32G0C1CEU6N, STM32G0C1KCT6, STM32G0C1NEY6TR, STM32G0C1RCI6N, STM32G0C1RCT6N, STM32G0C1REI6N, STM32G0C1RET6N, STM32G0C1VCI6, STM32G0C1VEI6, STM32G411C6T3, STM32G411C6T6, STM32G411C6U3, STM32G411C6U6, STM32G411C8T3, STM32G411C8T6, STM32G411C8U3, STM32G411C8U6, STM32G411CBT3, STM32G411CBT6, STM32G411CBU3, STM32G411CBU6, STM32G411K6T3, STM32G411K6T6, STM32G411K6U3, STM32G411K6U6, STM32G411K8T3, STM32G411K8T6, STM32G411K8U3, STM32G411K8U6, STM32G411KBT3, STM32G411KBT6, STM32G411KBU3, STM32G411KBU6, STM32G411M6T3, STM32G411M6T6, STM32G411M8T3, STM32G411M8T6, STM32G411MBT3, STM32G411MBT6, STM32G411R6T3, STM32G411R6T6, STM32G411R8T3, STM32G411R8T6, STM32G411RBT3, STM32G411RBT6, STM32G414CBT3, STM32G414CBT6, STM32G414CBU3, STM32G414CBU6, STM32G414CCT3, STM32G414CCT6, STM32G414CCU3, STM32G414CCU6, STM32G414MBT3, STM32G414MBT6, STM32G414MCT3, STM32G414MCT6, STM32G414RBT3, STM32G414RBT6, STM32G414RCT3, STM32G414RCT6, STM32G414VBT3, STM32G414VBT6, STM32G414VCT3, STM32G414VCT6, STM32G431CBT3Z, STM32G431RBT3Z, STM32G471CCT6, STM32G471CCU6, STM32G471CET3, STM32G471CET6, STM32G471CEU3, STM32G471CEU6, STM32G471MCT6, STM32G471MET3, STM32G471MET6, STM32G471MEY6TR, STM32G471QCT6, STM32G471QET3, STM32G471RCT6, STM32G471RET3, STM32G471RET6, STM32G471VCH6, STM32G471VCI6, STM32G471VCT6, STM32G471VEH3, STM32G471VEH6, STM32G471VEI3, STM32G471VEI6, STM32G471VET3, STM32G471VET6, STM32G473QET3Z, STM32G473RET3Z, STM32G474CCT6, STM32G491RET3Z, STM32H503CBT6, STM32H503CBU6, STM32H503EBY6TR, STM32H503KBU6, STM32H503RBT6, STM32H523CCT6, STM32H523CCU6, STM32H523CET6, STM32H523CEU6, STM32H523HEY6TR, STM32H523RCT6, STM32H523RET6, STM32H523VCI6, STM32H523VCT6, STM32H523VEI6, STM32H523VET6, STM32H523ZCJ6, STM32H523ZCT6, STM32H523ZEJ6, STM32H523ZET6, STM32H533CET6, STM32H533CEU6, STM32H533HEY6TR, STM32H533RET6, STM32H533VEI6, STM32H533VET6, STM32H533ZEJ6, STM32H533ZET6, STM32H562AGI6, STM32H562AII6, STM32H562IGK6, STM32H562IGT6, STM32H562IIK6, STM32H562IIT6, STM32H562RGT6, STM32H562RGV6, STM32H562RIT6, STM32H562RIV6, STM32H562VGT6, STM32H562VIT6, STM32H562ZGT6, STM32H562ZIT6, STM32H563AGI6, STM32H563AII3Q, STM32H563AII6, STM32H563IGK6, STM32H563IGT6, STM32H563IIK3Q, STM32H563IIK6, STM32H563IIT3Q, STM32H563IIT6, STM32H563MIY3QTR, STM32H563RGT6, STM32H563RGV6, STM32H563RIT6, STM32H563RIV6, STM32H563VGT6, STM32H563VIT3Q, STM32H563VIT6, STM32H563ZGT6, STM32H563ZIT3Q, STM32H563ZIT6, STM32H573AII3Q, STM32H573AII6, STM32H573I-DK, STM32H573IIK3Q, STM32H573IIK6, STM32H573IIT3Q, STM32H573IIT6, STM32H573MIY3QTR, STM32H573RIT6, STM32H573RIV6, STM32H573VIT3Q, STM32H573VIT6, STM32H573ZIT3Q, STM32H573ZIT6, STM32H7R3A8I6, STM32H7R3I8K6, STM32H7R3I8T6, STM32H7R3L8H6, STM32H7R3L8H6H, STM32H7R3R8V6, STM32H7R3V8H6, STM32H7R3V8T6, STM32H7R3V8Y6TR, STM32H7R3Z8J6, STM32H7R3Z8T6, STM32H7R7A8I6, STM32H7R7I8K6, STM32H7R7I8T6, STM32H7R7L8H6, STM32H7R7L8H6H, STM32H7R7Z8J6, STM32H7S3A8I6, STM32H7S3I8K6, STM32H7S3I8T6, STM32H7S3L8H6, STM32H7S3L8H6H, STM32H7S3R8V6, STM32H7S3V8H6, STM32H7S3V8T6, STM32H7S3V8Y6TR, STM32H7S3Z8J6, STM32H7S3Z8T6, STM32H7S78-DK, STM32H7S7A8I6, STM32H7S7I8K6, STM32H7S7I8T6, STM32H7S7L8H6, STM32H7S7L8H6H, STM32H7S7Z8J6, STM32L4R5QGI6STR, STM32MP131AAE3, STM32MP131AAF3, STM32MP131AAG3, STM32MP131CAE3, STM32MP131CAF3, STM32MP131CAG3, STM32MP131DAE7, STM32MP131DAF7, STM32MP131DAG7, STM32MP131FAE7, STM32MP131FAF7, STM32MP131FAG7, STM32MP133AAE3, STM32MP133AAF3, STM32MP133AAG3, STM32MP133CAE3, STM32MP133CAF3, STM32MP133CAG3, STM32MP133DAE7, STM32MP133DAF7, STM32MP133DAG7, STM32MP133FAE7, STM32MP133FAF7, STM32MP133FAG7, STM32MP135AAE3, STM32MP135AAF3, STM32MP135AAG3, STM32MP135CAE3, STM32MP135CAF3, STM32MP135CAG3, STM32MP135DAE7, STM32MP135DAF7, STM32MP135DAG7, STM32MP135F-DK, STM32MP135FAE7, STM32MP135FAF7, STM32MP135FAF7T, STM32MP135FAF7U, STM32MP135FAG7, STM32MP251AAI3, STM32MP251AAK3, STM32MP251AAL3, STM32MP251CAI3, STM32MP251CAK3, STM32MP251CAL3, STM32MP251DAI3, STM32MP251DAK3, STM32MP251DAL3, STM32MP251FAI3, STM32MP251FAK3, STM32MP251FAL3, STM32MP253AAI3, STM32MP253AAK3, STM32MP253AAL3, STM32MP253CAI3, STM32MP253CAK3, STM32MP253CAL3, STM32MP253DAI3, STM32MP253DAK3, STM32MP253DAL3, STM32MP253FAI3, STM32MP253FAK3, STM32MP253FAL3, STM32MP255AAI3, STM32MP255AAK3, STM32MP255AAL3, STM32MP255CAI3, STM32MP255CAK3, STM32MP255CAL3, STM32MP255DAI3, STM32MP255DAK3, STM32MP255DAL3, STM32MP255FAI3, STM32MP255FAK3, STM32MP255FAL3, STM32MP257AAI3, STM32MP257AAK3, STM32MP257AAL3, STM32MP257CAI3, STM32MP257CAK3, STM32MP257CAL3, STM32MP257DAI3, STM32MP257DAK3, STM32MP257DAL3, STM32MP257F-DK, STM32MP257F-EV1, STM32MP257FAI3, STM32MP257FAK3, STM32MP257FAL3, STM32U031C6T6, STM32U031C6U6, STM32U031C8T6, STM32U031C8U6, STM32U031F4P6, STM32U031F6P6, STM32U031F8P6, STM32U031G6Y6TR, STM32U031G8Y6TR, STM32U031K4U6, STM32U031K6U6, STM32U031K8U6, STM32U031R6I6, STM32U031R6T6, STM32U031R8I6, STM32U031R8T6, STM32U073C8T6, STM32U073C8U6, STM32U073CBT6, STM32U073CBU6, STM32U073CCT6, STM32U073CCU6, STM32U073H8Y6TR, STM32U073HBY6TR, STM32U073HCY6TR, STM32U073K8U6, STM32U073KBU6, STM32U073KCU6, STM32U073M8I6, STM32U073M8T6, STM32U073MBI6, STM32U073MBT6, STM32U073MCI6, STM32U073MCT6, STM32U073R8I6, STM32U073R8T6, STM32U073RBI6, STM32U073RBT6, STM32U073RCI6, STM32U073RCT6, STM32U083C-DK, STM32U083CCT6, STM32U083CCU6, STM32U083HCY6TR, STM32U083KCU6, STM32U083MCI6, STM32U083MCT6, STM32U083RCI6, STM32U083RCT6, STM32U535CBT6, STM32U535CBT6Q, STM32U535CBU6, STM32U535CBU6Q, STM32U535CCT6, STM32U535CCT6Q, STM32U535CCU6, STM32U535CCU6Q, STM32U535CET6, STM32U535CET6Q, STM32U535CEU6, STM32U535CEU6Q, STM32U535JEY6QTR, STM32U535NCY6QTR, STM32U535NEY6QTR, STM32U535RBI6, STM32U535RBI6Q, STM32U535RBT6, STM32U535RBT6Q, STM32U535RCI6, STM32U535RCI6Q, STM32U535RCT6, STM32U535RCT6Q, STM32U535REI6, STM32U535REI6Q, STM32U535RET6, STM32U535RET6Q, STM32U535VCI6, STM32U535VCI6Q, STM32U535VCT6, STM32U535VCT6Q, STM32U535VEI6, STM32U535VEI6Q, STM32U535VET6, STM32U535VET6Q, STM32U545CET6, STM32U545CET6Q, STM32U545CEU6, STM32U545CEU6Q, STM32U545JEY6QTR, STM32U545NEY6QTR, STM32U545REI6, STM32U545REI6Q, STM32U545RET6, STM32U545RET6Q, STM32U545VEI6, STM32U545VEI6Q, STM32U545VET6, STM32U545VET6Q, STM32U595AIH6, STM32U595AIH6Q, STM32U595AJH6, STM32U595AJH6Q, STM32U595QII6, STM32U595QII6Q, STM32U595QJI6, STM32U595QJI6Q, STM32U595RIT6, STM32U595RIT6Q, STM32U595RJT6, STM32U595RJT6Q, STM32U595VIT6, STM32U595VIT6Q, STM32U595VJT6, STM32U595VJT6Q, STM32U595ZIT6, STM32U595ZIT6Q, STM32U595ZIY6QTR, STM32U595ZJT6, STM32U595ZJT6Q, STM32U595ZJY6QTR, STM32U599BJY6QTR, STM32U599NIH6Q, STM32U599NJH6Q, STM32U599VIT6Q, STM32U599VJT6, STM32U599VJT6Q, STM32U599ZIT6Q, STM32U599ZIY6QTR, STM32U599ZJT6Q, STM32U599ZJY6QTR, STM32U5A5AJH6, STM32U5A5AJH6Q, STM32U5A5QII3Q , STM32U5A5QJI6, STM32U5A5QJI6Q, STM32U5A5RJT6, STM32U5A5RJT6Q, STM32U5A5VJT6, STM32U5A5VJT6Q, STM32U5A5ZJT6, STM32U5A5ZJT6Q, STM32U5A5ZJY6QTR, STM32U5A9BJY6QTR, STM32U5A9J-DK, STM32U5A9NJH6Q, STM32U5A9VJT6Q, STM32U5A9ZJT6Q, STM32U5A9ZJY6QTR, STM32U5F7VIT6, STM32U5F7VIT6Q, STM32U5F7VJT6, STM32U5F7VJT6Q, STM32U5F9BJY6QTR, STM32U5F9NJH6Q, STM32U5F9VIT6Q, STM32U5F9VJT6Q, STM32U5F9ZIJ6QTR, STM32U5F9ZIT6Q, STM32U5F9ZJJ6QTR, STM32U5F9ZJT6Q, STM32U5G7VJT6, STM32U5G7VJT6Q, STM32U5G9BJY6QTR, STM32U5G9J-DK1, STM32U5G9J-DK2, STM32U5G9NJH6Q, STM32U5G9VJT6Q, STM32U5G9ZJJ6QTR, STM32U5G9ZJT6Q, STM32WB05KZV6TR, STM32WB05KZV7TR, STM32WB05TZF6TR, STM32WB05TZF7TR, STM32WB06CCF6TR, STM32WB06CCF7TR, STM32WB06CCV6TR, STM32WB06CCV7TR, STM32WB06KCV6TR, STM32WB06KCV7TR, STM32WB07CCF6TR, STM32WB07CCF7TR, STM32WB07CCV6TR, STM32WB07CCV7TR, STM32WB07KCV6TR, STM32WB07KCV7TR, STM32WB09KEV6TR, STM32WB09KEV7TR, STM32WB09TEF6TR, STM32WB09TEF7TR, STM32WB1MMCH6, STM32WBA50KGU6, STM32WBA50KGU6TR, STM32WBA52CEU6, STM32WBA52CEU6TR, STM32WBA52CEU7, STM32WBA52CEU7TR, STM32WBA52CGU6, STM32WBA52CGU6TR, STM32WBA52CGU6U, STM32WBA52CGU7, STM32WBA52CGU7TR, STM32WBA52KEU6, STM32WBA52KEU6TR, STM32WBA52KGU6, STM32WBA52KGU6TR, STM32WBA54CEU6, STM32WBA54CEU6TR, STM32WBA54CEU7, STM32WBA54CEU7TR, STM32WBA54CGU6, STM32WBA54CGU6TR, STM32WBA54CGU7, STM32WBA54CGU7TR, STM32WBA54KEU6, STM32WBA54KEU6TR, STM32WBA54KEU7, STM32WBA54KEU7TR, STM32WBA54KGU6, STM32WBA54KGU6TR, STM32WBA54KGU7, STM32WBA54KGU7TR, STM32WBA55CEU6, STM32WBA55CEU6TR, STM32WBA55CEU7, STM32WBA55CEU7TR, STM32WBA55CGU6, STM32WBA55CGU6TR, STM32WBA55CGU6U, STM32WBA55CGU7, STM32WBA55CGU7TR, STM32WBA55G-DK1, STM32WBA55HEF6, STM32WBA55HEF7, STM32WBA55HGF6, STM32WBA55HGF7, STM32WBA55UEI6, STM32WBA55UEI6TR, STM32WBA55UEI7, STM32WBA55UEI7TR, STM32WBA55UGI6, STM32WBA55UGI6TR, STM32WBA55UGI7, STM32WBA55UGI7TR, STM32WL5MOCH6, STM32WL5MOCH6TR]
2025-02-17 21:44:35,316 [INFO] ApiDb:668 - CubeFinder database Data Model version=2.1
2025-02-17 21:44:35,316 [INFO] ApiDb:669 - CubeFinder database Configuration version=3.0.39
2025-02-17 21:44:35,317 [INFO] ApiDb:670 - CubeFinder database generation date=2025-02-07 (1738919966)
2025-02-17 21:44:35,317 [INFO] ApiDb:671 - CubeFinder database FW Pack versions=[FP-ATR-ASTRA1_V2.0.0, FP-SNS-FLIGHT1_V5.0.2, FP-SNS-MOTENV1_V5.0.0, FP-SNS-MOTENVWB1_V1.4.0, FP-SNS-SMARTAG2_V1.2.0, FP-SNS-STBOX1_V2.0.0, STM32Cube_FW_C0_V1.3.0, STM32Cube_FW_F4_V1.28.1, STM32Cube_FW_F7_V1.17.2, STM32Cube_FW_G0_V1.6.2, STM32Cube_FW_G4_V1.6.1, STM32Cube_FW_H5_V1.4.0, STM32Cube_FW_H7RS_V1.1.0, STM32Cube_FW_H7_V1.12.0, STM32Cube_FW_L0_V1.12.2, STM32Cube_FW_L4_V1.18.1, STM32Cube_FW_L5_V1.5.1, STM32Cube_FW_N6_V1.0.0, STM32Cube_FW_U0_V1.2.0, STM32Cube_FW_U3_V1.0.0, STM32Cube_FW_U5_V1.7.0, STM32Cube_FW_WB0_V1.1.0, STM32Cube_FW_WBA_V1.5.0, STM32Cube_FW_WB_V1.21.0, STM32Cube_FW_WL3_V1.0.0, STM32Cube_FW_WL_V1.3.0, X-CUBE-ALGOBUILD_V1.4.0, X-CUBE-ALS_V1.0.2, X-CUBE-AZRTOS-F4_V1.1.0, X-CUBE-AZRTOS-F7_V1.1.0, X-CUBE-AZRTOS-G0_V1.1.0, X-CUBE-AZRTOS-G4_V2.0.0, X-CUBE-AZRTOS-H7RS_V1.0.0, X-CUBE-AZRTOS-H7_V3.3.0, X-CUBE-AZRTOS-L4_V2.0.0, X-CUBE-AZRTOS-L5_V2.0.0, X-CUBE-AZRTOS-WB_V2.0.0, X-CUBE-AZRTOS-WL_V2.0.0, X-CUBE-BLE1_V7.0.0, X-CUBE-BLE2_V3.3.0, X-CUBE-BLEMGR_V4.0.0, X-CUBE-EEPRMA1_V5.1.0, X-CUBE-FREERTOS_V1.2.0, X-CUBE-GNSS1_V6.0.0, X-CUBE-MEMS1_V11.1.0, X-CUBE-NFC4_V3.0.0, X-CUBE-NFC7_V1.0.1, X-CUBE-SFXS2LP1_V4.0.0, X-CUBE-SUBG2_V5.0.0, X-CUBE-TOF1_V3.4.2]
2025-02-17 21:44:35,372 [WARN] PackLoader:240 - Cannot read IP mode file for STMicroelectronics.X-CUBE-MEMS1.11.1.0
2025-02-17 21:44:35,484 [INFO] LogOutputStream:77 - [STDOUT_REDIRECT] 1 : Invalid condition id : UX_CORESTACK_Condition cause : null
2025-02-17 21:44:35,485 [INFO] LogOutputStream:77 - [STDOUT_REDIRECT] 1 : Invalid condition id : UX_CORESTACK_Condition cause : null
2025-02-17 21:44:35,486 [INFO] LogOutputStream:77 - [STDOUT_REDIRECT] 1 : Invalid condition id : UX_CORESTACK_Condition cause : null
2025-02-17 21:44:35,487 [INFO] LogOutputStream:77 - [STDOUT_REDIRECT] 1 : Invalid condition id : UX_CORESTACK_Condition cause : null
2025-02-17 21:44:35,487 [INFO] LogOutputStream:77 - [STDOUT_REDIRECT] 1 : Invalid condition id : UX_CORESTACK_Condition cause : null
2025-02-17 21:44:35,488 [WARN] PackLoader:240 - Cannot read IP mode file for STMicroelectronics.X-CUBE-AZRTOS-WL.2.0.0
2025-02-17 21:44:35,492 [WARN] PackLoader:240 - Cannot read IP mode file for STMicroelectronics.FP-SNS-MOTENV1.5.0.0
2025-02-17 21:44:35,495 [WARN] PackLoader:240 - Cannot read IP mode file for wolfSSL.I-CUBE-wolfMQTT.1.19.0
2025-02-17 21:44:35,501 [WARN] PackLoader:240 - Cannot read IP mode file for WES.I-CUBE-Cesium.1.3.0
2025-02-17 21:44:35,503 [WARN] PackLoader:240 - Cannot read IP mode file for STMicroelectronics.X-CUBE-BLE2.3.3.0
2025-02-17 21:44:35,511 [WARN] PackLoader:240 - Cannot read IP mode file for STMicroelectronics.X-CUBE-NFC9.1.0.0
2025-02-17 21:44:35,515 [WARN] PackLoader:240 - Cannot read IP mode file for STMicroelectronics.X-CUBE-TCPP.4.1.0
2025-02-17 21:44:35,530 [WARN] PackLoader:240 - Cannot read IP mode file for STMicroelectronics.X-CUBE-AZRTOS-G0.1.1.0
2025-02-17 21:44:35,542 [WARN] PackLoader:240 - Cannot read IP mode file for STMicroelectronics.X-CUBE-SAFEA1.1.2.2
2025-02-17 21:44:35,545 [WARN] PackLoader:240 - Cannot read IP mode file for STMicroelectronics.X-CUBE-NFC4.3.0.0
2025-02-17 21:44:35,554 [WARN] PackLoader:240 - Cannot read IP mode file for EmbeddedOffice.I-CUBE-FS-RTOS.1.0.1
2025-02-17 21:44:35,554 [ERROR] ConditionMgr:805 - Attr not supported : Dmpu
2025-02-17 21:44:35,554 [ERROR] ConditionMgr:805 - Attr not supported : Dmpu
2025-02-17 21:44:35,554 [ERROR] ConditionMgr:805 - Attr not supported : Dmpu
2025-02-17 21:44:35,554 [ERROR] ConditionMgr:805 - Attr not supported : Dmpu
2025-02-17 21:44:35,554 [ERROR] ConditionMgr:805 - Attr not supported : Dmpu
2025-02-17 21:44:35,554 [ERROR] ConditionMgr:805 - Attr not supported : Dmpu
2025-02-17 21:44:35,555 [ERROR] ConditionMgr:805 - Attr not supported : Dmpu
2025-02-17 21:44:35,555 [ERROR] ConditionMgr:805 - Attr not supported : Dmpu
2025-02-17 21:44:35,555 [ERROR] ConditionMgr:805 - Attr not supported : Dmpu
2025-02-17 21:44:35,555 [ERROR] ConditionMgr:805 - Attr not supported : Dmpu
2025-02-17 21:44:35,555 [ERROR] ConditionMgr:805 - Attr not supported : Dmpu
2025-02-17 21:44:35,555 [ERROR] ConditionMgr:805 - Attr not supported : Dmpu
2025-02-17 21:44:35,555 [ERROR] ConditionMgr:805 - Attr not supported : Dmpu
2025-02-17 21:44:35,555 [ERROR] ConditionMgr:805 - Attr not supported : Dmpu
2025-02-17 21:44:35,555 [ERROR] ConditionMgr:805 - Attr not supported : Dmpu
2025-02-17 21:44:35,555 [ERROR] ConditionMgr:805 - Attr not supported : Dmpu
2025-02-17 21:44:35,555 [ERROR] ConditionMgr:805 - Attr not supported : Dmpu
2025-02-17 21:44:35,555 [ERROR] ConditionMgr:805 - Attr not supported : Dmpu
2025-02-17 21:44:35,555 [ERROR] ConditionMgr:805 - Attr not supported : Dmpu
2025-02-17 21:44:35,555 [ERROR] ConditionMgr:805 - Attr not supported : Dmpu
2025-02-17 21:44:35,555 [ERROR] ConditionMgr:805 - Attr not supported : Dmpu
2025-02-17 21:44:35,555 [ERROR] ConditionMgr:805 - Attr not supported : Dmpu
2025-02-17 21:44:35,555 [ERROR] ConditionMgr:805 - Attr not supported : Dmpu
2025-02-17 21:44:35,555 [ERROR] ConditionMgr:805 - Attr not supported : Dmpu
2025-02-17 21:44:35,555 [ERROR] ConditionMgr:805 - Attr not supported : Dmpu
2025-02-17 21:44:35,555 [ERROR] ConditionMgr:805 - Attr not supported : Dmpu
2025-02-17 21:44:35,555 [ERROR] ConditionMgr:805 - Attr not supported : Dmpu
2025-02-17 21:44:35,555 [ERROR] ConditionMgr:805 - Attr not supported : Dmpu
2025-02-17 21:44:35,555 [ERROR] ConditionMgr:805 - Attr not supported : Dmpu
2025-02-17 21:44:35,556 [ERROR] ConditionMgr:805 - Attr not supported : Dmpu
2025-02-17 21:44:35,556 [ERROR] ConditionMgr:805 - Attr not supported : Dmpu
2025-02-17 21:44:35,556 [ERROR] ConditionMgr:805 - Attr not supported : Dmpu
2025-02-17 21:44:35,556 [ERROR] ConditionMgr:805 - Attr not supported : Dmpu
2025-02-17 21:44:35,556 [ERROR] ConditionMgr:805 - Attr not supported : Dmpu
2025-02-17 21:44:35,556 [ERROR] ConditionMgr:805 - Attr not supported : Dmpu
2025-02-17 21:44:35,556 [ERROR] ConditionMgr:805 - Attr not supported : Dmpu
2025-02-17 21:44:35,556 [ERROR] ConditionMgr:805 - Attr not supported : Dmpu
2025-02-17 21:44:35,556 [ERROR] ConditionMgr:805 - Attr not supported : Dmpu
2025-02-17 21:44:35,556 [ERROR] ConditionMgr:805 - Attr not supported : Dmpu
2025-02-17 21:44:35,556 [ERROR] ConditionMgr:805 - Attr not supported : Dmpu
2025-02-17 21:44:35,557 [ERROR] ConditionMgr:805 - Attr not supported : Dmpu
2025-02-17 21:44:35,557 [ERROR] ConditionMgr:805 - Attr not supported : Dmpu
2025-02-17 21:44:35,557 [ERROR] ConditionMgr:805 - Attr not supported : Dmpu
2025-02-17 21:44:35,557 [ERROR] ConditionMgr:805 - Attr not supported : Dmpu
2025-02-17 21:44:35,557 [ERROR] ConditionMgr:805 - Attr not supported : Dmpu
2025-02-17 21:44:35,557 [ERROR] ConditionMgr:805 - Attr not supported : Dmpu
2025-02-17 21:44:35,557 [ERROR] ConditionMgr:805 - Attr not supported : Dmpu
2025-02-17 21:44:35,557 [ERROR] ConditionMgr:805 - Attr not supported : Dmpu
2025-02-17 21:44:35,557 [ERROR] ConditionMgr:805 - Attr not supported : Dmpu
2025-02-17 21:44:35,557 [ERROR] ConditionMgr:805 - Attr not supported : Dmpu
2025-02-17 21:44:35,557 [ERROR] ConditionMgr:805 - Attr not supported : Dmpu
2025-02-17 21:44:35,557 [ERROR] ConditionMgr:805 - Attr not supported : Dmpu
2025-02-17 21:44:35,557 [ERROR] ConditionMgr:805 - Attr not supported : Dmpu
2025-02-17 21:44:35,557 [ERROR] ConditionMgr:805 - Attr not supported : Dmpu
2025-02-17 21:44:35,557 [ERROR] ConditionMgr:805 - Attr not supported : Dmpu
2025-02-17 21:44:35,558 [ERROR] ConditionMgr:805 - Attr not supported : Dmpu
2025-02-17 21:44:35,558 [ERROR] ConditionMgr:805 - Attr not supported : Dmpu
2025-02-17 21:44:35,558 [ERROR] ConditionMgr:805 - Attr not supported : Dmpu
2025-02-17 21:44:35,558 [ERROR] ConditionMgr:805 - Attr not supported : Dmpu
2025-02-17 21:44:35,558 [ERROR] ConditionMgr:805 - Attr not supported : Dmpu
2025-02-17 21:44:35,558 [ERROR] ConditionMgr:805 - Attr not supported : Dmpu
2025-02-17 21:44:35,558 [ERROR] ConditionMgr:805 - Attr not supported : Dmpu
2025-02-17 21:44:35,558 [ERROR] ConditionMgr:805 - Attr not supported : Dmpu
2025-02-17 21:44:35,558 [ERROR] ConditionMgr:805 - Attr not supported : Dmpu
2025-02-17 21:44:35,562 [ERROR] Engine:466 - /home/engineering/.stm32cubemx/thirdparties/pdsc/STMicroelectronics.X-CUBE-TCPP.4.2.0.pdsc: PDSC version is not supported
2025-02-17 21:44:35,567 [WARN] PackLoader:240 - Cannot read IP mode file for RealThread.X-CUBE-RT-Thread_Nano.4.1.1
2025-02-17 21:44:35,571 [WARN] PackLoader:240 - Cannot read IP mode file for STMicroelectronics.FP-ATR-SIGFOX1.3.2.0
2025-02-17 21:44:35,576 [WARN] ConditionMgr:438 - getConditionDescription Invalid condition id : Cortex-A Device cause : null
2025-02-17 21:44:35,592 [WARN] ConditionMgr:1039 - genDependencies : Invalid condition id : Cortex-A Device cause : null
2025-02-17 21:44:35,592 [WARN] ConditionMgr:1039 - genDependencies : Invalid condition id : Cortex-A Device cause : null
2025-02-17 21:44:35,593 [WARN] ConditionMgr:1039 - genDependencies : Invalid condition id : Cortex-A Device cause : null
2025-02-17 21:44:35,598 [WARN] PackLoader:240 - Cannot read IP mode file for STMicroelectronics.X-CUBE-EEPRMA1.5.1.0
2025-02-17 21:44:35,604 [WARN] PackLoader:240 - Cannot read IP mode file for wolfSSL.I-CUBE-wolfSSL.5.7.4
2025-02-17 21:44:35,614 [WARN] PackLoader:240 - Cannot read IP mode file for ITTIA_DB.I-CUBE-ITTIADB.8.9.0
2025-02-17 21:44:35,644 [WARN] PackLoader:240 - Cannot read IP mode file for SEGGER.I-CUBE-embOS.1.3.1
2025-02-17 21:44:35,690 [WARN] PackLoader:240 - Cannot read IP mode file for STMicroelectronics.X-CUBE-ALGOBUILD.1.4.0
2025-02-17 21:44:35,692 [WARN] PackLoader:240 - Cannot read IP mode file for STMicroelectronics.X-CUBE-AI.9.1.0
2025-02-17 21:44:35,703 [WARN] PackLoader:240 - Cannot read IP mode file for STMicroelectronics.X-CUBE-AZRTOS-F4.1.1.0
2025-02-17 21:44:35,709 [WARN] PackLoader:240 - Cannot read IP mode file for STMicroelectronics.X-CUBE-ISPU.2.1.0
2025-02-17 21:44:35,714 [WARN] PackLoader:240 - Cannot read IP mode file for STMicroelectronics.X-CUBE-FREERTOS.1.2.0
2025-02-17 21:44:35,725 [WARN] PackLoader:240 - Cannot read IP mode file for STMicroelectronics.X-CUBE-AZRTOS-L5.2.0.0
2025-02-17 21:44:35,731 [WARN] PackLoader:240 - Cannot read IP mode file for STMicroelectronics.X-CUBE-NFC6.3.1.0
2025-02-17 21:44:35,737 [WARN] PackLoader:240 - Cannot read IP mode file for STMicroelectronics.X-CUBE-DPower.1.2.0
2025-02-17 21:44:35,740 [WARN] PackLoader:240 - Cannot read IP mode file for STMicroelectronics.X-CUBE-FREERTOS.1.3.0
2025-02-17 21:44:35,744 [WARN] PackLoader:240 - Cannot read IP mode file for STMicroelectronics.X-CUBE-NFC7.1.0.1
2025-02-17 21:44:35,770 [WARN] ConditionMgr:438 - getConditionDescription Invalid condition id : LAN8742 Phy interface Condition cause : null
2025-02-17 21:44:35,771 [WARN] PackLoader:240 - Cannot read IP mode file for STMicroelectronics.X-CUBE-AZRTOS-L4.2.0.0
2025-02-17 21:44:35,775 [WARN] ConditionMgr:1039 - genDependencies : Invalid condition id : LAN8742 Phy interface Condition cause : null
2025-02-17 21:44:35,776 [WARN] ConditionMgr:1039 - genDependencies : Invalid condition id : LAN8742 Phy interface Condition cause : null
2025-02-17 21:44:35,778 [WARN] ConditionMgr:1039 - genDependencies : Invalid condition id : LAN8742 Phy interface Condition cause : null
2025-02-17 21:44:35,788 [WARN] PackLoader:240 - Cannot read IP mode file for STMicroelectronics.X-CUBE-SFXS2LP1.4.0.0
2025-02-17 21:44:35,816 [WARN] PackLoader:240 - Cannot read IP mode file for STMicroelectronics.X-CUBE-AZRTOS-H7.3.3.0
2025-02-17 21:44:35,831 [WARN] PackLoader:240 - Cannot read IP mode file for STMicroelectronics.X-CUBE-IPS.3.0.0
2025-02-17 21:44:35,852 [WARN] ConditionMgr:438 - getConditionDescription Invalid condition id : UX DEVICE CLASS RTOS Condition cause : null
2025-02-17 21:44:35,852 [WARN] ConditionMgr:438 - getConditionDescription Invalid condition id : UX DEVICE CLASS RTOS Condition cause : null
2025-02-17 21:44:35,855 [WARN] PackLoader:240 - Cannot read IP mode file for STMicroelectronics.X-CUBE-AZRTOS-WB.2.0.0
2025-02-17 21:44:35,855 [WARN] ConditionMgr:1039 - genDependencies : Invalid condition id : UX DEVICE CLASS RTOS Condition cause : null
2025-02-17 21:44:35,855 [WARN] ConditionMgr:1039 - genDependencies : Invalid condition id : UX DEVICE CLASS RTOS Condition cause : null
2025-02-17 21:44:35,855 [WARN] ConditionMgr:1039 - genDependencies : Invalid condition id : UX DEVICE CLASS RTOS Condition cause : null
2025-02-17 21:44:35,855 [WARN] ConditionMgr:1039 - genDependencies : Invalid condition id : UX DEVICE CLASS RTOS Condition cause : null
2025-02-17 21:44:35,855 [WARN] ConditionMgr:1039 - genDependencies : Invalid condition id : UX DEVICE CLASS RTOS Condition cause : null
2025-02-17 21:44:35,864 [WARN] PackLoader:240 - Cannot read IP mode file for STMicroelectronics.X-CUBE-GNSS1.7.0.0
2025-02-17 21:44:35,870 [WARN] PackLoader:240 - Cannot read IP mode file for STMicroelectronics.X-CUBE-GNSS1.7.0.1
2025-02-17 21:44:35,876 [WARN] PackLoader:240 - Cannot read IP mode file for STMicroelectronics.FP-SNS-STBOX1.2.0.0
2025-02-17 21:44:35,894 [WARN] PackLoader:240 - Cannot read IP mode file for STMicroelectronics.X-CUBE-SUBG2.5.0.0
2025-02-17 21:44:35,902 [WARN] PackLoader:240 - Cannot read IP mode file for Cesanta.I-CUBE-Mongoose.7.13.0
2025-02-17 21:44:35,923 [WARN] PackLoader:240 - Cannot read IP mode file for STMicroelectronics.X-CUBE-AZRTOS-G4.2.0.0
2025-02-17 21:44:35,927 [ERROR] Engine:466 - /home/engineering/.stm32cubemx/thirdparties/pdsc/STMicroelectronics.X-CUBE-IPS.3.1.0.pdsc: PDSC version is not supported
2025-02-17 21:44:35,929 [WARN] PackLoader:240 - Cannot read IP mode file for STMicroelectronics.X-CUBE-ALS.1.0.2
2025-02-17 21:44:35,932 [WARN] PackLoader:240 - Cannot read IP mode file for STMicroelectronics.X-CUBE-TOUCHGFX.4.24.2
2025-02-17 21:44:35,933 [WARN] PackLoader:240 - Cannot read IP mode file for STMicroelectronics.X-CUBE-TOUCHGFX.4.24.1
2025-02-17 21:44:35,935 [WARN] PackLoader:240 - Cannot read IP mode file for wolfSSL.I-CUBE-wolfTPM.3.4.0
2025-02-17 21:44:35,937 [WARN] PackLoader:240 - Cannot read IP mode file for portGmbH.I-Cube-SoM-uGOAL.1.1.0
2025-02-17 21:44:35,945 [WARN] PackLoader:240 - Cannot read IP mode file for STMicroelectronics.X-CUBE-AZRTOS-H7RS.1.0.0
2025-02-17 21:44:35,953 [WARN] PackLoader:240 - Cannot read IP mode file for STMicroelectronics.X-CUBE-TOF1.3.4.2
2025-02-17 21:44:35,969 [WARN] PackLoader:240 - Cannot read IP mode file for Infineon.AIROC-Wi-Fi-Bluetooth-STM32.1.6.1
2025-02-17 21:44:35,974 [WARN] PackLoader:240 - Cannot read IP mode file for wolfSSL.I-CUBE-wolfSSH.1.4.17
2025-02-17 21:44:35,974 [INFO] ThirdParty:978 - Integrity check success = true
2025-02-17 21:44:35,974 [INFO] IntegrityCheckThread:100 - exiting critical section [integrity check]
2025-02-17 21:44:35,974 [INFO] IntegrityCheckThread:103 - End integrity checks thread
2025-02-17 21:44:37,541 [INFO] ApiDb:240 - Found 646 in-development CPN: [B-G473E-ZEST1S, B-WB1M-WPAN1, B-WL5M-SUBG1, NUCLEO-C031C6, NUCLEO-C071RB, NUCLEO-H503RB, NUCLEO-H533RE, NUCLEO-H563ZI, NUCLEO-H7S3L8, NUCLEO-U031R8, NUCLEO-U083RC, NUCLEO-U545RE-Q, NUCLEO-U5A5ZJ-Q, NUCLEO-WB05KZ, NUCLEO-WB07CC, NUCLEO-WB09KE, NUCLEO-WBA52CG, NUCLEO-WBA55CG, STEVAL-PROTEUS1, STEVAL-SMARTAG2, STEVAL-STWINBX1, STM320518-EVAL, STM32C0116-DK, STM32C011D6Y3TR, STM32C011D6Y6TR, STM32C011F4P3, STM32C011F4P6, STM32C011F4U3, STM32C011F4U6TR, STM32C011F6P3, STM32C011F6P6, STM32C011F6U3, STM32C011F6U6TR, STM32C011J4M3, STM32C011J4M6, STM32C011J6M3, STM32C011J6M6, STM32C0316-DK, STM32C031C4T3, STM32C031C4T6, STM32C031C4U3, STM32C031C4U6, STM32C031C6T3, STM32C031C6T6, STM32C031C6U3, STM32C031C6U6, STM32C031F4P3, STM32C031F4P6, STM32C031F6P3, STM32C031F6P6, STM32C031G4U3, STM32C031G4U6, STM32C031G6U3, STM32C031G6U6, STM32C031K4T3, STM32C031K4T6, STM32C031K4U3, STM32C031K4U6, STM32C031K6T3, STM32C031K6T6, STM32C031K6U3, STM32C031K6U6, STM32C071C8T6, STM32C071C8T6N, STM32C071C8U6, STM32C071C8U6N, STM32C071CBT6, STM32C071CBT6N, STM32C071CBU6, STM32C071CBU6N, STM32C071F8P6, STM32C071F8P6N, STM32C071FBP6, STM32C071FBP6N, STM32C071FBY6TR, STM32C071G8U6, STM32C071G8U6N, STM32C071GBU6, STM32C071GBU6N, STM32C071K8T6, STM32C071K8T6N, STM32C071K8U6, STM32C071K8U6N, STM32C071KBT6, STM32C071KBT6N, STM32C071KBU6, STM32C071KBU6N, STM32C071R8T6, STM32C071R8T6N, STM32C071RBI6N, STM32C071RBT6, STM32C071RBT6N, STM32G071K8TXN, STM32G071K8UXN, STM32G081GBU6N, STM32G081KBT6N, STM32G081KBUXN, STM32G0B1CCT6N, STM32G0B1KCT6, STM32G0B1NEY6TR, STM32G0B1RCT6N, STM32G0C1CCT6, STM32G0C1CCT6N, STM32G0C1CCU6N, STM32G0C1CET6N, STM32G0C1CEU6N, STM32G0C1KCT6, STM32G0C1NEY6TR, STM32G0C1RCI6N, STM32G0C1RCT6N, STM32G0C1REI6N, STM32G0C1RET6N, STM32G0C1VCI6, STM32G0C1VEI6, STM32G411C6T3, STM32G411C6T6, STM32G411C6U3, STM32G411C6U6, STM32G411C8T3, STM32G411C8T6, STM32G411C8U3, STM32G411C8U6, STM32G411CBT3, STM32G411CBT6, STM32G411CBU3, STM32G411CBU6, STM32G411K6T3, STM32G411K6T6, STM32G411K6U3, STM32G411K6U6, STM32G411K8T3, STM32G411K8T6, STM32G411K8U3, STM32G411K8U6, STM32G411KBT3, STM32G411KBT6, STM32G411KBU3, STM32G411KBU6, STM32G411M6T3, STM32G411M6T6, STM32G411M8T3, STM32G411M8T6, STM32G411MBT3, STM32G411MBT6, STM32G411R6T3, STM32G411R6T6, STM32G411R8T3, STM32G411R8T6, STM32G411RBT3, STM32G411RBT6, STM32G414CBT3, STM32G414CBT6, STM32G414CBU3, STM32G414CBU6, STM32G414CCT3, STM32G414CCT6, STM32G414CCU3, STM32G414CCU6, STM32G414MBT3, STM32G414MBT6, STM32G414MCT3, STM32G414MCT6, STM32G414RBT3, STM32G414RBT6, STM32G414RCT3, STM32G414RCT6, STM32G414VBT3, STM32G414VBT6, STM32G414VCT3, STM32G414VCT6, STM32G431CBT3Z, STM32G431RBT3Z, STM32G471CCT6, STM32G471CCU6, STM32G471CET3, STM32G471CET6, STM32G471CEU3, STM32G471CEU6, STM32G471MCT6, STM32G471MET3, STM32G471MET6, STM32G471MEY6TR, STM32G471QCT6, STM32G471QET3, STM32G471RCT6, STM32G471RET3, STM32G471RET6, STM32G471VCH6, STM32G471VCI6, STM32G471VCT6, STM32G471VEH3, STM32G471VEH6, STM32G471VEI3, STM32G471VEI6, STM32G471VET3, STM32G471VET6, STM32G473QET3Z, STM32G473RET3Z, STM32G474CCT6, STM32G491RET3Z, STM32H503CBT6, STM32H503CBU6, STM32H503EBY6TR, STM32H503KBU6, STM32H503RBT6, STM32H523CCT6, STM32H523CCU6, STM32H523CET6, STM32H523CEU6, STM32H523HEY6TR, STM32H523RCT6, STM32H523RET6, STM32H523VCI6, STM32H523VCT6, STM32H523VEI6, STM32H523VET6, STM32H523ZCJ6, STM32H523ZCT6, STM32H523ZEJ6, STM32H523ZET6, STM32H533CET6, STM32H533CEU6, STM32H533HEY6TR, STM32H533RET6, STM32H533VEI6, STM32H533VET6, STM32H533ZEJ6, STM32H533ZET6, STM32H562AGI6, STM32H562AII6, STM32H562IGK6, STM32H562IGT6, STM32H562IIK6, STM32H562IIT6, STM32H562RGT6, STM32H562RGV6, STM32H562RIT6, STM32H562RIV6, STM32H562VGT6, STM32H562VIT6, STM32H562ZGT6, STM32H562ZIT6, STM32H563AGI6, STM32H563AII3Q, STM32H563AII6, STM32H563IGK6, STM32H563IGT6, STM32H563IIK3Q, STM32H563IIK6, STM32H563IIT3Q, STM32H563IIT6, STM32H563MIY3QTR, STM32H563RGT6, STM32H563RGV6, STM32H563RIT6, STM32H563RIV6, STM32H563VGT6, STM32H563VIT3Q, STM32H563VIT6, STM32H563ZGT6, STM32H563ZIT3Q, STM32H563ZIT6, STM32H573AII3Q, STM32H573AII6, STM32H573I-DK, STM32H573IIK3Q, STM32H573IIK6, STM32H573IIT3Q, STM32H573IIT6, STM32H573MIY3QTR, STM32H573RIT6, STM32H573RIV6, STM32H573VIT3Q, STM32H573VIT6, STM32H573ZIT3Q, STM32H573ZIT6, STM32H7R3A8I6, STM32H7R3I8K6, STM32H7R3I8T6, STM32H7R3L8H6, STM32H7R3L8H6H, STM32H7R3R8V6, STM32H7R3V8H6, STM32H7R3V8T6, STM32H7R3V8Y6TR, STM32H7R3Z8J6, STM32H7R3Z8T6, STM32H7R7A8I6, STM32H7R7I8K6, STM32H7R7I8T6, STM32H7R7L8H6, STM32H7R7L8H6H, STM32H7R7Z8J6, STM32H7S3A8I6, STM32H7S3I8K6, STM32H7S3I8T6, STM32H7S3L8H6, STM32H7S3L8H6H, STM32H7S3R8V6, STM32H7S3V8H6, STM32H7S3V8T6, STM32H7S3V8Y6TR, STM32H7S3Z8J6, STM32H7S3Z8T6, STM32H7S78-DK, STM32H7S7A8I6, STM32H7S7I8K6, STM32H7S7I8T6, STM32H7S7L8H6, STM32H7S7L8H6H, STM32H7S7Z8J6, STM32L4R5QGI6STR, STM32MP131AAE3, STM32MP131AAF3, STM32MP131AAG3, STM32MP131CAE3, STM32MP131CAF3, STM32MP131CAG3, STM32MP131DAE7, STM32MP131DAF7, STM32MP131DAG7, STM32MP131FAE7, STM32MP131FAF7, STM32MP131FAG7, STM32MP133AAE3, STM32MP133AAF3, STM32MP133AAG3, STM32MP133CAE3, STM32MP133CAF3, STM32MP133CAG3, STM32MP133DAE7, STM32MP133DAF7, STM32MP133DAG7, STM32MP133FAE7, STM32MP133FAF7, STM32MP133FAG7, STM32MP135AAE3, STM32MP135AAF3, STM32MP135AAG3, STM32MP135CAE3, STM32MP135CAF3, STM32MP135CAG3, STM32MP135DAE7, STM32MP135DAF7, STM32MP135DAG7, STM32MP135F-DK, STM32MP135FAE7, STM32MP135FAF7, STM32MP135FAF7T, STM32MP135FAF7U, STM32MP135FAG7, STM32MP251AAI3, STM32MP251AAK3, STM32MP251AAL3, STM32MP251CAI3, STM32MP251CAK3, STM32MP251CAL3, STM32MP251DAI3, STM32MP251DAK3, STM32MP251DAL3, STM32MP251FAI3, STM32MP251FAK3, STM32MP251FAL3, STM32MP253AAI3, STM32MP253AAK3, STM32MP253AAL3, STM32MP253CAI3, STM32MP253CAK3, STM32MP253CAL3, STM32MP253DAI3, STM32MP253DAK3, STM32MP253DAL3, STM32MP253FAI3, STM32MP253FAK3, STM32MP253FAL3, STM32MP255AAI3, STM32MP255AAK3, STM32MP255AAL3, STM32MP255CAI3, STM32MP255CAK3, STM32MP255CAL3, STM32MP255DAI3, STM32MP255DAK3, STM32MP255DAL3, STM32MP255FAI3, STM32MP255FAK3, STM32MP255FAL3, STM32MP257AAI3, STM32MP257AAK3, STM32MP257AAL3, STM32MP257CAI3, STM32MP257CAK3, STM32MP257CAL3, STM32MP257DAI3, STM32MP257DAK3, STM32MP257DAL3, STM32MP257F-DK, STM32MP257F-EV1, STM32MP257FAI3, STM32MP257FAK3, STM32MP257FAL3, STM32U031C6T6, STM32U031C6U6, STM32U031C8T6, STM32U031C8U6, STM32U031F4P6, STM32U031F6P6, STM32U031F8P6, STM32U031G6Y6TR, STM32U031G8Y6TR, STM32U031K4U6, STM32U031K6U6, STM32U031K8U6, STM32U031R6I6, STM32U031R6T6, STM32U031R8I6, STM32U031R8T6, STM32U073C8T6, STM32U073C8U6, STM32U073CBT6, STM32U073CBU6, STM32U073CCT6, STM32U073CCU6, STM32U073H8Y6TR, STM32U073HBY6TR, STM32U073HCY6TR, STM32U073K8U6, STM32U073KBU6, STM32U073KCU6, STM32U073M8I6, STM32U073M8T6, STM32U073MBI6, STM32U073MBT6, STM32U073MCI6, STM32U073MCT6, STM32U073R8I6, STM32U073R8T6, STM32U073RBI6, STM32U073RBT6, STM32U073RCI6, STM32U073RCT6, STM32U083C-DK, STM32U083CCT6, STM32U083CCU6, STM32U083HCY6TR, STM32U083KCU6, STM32U083MCI6, STM32U083MCT6, STM32U083RCI6, STM32U083RCT6, STM32U535CBT6, STM32U535CBT6Q, STM32U535CBU6, STM32U535CBU6Q, STM32U535CCT6, STM32U535CCT6Q, STM32U535CCU6, STM32U535CCU6Q, STM32U535CET6, STM32U535CET6Q, STM32U535CEU6, STM32U535CEU6Q, STM32U535JEY6QTR, STM32U535NCY6QTR, STM32U535NEY6QTR, STM32U535RBI6, STM32U535RBI6Q, STM32U535RBT6, STM32U535RBT6Q, STM32U535RCI6, STM32U535RCI6Q, STM32U535RCT6, STM32U535RCT6Q, STM32U535REI6, STM32U535REI6Q, STM32U535RET6, STM32U535RET6Q, STM32U535VCI6, STM32U535VCI6Q, STM32U535VCT6, STM32U535VCT6Q, STM32U535VEI6, STM32U535VEI6Q, STM32U535VET6, STM32U535VET6Q, STM32U545CET6, STM32U545CET6Q, STM32U545CEU6, STM32U545CEU6Q, STM32U545JEY6QTR, STM32U545NEY6QTR, STM32U545REI6, STM32U545REI6Q, STM32U545RET6, STM32U545RET6Q, STM32U545VEI6, STM32U545VEI6Q, STM32U545VET6, STM32U545VET6Q, STM32U595AIH6, STM32U595AIH6Q, STM32U595AJH6, STM32U595AJH6Q, STM32U595QII6, STM32U595QII6Q, STM32U595QJI6, STM32U595QJI6Q, STM32U595RIT6, STM32U595RIT6Q, STM32U595RJT6, STM32U595RJT6Q, STM32U595VIT6, STM32U595VIT6Q, STM32U595VJT6, STM32U595VJT6Q, STM32U595ZIT6, STM32U595ZIT6Q, STM32U595ZIY6QTR, STM32U595ZJT6, STM32U595ZJT6Q, STM32U595ZJY6QTR, STM32U599BJY6QTR, STM32U599NIH6Q, STM32U599NJH6Q, STM32U599VIT6Q, STM32U599VJT6, STM32U599VJT6Q, STM32U599ZIT6Q, STM32U599ZIY6QTR, STM32U599ZJT6Q, STM32U599ZJY6QTR, STM32U5A5AJH6, STM32U5A5AJH6Q, STM32U5A5QII3Q , STM32U5A5QJI6, STM32U5A5QJI6Q, STM32U5A5RJT6, STM32U5A5RJT6Q, STM32U5A5VJT6, STM32U5A5VJT6Q, STM32U5A5ZJT6, STM32U5A5ZJT6Q, STM32U5A5ZJY6QTR, STM32U5A9BJY6QTR, STM32U5A9J-DK, STM32U5A9NJH6Q, STM32U5A9VJT6Q, STM32U5A9ZJT6Q, STM32U5A9ZJY6QTR, STM32U5F7VIT6, STM32U5F7VIT6Q, STM32U5F7VJT6, STM32U5F7VJT6Q, STM32U5F9BJY6QTR, STM32U5F9NJH6Q, STM32U5F9VIT6Q, STM32U5F9VJT6Q, STM32U5F9ZIJ6QTR, STM32U5F9ZIT6Q, STM32U5F9ZJJ6QTR, STM32U5F9ZJT6Q, STM32U5G7VJT6, STM32U5G7VJT6Q, STM32U5G9BJY6QTR, STM32U5G9J-DK1, STM32U5G9J-DK2, STM32U5G9NJH6Q, STM32U5G9VJT6Q, STM32U5G9ZJJ6QTR, STM32U5G9ZJT6Q, STM32WB05KZV6TR, STM32WB05KZV7TR, STM32WB05TZF6TR, STM32WB05TZF7TR, STM32WB06CCF6TR, STM32WB06CCF7TR, STM32WB06CCV6TR, STM32WB06CCV7TR, STM32WB06KCV6TR, STM32WB06KCV7TR, STM32WB07CCF6TR, STM32WB07CCF7TR, STM32WB07CCV6TR, STM32WB07CCV7TR, STM32WB07KCV6TR, STM32WB07KCV7TR, STM32WB09KEV6TR, STM32WB09KEV7TR, STM32WB09TEF6TR, STM32WB09TEF7TR, STM32WB1MMCH6, STM32WBA50KGU6, STM32WBA50KGU6TR, STM32WBA52CEU6, STM32WBA52CEU6TR, STM32WBA52CEU7, STM32WBA52CEU7TR, STM32WBA52CGU6, STM32WBA52CGU6TR, STM32WBA52CGU6U, STM32WBA52CGU7, STM32WBA52CGU7TR, STM32WBA52KEU6, STM32WBA52KEU6TR, STM32WBA52KGU6, STM32WBA52KGU6TR, STM32WBA54CEU6, STM32WBA54CEU6TR, STM32WBA54CEU7, STM32WBA54CEU7TR, STM32WBA54CGU6, STM32WBA54CGU6TR, STM32WBA54CGU7, STM32WBA54CGU7TR, STM32WBA54KEU6, STM32WBA54KEU6TR, STM32WBA54KEU7, STM32WBA54KEU7TR, STM32WBA54KGU6, STM32WBA54KGU6TR, STM32WBA54KGU7, STM32WBA54KGU7TR, STM32WBA55CEU6, STM32WBA55CEU6TR, STM32WBA55CEU7, STM32WBA55CEU7TR, STM32WBA55CGU6, STM32WBA55CGU6TR, STM32WBA55CGU6U, STM32WBA55CGU7, STM32WBA55CGU7TR, STM32WBA55G-DK1, STM32WBA55HEF6, STM32WBA55HEF7, STM32WBA55HGF6, STM32WBA55HGF7, STM32WBA55UEI6, STM32WBA55UEI6TR, STM32WBA55UEI7, STM32WBA55UEI7TR, STM32WBA55UGI6, STM32WBA55UGI6TR, STM32WBA55UGI7, STM32WBA55UGI7TR, STM32WL5MOCH6, STM32WL5MOCH6TR]
2025-02-17 21:44:37,546 [INFO] DbMcus:218 - Found 4440 MCUs, 4440 are supported
2025-02-17 21:44:37,547 [INFO] ApiDb:423 - Load user favorites file /home/engineering/.stm32cubeide/favorites.mcus.txt: 0 item(s)
2025-02-17 21:44:37,547 [INFO] ApiDb:427 - User favorites MCUs=[]
2025-02-17 21:44:37,547 [INFO] DbMcus:224 - Set 0 / 0 favorites MCUs
2025-02-17 21:44:37,940 [INFO] BoardInfo:889 - No configuration file found for board NUCLEO-N657X0-Q
2025-02-17 21:44:37,941 [INFO] DbBoards:161 - Board is not supported: NUCLEO-N657X0-Q
2025-02-17 21:44:37,948 [INFO] BoardInfo:889 - No configuration file found for board NUCLEO-WL33CC1
2025-02-17 21:44:37,949 [INFO] DbBoards:161 - Board is not supported: NUCLEO-WL33CC1
2025-02-17 21:44:37,949 [INFO] BoardInfo:889 - No configuration file found for board NUCLEO-WL33CC2
2025-02-17 21:44:37,949 [INFO] DbBoards:161 - Board is not supported: NUCLEO-WL33CC2
2025-02-17 21:44:37,952 [INFO] BoardInfo:889 - No configuration file found for board P-NUCLEO-WB55
2025-02-17 21:44:37,953 [INFO] DbBoards:161 - Kit is not supported: P-NUCLEO-WB55
2025-02-17 21:44:37,955 [INFO] BoardInfo:889 - No configuration file found for board STEVAL-BFA001V1B
2025-02-17 21:44:37,955 [INFO] DbBoards:161 - Kit is not supported: STEVAL-BFA001V1B
2025-02-17 21:44:37,956 [INFO] BoardInfo:889 - No configuration file found for board STEVAL-BFA001V2B
2025-02-17 21:44:37,956 [INFO] DbBoards:161 - Kit is not supported: STEVAL-BFA001V2B
2025-02-17 21:44:38,016 [INFO] BoardInfo:889 - No configuration file found for board STM32N6570-DK
2025-02-17 21:44:38,016 [INFO] DbBoards:161 - Board is not supported: STM32N6570-DK
2025-02-17 21:44:38,021 [INFO] DbBoards:168 - Found 205 boards, 198 are supported
2025-02-17 21:44:38,022 [INFO] DbBoards:169 - Found 205 boards, 25 of them is supported for  Bsp
2025-02-17 21:44:38,024 [INFO] ApiDb:423 - Load user favorites file /home/engineering/.stm32cubeide/favorites.boards.txt: 1 item(s)
2025-02-17 21:44:38,024 [INFO] ApiDb:427 - User favorites Boards=[STM32F407G-DISC1]
2025-02-17 21:44:38,025 [INFO] DbBoards:198 - Set 1 / 1 favorites Boards
2025-02-17 21:44:38,025 [INFO] McuFinderGlobals:76 - Set McuFinderConnectedMode to true
2025-02-17 21:44:38,031 [INFO] MultiScanPanel:200 - Auto-refresh data requested => check proxy status ongoing
2025-02-17 21:44:38,033 [INFO] FinderPluginLoader:95 - Searching for filters in installed packs
2025-02-17 21:44:39,350 [INFO] LoadUrlFilesThread:185 - End of LoadServerUrlFiles without Thread
2025-02-17 21:44:39,362 [INFO] DetailPanel:341 - Set advertising image to /home/engineering/STM32Cube/Repository//en.prom-stm32n6-mcu-finder.png
2025-02-17 21:44:44,124 [INFO] MultiScanPanel:200 - Auto-refresh data requested => check proxy status ongoing
2025-02-17 21:44:44,298 [INFO] LoadUrlFilesThread:185 - End of LoadServerUrlFiles without Thread
2025-02-17 21:44:44,299 [INFO] DetailPanel:341 - Set advertising image to /home/engineering/STM32Cube/Repository//en.prom-stm32n6-mcu-finder.png
2025-02-17 21:44:44,310 [INFO] DbBoards:642 - Loading board mini-images...
2025-02-17 21:44:45,860 [INFO] DbBoards:665 - Loaded 205 board mini-images
2025-02-17 21:44:59,360 [INFO] MainUpdater:2873 - connection check result : 10
2025-02-17 21:44:59,360 [INFO] MainUpdater:2873 - connection check result : 10
2025-02-17 21:44:59,396 [INFO] RulesReader:64 - Compatibility file has been processed (297 Rules)
2025-02-17 21:44:59,409 [INFO] RulesReader:64 - Compatibility file has been processed (297 Rules)
2025-02-17 21:44:59,412 [INFO] MicroXplorer:468 - Change Database Path : 
2025-02-17 21:44:59,412 [INFO] MicroXplorer:498 - Change Database Version : DB.6.0.121
2025-02-17 21:44:59,420 [WARN] ThirdParty:871 - waiting for thirdparty lock release [close project]
2025-02-17 21:44:59,421 [INFO] ThirdParty:873 - entering critical section [close project]
2025-02-17 21:44:59,423 [INFO] ThirdParty:883 - exiting critical section [close project]
2025-02-17 21:44:59,424 [INFO] PinOutPanel:1561 - setPackage(No Configuration,No Configuration)
2025-02-17 21:44:59,428 [INFO] UtilMem:75 - Begin LoadConfig() Used Memory: 545777872 Bytes (769654784)
2025-02-17 21:44:59,430 [INFO] OpenFileManager:332 - Change cursor
2025-02-17 21:44:59,448 [INFO] ProjectFactory:442 - No CPN specified for board STM32F407G-DISC1 => set CPN to STM32F407VGT6
2025-02-17 21:44:59,449 [INFO] Mcu:2032 - Initializing MCU STM32F407V(E-G)Tx STM32F407VGTx STM32F407VGT6
2025-02-17 21:45:03,314 [INFO] Context:742 - Trying to add GPIOservice into a context  which must be forbidden
2025-02-17 21:45:03,791 [INFO] Rule:228 - rule 117617 - U5Cobra4M][GTZC] default value MPCBB3 and MPCBB5 - Not Secured memory - MPCBB1 is applicable
2025-02-17 21:45:03,791 [INFO] Rule:228 - rule 117617 - U5Cobra4M][GTZC] default value MPCBB3 and MPCBB5 - Not Secured memory - MPCBB1 is applicable
2025-02-17 21:45:03,791 [INFO] Rule:228 - rule 117617 - U5Cobra4M][GTZC] default value MPCBB3 and MPCBB5 - Not Secured memory - MPCBB2 is applicable
2025-02-17 21:45:03,791 [INFO] Rule:228 - rule 117617 - U5Cobra4M][GTZC] default value MPCBB3 and MPCBB5 - Not Secured memory - MPCBB2 is applicable
2025-02-17 21:45:03,791 [INFO] Rule:228 - rule 117617 - U5Cobra4M][GTZC] default value MPCBB3 and MPCBB5 - Not Secured memory - MPCBB3 is applicable
2025-02-17 21:45:03,791 [INFO] Rule:228 - rule 117617 - U5Cobra4M][GTZC] default value MPCBB3 and MPCBB5 - Not Secured memory - MPCBB3 is applicable
2025-02-17 21:45:03,791 [INFO] Rule:228 - rule 117617 - U5Cobra4M][GTZC] default value MPCBB3 and MPCBB5 - Not Secured memory - MPCBB4 is applicable
2025-02-17 21:45:03,791 [INFO] Rule:228 - rule 117617 - U5Cobra4M][GTZC] default value MPCBB3 and MPCBB5 - Not Secured memory - MPCBB4 is applicable
2025-02-17 21:45:03,791 [INFO] Rule:228 - rule 117617 - U5Cobra4M][GTZC] default value MPCBB3 and MPCBB5 - Secured memory - MPCBB1 is applicable
2025-02-17 21:45:03,792 [INFO] Rule:228 - rule 117617 - U5Cobra4M][GTZC] default value MPCBB3 and MPCBB5 - Secured memory - MPCBB2 is applicable
2025-02-17 21:45:03,792 [INFO] Rule:228 - rule 117617 - U5Cobra4M][GTZC] default value MPCBB3 and MPCBB5 - Secured memory - MPCBB3 is applicable
2025-02-17 21:45:03,792 [INFO] Rule:228 - rule 117617 - U5Cobra4M][GTZC] default value MPCBB3 and MPCBB5 - Secured memory - MPCBB4 is applicable
2025-02-17 21:45:03,792 [INFO] Rule:228 - rule 117617 - U5Cobra4M][GTZC] default value MPCBB3 and MPCBB5 - Privileged memory - MPCBB1 is applicable
2025-02-17 21:45:03,792 [INFO] Rule:228 - rule 117617 - U5Cobra4M][GTZC] default value MPCBB3 and MPCBB5 - Privileged memory - MPCBB2 is applicable
2025-02-17 21:45:03,792 [INFO] Rule:228 - rule 117617 - U5Cobra4M][GTZC] default value MPCBB3 and MPCBB5 - Privileged memory - MPCBB3 is applicable
2025-02-17 21:45:03,792 [INFO] Rule:228 - rule 117617 - U5Cobra4M][GTZC] default value MPCBB3 and MPCBB5 - Privileged memory - MPCBB4 is applicable
2025-02-17 21:45:03,792 [INFO] Rule:228 - rule 117617 - U5Cobra4M][GTZC] default value MPCBB3 and MPCBB5 - Not Privileged memory - MPCBB1 is applicable
2025-02-17 21:45:03,792 [INFO] Rule:228 - rule 117617 - U5Cobra4M][GTZC] default value MPCBB3 and MPCBB5 - Not Privileged memory - MPCBB2 is applicable
2025-02-17 21:45:03,792 [INFO] Rule:228 - rule 117617 - U5Cobra4M][GTZC] default value MPCBB3 and MPCBB5 - Not Privileged memory - MPCBB3 is applicable
2025-02-17 21:45:03,792 [INFO] Rule:228 - rule 117617 - U5Cobra4M][GTZC] default value MPCBB3 and MPCBB5 - Not Privileged memory - MPCBB4 is applicable
2025-02-17 21:45:03,792 [INFO] Rule:228 - rule 117617 - U5Cobra4M][GTZC] default value MPCBB3 and MPCBB5 - Privileged memory - MPCBB1 is applicable
2025-02-17 21:45:03,792 [INFO] Rule:228 - rule 117617 - U5Cobra4M][GTZC] default value MPCBB3 and MPCBB5 - Privileged memory - MPCBB2 is applicable
2025-02-17 21:45:03,792 [INFO] Rule:228 - rule 117617 - U5Cobra4M][GTZC] default value MPCBB3 and MPCBB5 - Privileged memory - MPCBB3 is applicable
2025-02-17 21:45:03,792 [INFO] Rule:228 - rule 117617 - U5Cobra4M][GTZC] default value MPCBB3 and MPCBB5 - Privileged memory - MPCBB4 is applicable
2025-02-17 21:45:03,792 [INFO] Rule:228 - rule 117617 - U5Cobra4M][GTZC] default value MPCBB3 and MPCBB5 - Privileged memory - MPCBB1 is applicable
2025-02-17 21:45:03,792 [INFO] Rule:228 - rule 117617 - U5Cobra4M][GTZC] default value MPCBB3 and MPCBB5 - Privileged memory - MPCBB2 is applicable
2025-02-17 21:45:03,792 [INFO] Rule:228 - rule 117617 - U5Cobra4M][GTZC] default value MPCBB3 and MPCBB5 - Privileged memory - MPCBB3 is applicable
2025-02-17 21:45:03,792 [INFO] Rule:228 - rule 117617 - U5Cobra4M][GTZC] default value MPCBB3 and MPCBB5 - Privileged memory - MPCBB4 is applicable
2025-02-17 21:45:03,792 [INFO] Rule:228 - rule 117617 - U5Cobra4M][GTZC] default value MPCBB3 and MPCBB5 - Not Privileged memory - MPCBB1 is applicable
2025-02-17 21:45:03,792 [INFO] Rule:228 - rule 117617 - U5Cobra4M][GTZC] default value MPCBB3 and MPCBB5 - Not Privileged memory - MPCBB2 is applicable
2025-02-17 21:45:03,792 [INFO] Rule:228 - rule 117617 - U5Cobra4M][GTZC] default value MPCBB3 and MPCBB5 - Not Privileged memory - MPCBB3 is applicable
2025-02-17 21:45:03,792 [INFO] Rule:228 - rule 117617 - U5Cobra4M][GTZC] default value MPCBB3 and MPCBB5 - Not Privileged memory - MPCBB4 is applicable
2025-02-17 21:45:03,792 [INFO] Rule:228 - rule 117617 - U5Cobra4M][GTZC] default value MPCBB3 and MPCBB5 - Privileged memory - MPCBB1 is applicable
2025-02-17 21:45:03,792 [INFO] Rule:228 - rule 117617 - U5Cobra4M][GTZC] default value MPCBB3 and MPCBB5 - Privileged memory - MPCBB2 is applicable
2025-02-17 21:45:03,792 [INFO] Rule:228 - rule 117617 - U5Cobra4M][GTZC] default value MPCBB3 and MPCBB5 - Privileged memory - MPCBB3 is applicable
2025-02-17 21:45:03,792 [INFO] Rule:228 - rule 117617 - U5Cobra4M][GTZC] default value MPCBB3 and MPCBB5 - Privileged memory - MPCBB4 is applicable
2025-02-17 21:45:03,792 [INFO] Rule:228 - rule Rename SubGHz_Phy SUBGHZ_APPLICATION SUBGHZ_PINGPONG to SUBGHZ_ADV_APPLICATION is applicable
2025-02-17 21:45:03,792 [INFO] Rule:228 - rule Rename Enabled to IBEACON is applicable
2025-02-17 21:45:03,793 [INFO] Rule:228 - rule GTZC_S instance for project manager is applicable
2025-02-17 21:45:03,793 [INFO] Rule:228 - rule GTZC_S instance for context M33S is applicable
2025-02-17 21:45:03,793 [INFO] Rule:228 - rule GTZC_S instance value for IP GTZC is applicable
2025-02-17 21:45:03,793 [INFO] Rule:228 - rule GTZC_S instance for mcu.IP is applicable
2025-02-17 21:45:03,793 [INFO] Rule:228 - rule GTZC_S instance for VP is applicable
2025-02-17 21:45:03,793 [INFO] Rule:228 - rule GTZC_S instance for signal is applicable
2025-02-17 21:45:03,793 [INFO] Rule:228 - rule GTZC_S instance for mcu.Pin is applicable
2025-02-17 21:45:03,793 [INFO] Rule:228 - rule GTZC_S instance for VP is applicable
2025-02-17 21:45:03,793 [INFO] Rule:228 - rule GTZC_S instance for signal is applicable
2025-02-17 21:45:03,793 [INFO] Rule:228 - rule GTZC_S instance for mcu is applicable
2025-02-17 21:45:03,793 [INFO] Rule:228 - rule GTZC_S instance for mcu.Pin is applicable
2025-02-17 21:45:03,793 [INFO] Rule:228 - rule GTZC_S instance value for IP GTZC is applicable
2025-02-17 21:45:03,793 [INFO] Rule:228 - rule GTZC_S instance for project manager is applicable
2025-02-17 21:45:03,793 [INFO] Rule:228 - rule GTZC_S instance for context M33S is applicable
2025-02-17 21:45:03,793 [INFO] Rule:228 - rule GTZC_S instance for VP is applicable
2025-02-17 21:45:03,793 [INFO] Rule:228 - rule GTZC_S instance for signal is applicable
2025-02-17 21:45:03,793 [INFO] Rule:228 - rule SPDIFRX instance for mcu is applicable
2025-02-17 21:45:03,793 [INFO] Rule:228 - rule Rename Tracer Mode is applicable
2025-02-17 21:45:03,793 [INFO] Rule:228 - rule SPDIFRX instance value for IP SPDIFRX is applicable
2025-02-17 21:45:03,793 [INFO] Rule:228 - rule SPDIFRX instance for signal is applicable
2025-02-17 21:45:03,793 [INFO] Rule:228 - rule SPDIFRX instance for project manager is applicable
2025-02-17 21:45:03,793 [INFO] Rule:228 - rule SPDIFRX instance for project manager is applicable
2025-02-17 21:45:03,793 [INFO] Rule:228 - rule ADC Scan  fix with FW F7 is applicable
2025-02-17 21:45:03,793 [INFO] Rule:228 - rule ADC Scan  fix with FW F7 is applicable
2025-02-17 21:45:03,794 [INFO] Rule:228 - rule WakeUp0 Mode is applicable
2025-02-17 21:45:03,794 [INFO] Rule:228 - rule WakeUp0 SIGNAL is applicable
2025-02-17 21:45:03,794 [INFO] Rule:228 - rule WakeUp1 Mode is applicable
2025-02-17 21:45:03,794 [INFO] Rule:228 - rule WakeUp1 SIGNAL is applicable
2025-02-17 21:45:03,794 [INFO] Rule:228 - rule WakeUp2 Mode is applicable
2025-02-17 21:45:03,794 [INFO] Rule:228 - rule WakeUp2 SIGNAL is applicable
2025-02-17 21:45:03,794 [INFO] Rule:228 - rule WakeUp4 Mode is applicable
2025-02-17 21:45:03,794 [INFO] Rule:228 - rule WakeUp4 SIGNAL is applicable
2025-02-17 21:45:03,794 [INFO] Rule:228 - rule WakeUp5 Mode is applicable
2025-02-17 21:45:03,794 [INFO] Rule:228 - rule WakeUp5 SIGNAL is applicable
2025-02-17 21:45:03,794 [INFO] Rule:228 - rule UART/USART WORD LENGTH 7 is applicable
2025-02-17 21:45:03,803 [INFO] Rule:228 - rule UART/USART WORD LENGTH 8 is applicable
2025-02-17 21:45:03,803 [INFO] Rule:228 - rule UART/USART WORD LENGTH 9 is applicable
2025-02-17 21:45:03,804 [INFO] Rule:228 - rule Change Default Value for LSE Drive Capability for WB family is applicable
2025-02-17 21:45:03,804 [INFO] Rule:228 - rule Change Default Value for ADC Clock Prescaler G0 family is applicable
2025-02-17 21:45:03,804 [INFO] Rule:228 - rule ADC SamplingTime fix with FW L0  is applicable
2025-02-17 21:45:03,804 [INFO] Rule:228 - rule ADC SamplingTime fix with FW L0  is applicable
2025-02-17 21:45:03,804 [INFO] Rule:228 - rule ADC SamplingTime fix with FW L0 is applicable
2025-02-17 21:45:03,804 [INFO] Rule:228 - rule ADC SamplingTime fix with FW L0 is applicable
2025-02-17 21:45:03,804 [INFO] Rule:228 - rule ADC SamplingTime fix with FW L0  is applicable
2025-02-17 21:45:03,804 [INFO] Rule:228 - rule ADC SamplingTime fix with FW L0 is applicable
2025-02-17 21:45:03,804 [INFO] Rule:228 - rule Rename USB_OE Signal is applicable
2025-02-17 21:45:03,804 [INFO] Rule:228 - rule Rename Activate_OE Mode is applicable
2025-02-17 21:45:03,804 [INFO] Rule:228 - rule Rename DIE462/DIE415 pin PC14/OSC32_IN -> PC14-OSC32_IN (PC14) is applicable
2025-02-17 21:45:03,804 [INFO] Rule:228 - rule Rename DIE462/DIE415 pin PC15/OSC32_OUT -> PC15-OSC32_OUT (PC15) is applicable
2025-02-17 21:45:03,804 [INFO] Rule:228 - rule Rename DIE462/DIE415 pin PH0/OSC_IN -> PH0-OSC_IN (PH0) is applicable
2025-02-17 21:45:03,804 [INFO] Rule:228 - rule Rename DIE462/DIE415 pin PH1/OSC_OUT -> PH1-OSC_OUT (PH1) is applicable
2025-02-17 21:45:03,805 [INFO] Rule:228 - rule Rename DIE462 pin PA13 -> PA13 (JTMS/SWDIO) is applicable
2025-02-17 21:45:03,805 [INFO] Rule:228 - rule Rename DIE415 pin PA13 -> PA13 (JTMS/SWDIO) is applicable
2025-02-17 21:45:03,805 [INFO] Rule:228 - rule Rename DIE462 pin PA14 -> PA14 (JTCK/SWCLK) is applicable
2025-02-17 21:45:03,805 [INFO] Rule:228 - rule Rename DIE415 pin PA14 -> PA14 (JTCK/SWCLK) is applicable
2025-02-17 21:45:03,805 [INFO] Rule:228 - rule Rename DIE462/DIE415 pin PA15 -> PA15 (JTDI) is applicable
2025-02-17 21:45:03,805 [INFO] Rule:228 - rule Rename DIE462 pin PB3 -> PB3 (JTD0/TRACESWO) is applicable
2025-02-17 21:45:03,805 [INFO] Rule:228 - rule Rename DIE415 pin PB3 -> PB3 (JTD0-TRACESWO) is applicable
2025-02-17 21:45:03,805 [INFO] Rule:228 - rule Rename DIE462/DIE415 pin PB4 -> PB4 (NJTRST) is applicable
2025-02-17 21:45:03,805 [INFO] Rule:228 - rule Rename DIE462 pin PH3/BOOT0 -> PH3-BOOT0 (BOOT0) is applicable
2025-02-17 21:45:03,805 [INFO] Rule:228 - rule Rename CRYP DataEncryptionTypesList to Algorithm is applicable
2025-02-17 21:45:03,805 [INFO] Rule:228 - rule Rename AES DataEncryptionTypesList to Algorithm is applicable
2025-02-17 21:45:03,805 [INFO] Rule:228 - rule Rename TDESECB to CRYP_TDES_ECB is applicable
2025-02-17 21:45:03,805 [INFO] Rule:228 - rule Rename TDESCBC to CRYP_TDES_CBC is applicable
2025-02-17 21:45:03,805 [INFO] Rule:228 - rule Rename DESECB to CRYP_DES_ECB is applicable
2025-02-17 21:45:03,805 [INFO] Rule:228 - rule Rename DESCBC to CRYP_DES_CBC is applicable
2025-02-17 21:45:03,805 [INFO] Rule:228 - rule Rename AESECB to CRYP_AES_ECB is applicable
2025-02-17 21:45:03,805 [INFO] Rule:228 - rule Rename AESCBC to CRYP_AES_CBC is applicable
2025-02-17 21:45:03,805 [INFO] Rule:228 - rule Rename AESCTR to CRYP_AES_CTR is applicable
2025-02-17 21:45:03,805 [INFO] Rule:228 - rule Rename AESGCM to CRYP_AES_GCM is applicable
2025-02-17 21:45:03,805 [INFO] Rule:228 - rule Rename AESCCM to CRYP_AES_CCM is applicable
2025-02-17 21:45:03,805 [INFO] Rule:228 - rule Rename CAN TimeSeg1 to BS1 is applicable
2025-02-17 21:45:03,805 [INFO] Rule:228 - rule Rename CAN TimeSeg2 to BS2 is applicable
2025-02-17 21:45:03,805 [INFO] Rule:228 - rule Rename CAN SyncJumpWidth to SJW is applicable
2025-02-17 21:45:03,805 [INFO] Rule:228 - rule TimeTriggeredMode to TTCM is applicable
2025-02-17 21:45:03,805 [INFO] Rule:228 - rule Rename CAN AutoBusOff to ABOM is applicable
2025-02-17 21:45:03,805 [INFO] Rule:228 - rule Rename CAN AutoWakeUp to AWUM is applicable
2025-02-17 21:45:03,805 [INFO] Rule:228 - rule Rename CAN AutoRetransmission to NART is applicable
2025-02-17 21:45:03,805 [INFO] Rule:228 - rule Rename CAN ReceiveFifoLocked to RFLM is applicable
2025-02-17 21:45:03,805 [INFO] Rule:228 - rule Rename CAN TransmitFifoPriority to TXFP is applicable
2025-02-17 21:45:03,805 [INFO] Rule:228 - rule Rename HRTIMER HRTIM_OUTPUTFAULTLEVEL_HIGH in HRTIMER HRTIM_OUTPUTFAULTLEVEL_HIGHZ is applicable
2025-02-17 21:45:03,806 [INFO] Rule:228 - rule Rename TIMER TIM_CLEARINPUTSOURCE_OCREFCLR in  TIMER TIM_CLEARINPUTSOURCE_NONE for F7 family is applicable
2025-02-17 21:45:03,806 [INFO] Rule:228 - rule FDCAN_R1 - Rename FDCAN mode Master into Classic is applicable
2025-02-17 21:45:03,806 [INFO] Rule:228 - rule FDCAN_R2 - Rename FDCAN mode Slave into Classic is applicable
2025-02-17 21:45:03,806 [INFO] Rule:228 - rule FDCAN1_R3 - if PA10.Mode=FullDuplex, add Pin PA12 is applicable
2025-02-17 21:45:03,806 [INFO] Rule:228 - rule FDCAN1_R3 - if PA9.Mode=FullDuplex, add Pin PA11 is applicable
2025-02-17 21:45:03,809 [INFO] Rule:228 - rule FDCAN1_R3 - Alternatepin_1 - if PE1.Mode=FullDuplex, add Pin PB9 is applicable
2025-02-17 21:45:03,809 [INFO] Rule:228 - rule FDCAN1_R3 - Alternatepin_1 - if PE0.Mode=FullDuplex, add Pin PB8 is applicable
2025-02-17 21:45:03,809 [INFO] Rule:228 - rule FDCAN1_R3 - Alternatepin_2 - if PD5.Mode=FullDuplex, add Pin PD1 is applicable
2025-02-17 21:45:03,809 [INFO] Rule:228 - rule FDCAN1_R3 - Alternatepin_2 - if PD4.Mode=FullDuplex, add Pin PD0 is applicable
2025-02-17 21:45:03,809 [INFO] Rule:228 - rule FDCAN1_R4 - Rename Mode FullDuplex into Enable FDCAN_TXFD for pin PA10 is applicable
2025-02-17 21:45:03,809 [INFO] Rule:228 - rule FDCAN1_R4 - Rename Mode FullDuplex into Enable FDCAN_TXFD for pin PA9 is applicable
2025-02-17 21:45:03,809 [INFO] Rule:228 - rule FDCAN1_R4 - Alternatepin_1 - Rename Mode FullDuplex into Enable FDCAN_TXFD for pin PE1 is applicable
2025-02-17 21:45:03,809 [INFO] Rule:228 - rule FDCAN1_R4 - Alternatepin_1 - Rename Mode FullDuplex into Enable FDCAN_TXFD for pin PE0 is applicable
2025-02-17 21:45:03,810 [INFO] Rule:228 - rule FDCAN1_R4 - Alternatepin_2 - Rename Mode FullDuplex into Enable FDCAN_TXFD for pin PD5 is applicable
2025-02-17 21:45:03,810 [INFO] Rule:228 - rule FDCAN1_R4 - Alternatepin_2 - Rename Mode FullDuplex into Enable FDCAN_TXFD for pin PD4 is applicable
2025-02-17 21:45:03,810 [INFO] Rule:228 - rule FDCAN2_R3 - if PD10.Mode=FullDuplex, add Pin PB13 is applicable
2025-02-17 21:45:03,810 [INFO] Rule:228 - rule FDCAN2_R3 - if PD9.Mode=FullDuplex, add Pin PB12 is applicable
2025-02-17 21:45:03,810 [INFO] Rule:228 - rule FDCAN2_R3 - Alternatepin_1 - if PB7.Mode=FullDuplex, add Pin PB6 is applicable
2025-02-17 21:45:03,810 [INFO] Rule:228 - rule FDCAN2_R3 - Alternatepin_1 - if PD9.Mode=FullDuplex, add Pin PB12 is applicable
2025-02-17 21:45:03,810 [INFO] Rule:228 - rule FDCAN2_R4 - Rename Mode FullDuplex into Enable FDCAN_TXFD for pin PD10 is applicable
2025-02-17 21:45:03,810 [INFO] Rule:228 - rule FDCAN2_R4 - Rename Mode FullDuplex into Enable FDCAN_TXFD for pin PD9 is applicable
2025-02-17 21:45:03,810 [INFO] Rule:228 - rule FDCAN2_R4 - Alternatepin_1 - Rename Mode FullDuplex into Enable FDCAN_TXFD for pin PB7 is applicable
2025-02-17 21:45:03,810 [INFO] Rule:228 - rule FDCAN2_R4 - Alternatepin_1 - Rename Mode FullDuplex into Enable FDCAN_TXFD for pin PD6 is applicable
2025-02-17 21:45:03,810 [INFO] Rule:228 - rule USART TxPinLevelInvertParam Mode is applicable
2025-02-17 21:45:03,810 [INFO] Rule:228 - rule USART RxPinLevelInvertParam Mode is applicable
2025-02-17 21:45:03,810 [INFO] Rule:228 - rule USART DataInvertParam Mode is applicable
2025-02-17 21:45:03,810 [INFO] Rule:228 - rule USART SwapParam Mode is applicable
2025-02-17 21:45:03,813 [INFO] Rule:228 - rule USART OverrunDisableParam Mode is applicable
2025-02-17 21:45:03,813 [INFO] Rule:228 - rule USART DMADisableonRxErrorParam Mode is applicable
2025-02-17 21:45:03,813 [INFO] Rule:228 - rule USART MSBFirstParam Mode is applicable
2025-02-17 21:45:03,813 [INFO] Rule:228 - rule Update MwName for USB_DEVICE is applicable
2025-02-17 21:45:03,813 [INFO] Rule:228 - rule Change PWR_Regulator_Voltage_Scale Default Value for RCC  H7 family is applicable
2025-02-17 21:45:03,813 [INFO] Rule:228 - rule UART/USART IPParameter rename Prescaler parameter to ClockPrescaler is applicable
2025-02-17 21:45:03,813 [INFO] Rule:228 - rule UART/USART Prescaler rename Prescaler parameter to ClockPrescaler is applicable
2025-02-17 21:45:03,813 [INFO] Rule:228 - rule TIM1CLockSelection is applicable
2025-02-17 21:45:03,813 [INFO] Rule:228 - rule TIM15CLockSelection is applicable
2025-02-17 21:45:03,813 [INFO] Rule:228 - rule align RCC SDMMC3CLockSelection default value on MP1 is applicable
2025-02-17 21:45:03,813 [INFO] Rule:228 - rule align RCC SDMMC12CLockSelection default value on MP1 is applicable
2025-02-17 21:45:03,813 [INFO] Rule:228 - rule align RCC QSPICLockSelection default value on MP1 is applicable
2025-02-17 21:45:03,813 [INFO] Rule:228 - rule align RCC QSPICLockSelection default value on MP1 is applicable
2025-02-17 21:45:03,813 [INFO] Rule:228 - rule align RCC SPI6CLockSelection default value on MP1 is applicable
2025-02-17 21:45:03,813 [INFO] Rule:228 - rule align RCC LPTIM23CLockSelection default value on MP1 is applicable
2025-02-17 21:45:03,813 [INFO] Rule:228 - rule align RCC LPTIM1CLockSelection default value on MP1 is applicable
2025-02-17 21:45:03,813 [INFO] Rule:228 - rule align RCC USART1CLockSelection default value on MP1 is applicable
2025-02-17 21:45:03,813 [INFO] Rule:228 - rule align RCC USART24CLockSelection default value on MP1 is applicable
2025-02-17 21:45:03,813 [INFO] Rule:228 - rule align RCC USART6CLockSelection default value on MP1 is applicable
2025-02-17 21:45:03,814 [INFO] Rule:228 - rule align RCC UART78CLockSelection default value on MP1 is applicable
2025-02-17 21:45:03,814 [INFO] Rule:228 - rule align RCC USART35CLockSelection default value on MP1 is applicable
2025-02-17 21:45:03,814 [INFO] Rule:228 - rule align RCC SPI45CLockSelection default value on MP1 is applicable
2025-02-17 21:45:03,814 [INFO] Rule:228 - rule align RCC I2C46CLockSelection BCLK value on MP1 is applicable
2025-02-17 21:45:03,814 [INFO] Rule:228 - rule align RCC SPI45CLockSelection default value on MP1 is applicable
2025-02-17 21:45:03,814 [INFO] Rule:228 - rule align RCC I2C12CLockSelection default value on MP1 is applicable
2025-02-17 21:45:03,814 [INFO] Rule:228 - rule align RCC I2C35CLockSelection default value on MP1 is applicable
2025-02-17 21:45:03,814 [INFO] Rule:228 - rule align RCC LPTIM45CLockSelection default value on MP1 is applicable
2025-02-17 21:45:03,814 [INFO] Rule:228 - rule Rename DCMI PIXCK signal is applicable
2025-02-17 21:45:03,814 [INFO] Rule:228 - rule Change Default Value for I2C46CLockSelection MP1 family is applicable
2025-02-17 21:45:03,817 [INFO] Rule:228 - rule Change Default Value for UART for G4, G0 and WB families is applicable
2025-02-17 21:45:03,817 [INFO] Rule:228 - rule Change Default Value for USART for G4, G0 and WB families is applicable
2025-02-17 21:45:03,817 [INFO] Rule:228 - rule Change Default Value for USART for G4 family is applicable
2025-02-17 21:45:03,817 [INFO] Rule:228 - rule Change USART1CLockSelection refparam name for MP1 is applicable
2025-02-17 21:45:03,817 [INFO] Rule:228 - rule Change USART2CLockSelection refparam name for MP1 is applicable
2025-02-17 21:45:03,817 [INFO] Rule:228 - rule Change USART3CLockSelection refparam name for MP1 is applicable
2025-02-17 21:45:03,817 [INFO] Rule:228 - rule Change UART4CLockSelection refparam name for MP1 is applicable
2025-02-17 21:45:03,817 [INFO] Rule:228 - rule Change UART5CLockSelection refparam name for MP1 is applicable
2025-02-17 21:45:03,817 [INFO] Rule:228 - rule Change LPUART1CLockSelection refparam name for MP1 is applicable
2025-02-17 21:45:03,817 [INFO] Rule:228 - rule Change LPTIM1CLockSelection refparam name for MP1 is applicable
2025-02-17 21:45:03,817 [INFO] Rule:228 - rule Change LPTIM2CLockSelection refparam name for MP1 is applicable
2025-02-17 21:45:03,817 [INFO] Rule:228 - rule Change RCC_MCO1Source refparam name for MP1 is applicable
2025-02-17 21:45:03,817 [INFO] Rule:228 - rule Change LSCOSource1 refparam name for MP1 is applicable
2025-02-17 21:45:03,817 [INFO] Rule:228 - rule Change SMPSCLockSelection refparam name for MP1 is applicable
2025-02-17 21:45:03,817 [INFO] Rule:228 - rule Change LPTIM3CLockSelection refparam name for MP1 is applicable
2025-02-17 21:45:03,817 [INFO] Rule:228 - rule Change MPCBB* Default Template Mode to Parameters is applicable
2025-02-17 21:45:03,817 [INFO] Rule:228 - rule Change MPCWM* or MPCBB* Secure Mode to Parameters is applicable
2025-02-17 21:45:03,817 [INFO] Rule:228 - rule Change MPCWM* or MPCBB* No Secure Mode to Parameters is applicable
2025-02-17 21:45:03,817 [INFO] Rule:228 - rule Change TZSC IP Secure Mode to Parameters is applicable
2025-02-17 21:45:03,817 [INFO] Rule:228 - rule Change TZSC IP No Secure Mode to Parameters is applicable
2025-02-17 21:45:03,817 [INFO] Rule:228 - rule Change TZSC IP Privilege Mode to Parameters is applicable
2025-02-17 21:45:03,817 [INFO] Rule:228 - rule Change TZSC IP No Privilege Mode to Parameters is applicable
2025-02-17 21:45:03,818 [INFO] Rule:228 - rule Change TZIC IT Secure Mode to Parameters is applicable
2025-02-17 21:45:03,818 [INFO] Rule:228 - rule Change TZIC IT No Secure Mode to Parameters is applicable
2025-02-17 21:45:03,818 [INFO] Rule:228 - rule Add MPCBB1_NonSecureArea_Start_Address value with referenced to MPCBB1_NonSecureArea_Start value is applicable
2025-02-17 21:45:03,818 [INFO] Rule:228 - rule Add MPCBB2_NonSecureArea_Start_Address value with referenced to MPCBB2_NonSecureArea_Start value is applicable
2025-02-17 21:45:03,818 [INFO] Rule:228 - rule Add MPCWM1_NonSecureArea*_Start_Address value with referenced to MPCWM1_NonSecureArea*_Start value is applicable
2025-02-17 21:45:03,818 [INFO] Rule:228 - rule Add MPCWM2_NonSecureArea*_Start_Address value with referenced to MPCWM2_NonSecureArea*_Start value is applicable
2025-02-17 21:45:03,818 [INFO] Rule:228 - rule Add MPCWM3_NonSecureArea_Start_Address value with referenced to MPCWM3_NonSecureArea_Start value is applicable
2025-02-17 21:45:03,818 [INFO] Rule:228 - rule Change Default Value for PLL1UserDefinedConfig is applicable
2025-02-17 21:45:03,818 [INFO] Rule:228 - rule Change GPIO_PuPd Default Value for USART in async mode is applicable
2025-02-17 21:45:03,818 [INFO] Rule:228 - rule Change SMPSDivider Default Value is applicable
2025-02-17 21:45:03,818 [INFO] Rule:228 - rule OPAMP is applicable
2025-02-17 21:45:03,818 [INFO] Rule:228 - rule LPUART IPParameter rename Prescaler parameter to ClockPrescaler for STM32H7 is applicable
2025-02-17 21:45:03,818 [INFO] Rule:228 - rule LPUART IPParameter rename Prescaler parameter to ClockPrescaler for STM32H7 is applicable
2025-02-17 21:45:03,818 [INFO] Rule:228 - rule LPUART IPParameter rename Prescaler parameter to ClockPrescaler for STM32WB is applicable
2025-02-17 21:45:03,821 [INFO] Rule:228 - rule LPUART IPParameter rename Prescaler parameter to ClockPrescaler for STM32WB is applicable
2025-02-17 21:45:03,821 [INFO] Rule:228 - rule LPUART IPParameter rename Prescaler parameter to ClockPrescaler for STM32G4 is applicable
2025-02-17 21:45:03,821 [INFO] Rule:228 - rule LPUART IPParameter rename Prescaler parameter to ClockPrescaler for STM32G4 is applicable
2025-02-17 21:45:03,821 [INFO] Rule:228 - rule LPUART IPParameter rename Prescaler parameter to ClockPrescaler for STM32L5 is applicable
2025-02-17 21:45:03,821 [INFO] Rule:228 - rule LPUART IPParameter rename Prescaler parameter to ClockPrescaler for STM32L5 is applicable
2025-02-17 21:45:03,822 [INFO] Rule:228 - rule LPUART IPParameter rename Prescaler parameter to ClockPrescaler for STM32G4 is applicable
2025-02-17 21:45:03,822 [INFO] Rule:228 - rule LPUART IPParameter rename Prescaler parameter to ClockPrescaler for STM32G4 is applicable
2025-02-17 21:45:03,822 [INFO] Rule:228 - rule USB device lib V2.5.3 for L0 rename USBD_SUPPORT_USER_STRING parameter to USBD_SUPPORT_USER_STRING_DESC4 is applicable
2025-02-17 21:45:03,822 [INFO] Rule:228 - rule I2SCLockSelection clock entry align is applicable
2025-02-17 21:45:03,822 [INFO] Rule:228 - rule Assign TIMx context if used as SYS timebase is applicable
2025-02-17 21:45:03,822 [INFO] Rule:228 - rule Change GPIO_Pu Default Value for I2C is applicable
2025-02-17 21:45:03,822 [INFO] Rule:228 - rule Change GPIO_Pu Default Value for SMBus is applicable
2025-02-17 21:45:03,822 [INFO] Rule:228 - rule change FDCAN default value is applicable
2025-02-17 21:45:03,822 [INFO] Rule:228 - rule Change mode sai is applicable
2025-02-17 21:45:03,822 [INFO] Rule:228 - rule **Change sai mode is applicable
2025-02-17 21:45:03,822 [INFO] Rule:228 - rule Rename STM32WPAN CFG_BLE_IRK to CFG_BLE_IR is applicable
2025-02-17 21:45:03,822 [INFO] Rule:228 - rule Rename STM32WPAN CFG_BLE_ERK to CFG_BLE_ER is applicable
2025-02-17 21:45:03,822 [INFO] Rule:228 - rule Rename STM32WPAN CFG_BLE_IRK_HEX to CFG_BLE_IR_HEX is applicable
2025-02-17 21:45:03,822 [INFO] Rule:228 - rule Rename STM32WPAN CFG_BLE_ERK_HEX to CFG_BLE_ER_HEX is applicable
2025-02-17 21:45:03,863 [INFO] DbConfProperties:307 - Apply Compatibility (34/230 Rules)
2025-02-17 21:45:03,923 [INFO] ImportTextPane:205 - (OptionalMessage_ERROR) Unable to find key (Mcu.ThirdPartyNb) in loaded IOC file
2025-02-17 21:45:04,325 [INFO] RtosManager:555 - Registered RTOS mode: class=CMSIS, group=RTOS, mode=CMSIS_V1, owner=FREERTOS
2025-02-17 21:45:04,332 [INFO] RtosManager:555 - Registered RTOS mode: class=CMSIS, group=RTOS2, mode=CMSIS_V2, owner=FREERTOS
2025-02-17 21:45:04,332 [INFO] RtosManager:555 - Registered RTOS mode: class=RTOS, group=Core, mode=CMSIS_V1, owner=FREERTOS
2025-02-17 21:45:04,332 [INFO] RtosManager:555 - Registered RTOS mode: class=RTOS, group=Core, mode=CMSIS_V2, owner=FREERTOS
2025-02-17 21:45:04,332 [WARN] ModelIntegratedComponent:184 - Missing modes for component STMicroelectronics:FreeRTOS:0.0.1:STMicroelectronics:RTOS:FreeRTOS:Core:::10.2.0:
2025-02-17 21:45:04,362 [WARN] ModelIntegratedComponent:63 - No mode defined for component null
2025-02-17 21:45:04,362 [WARN] ModelIntegratedComponent:63 - No mode defined for component null
2025-02-17 21:45:04,362 [WARN] ModelIntegratedComponent:63 - No mode defined for component null
2025-02-17 21:45:04,362 [WARN] ModelIntegratedComponent:63 - No mode defined for component null
2025-02-17 21:45:04,362 [WARN] ModelIntegratedComponent:63 - No mode defined for component null
2025-02-17 21:45:04,362 [WARN] ModelIntegratedComponent:63 - No mode defined for component null
2025-02-17 21:45:04,362 [WARN] ModelIntegratedComponent:63 - No mode defined for component null
2025-02-17 21:45:04,362 [WARN] ModelIntegratedComponent:63 - No mode defined for component null
2025-02-17 21:45:04,362 [WARN] ModelIntegratedComponent:63 - No mode defined for component null
2025-02-17 21:45:04,362 [WARN] ModelIntegratedComponent:63 - No mode defined for component null
2025-02-17 21:45:04,362 [WARN] ModelIntegratedComponent:63 - No mode defined for component null
2025-02-17 21:45:04,362 [WARN] ModelIntegratedComponent:63 - No mode defined for component null
2025-02-17 21:45:04,362 [WARN] ModelIntegratedComponent:63 - No mode defined for component null
2025-02-17 21:45:04,362 [WARN] ModelIntegratedComponent:63 - No mode defined for component null
2025-02-17 21:45:04,362 [WARN] ModelIntegratedComponent:63 - No mode defined for component null
2025-02-17 21:45:04,362 [WARN] ModelIntegratedComponent:63 - No mode defined for component null
2025-02-17 21:45:04,362 [WARN] ModelIntegratedComponent:63 - No mode defined for component null
2025-02-17 21:45:04,362 [WARN] ModelIntegratedComponent:63 - No mode defined for component null
2025-02-17 21:45:04,362 [WARN] ModelIntegratedComponent:63 - No mode defined for component null
2025-02-17 21:45:04,362 [WARN] ModelIntegratedComponent:63 - No mode defined for component null
2025-02-17 21:45:04,362 [WARN] ModelIntegratedComponent:63 - No mode defined for component null
2025-02-17 21:45:04,362 [WARN] ModelIntegratedComponent:63 - No mode defined for component null
2025-02-17 21:45:04,363 [WARN] ModelIntegratedComponent:63 - No mode defined for component null
2025-02-17 21:45:04,363 [WARN] ModelIntegratedComponent:63 - No mode defined for component null
2025-02-17 21:45:04,363 [WARN] ModelIntegratedComponent:63 - No mode defined for component null
2025-02-17 21:45:04,363 [WARN] ModelIntegratedComponent:63 - No mode defined for component null
2025-02-17 21:45:04,363 [WARN] ModelIntegratedComponent:63 - No mode defined for component null
2025-02-17 21:45:04,363 [WARN] ModelIntegratedComponent:63 - No mode defined for component null
2025-02-17 21:45:04,363 [WARN] ModelIntegratedComponent:63 - No mode defined for component null
2025-02-17 21:45:04,363 [WARN] ModelIntegratedComponent:63 - No mode defined for component null
2025-02-17 21:45:04,363 [WARN] ModelIntegratedComponent:63 - No mode defined for component null
2025-02-17 21:45:04,363 [WARN] ModelIntegratedComponent:63 - No mode defined for component null
2025-02-17 21:45:04,363 [WARN] ModelIntegratedComponent:63 - No mode defined for component null
2025-02-17 21:45:04,363 [WARN] ModelIntegratedComponent:63 - No mode defined for component null
2025-02-17 21:45:04,363 [WARN] ModelIntegratedComponent:63 - No mode defined for component null
2025-02-17 21:45:04,366 [WARN] ModelPack:524 - Component already loaded: STMicroelectronics:HAL Drivers:0.0.0:STMicroelectronics:Device:STMicro_Driver:XSPI:HAL::0.0.1:HAL_XSPI
2025-02-17 21:45:04,498 [INFO] ThirdPartyModel:298 - Start build external matchings
2025-02-17 21:45:05,082 [INFO] ThirdPartyModel:316 - End build external matchings
2025-02-17 21:45:05,959 [INFO] UtilMem:75 - End LoadConfig() Used Memory: 483759896 Bytes (1073741824)
2025-02-17 21:45:06,133 [WARN] ThirdParty:833 - waiting for thirdparty lock release [change project]
2025-02-17 21:45:06,137 [INFO] ThirdParty:835 - entering critical section [change project]
2025-02-17 21:45:06,137 [INFO] ThirdParty:1030 - CMSIS Pack Vendor :STMicroelectronics USBPD 4.1
2025-02-17 21:45:06,137 [INFO] ThirdParty:1030 - CMSIS Pack Vendor :STMicroelectronics X-CUBE-AZRTOS-H7 3.3.0
2025-02-17 21:45:06,137 [INFO] ThirdParty:1030 - CMSIS Pack Vendor :STMicroelectronics X-CUBE-NFC9 1.0.0
2025-02-17 21:45:06,137 [INFO] ThirdParty:1030 - CMSIS Pack Vendor :STMicroelectronics USB_HOST 2.0.0
2025-02-17 21:45:06,137 [INFO] ThirdParty:1030 - CMSIS Pack Vendor :STMicroelectronics FP-SNS-MOTENVWB1 1.4.0
2025-02-17 21:45:06,137 [INFO] ThirdParty:1030 - CMSIS Pack Vendor :STMicroelectronics X-CUBE-AZRTOS-F4 1.1.0
2025-02-17 21:45:06,137 [INFO] ThirdParty:1030 - CMSIS Pack Vendor :STMicroelectronics LIBJPEG 8.0.0
2025-02-17 21:45:06,137 [INFO] ThirdParty:1030 - CMSIS Pack Vendor :STMicroelectronics FP-ATR-ASTRA1 2.0.1
2025-02-17 21:45:06,137 [INFO] ThirdParty:1030 - CMSIS Pack Vendor :STMicroelectronics X-CUBE-SMBUS 2.1.0
2025-02-17 21:45:06,137 [INFO] ThirdParty:1030 - CMSIS Pack Vendor :STMicroelectronics X-CUBE-WB05N 1.1.0
2025-02-17 21:45:06,137 [INFO] ThirdParty:1030 - CMSIS Pack Vendor :STMicroelectronics USB_DEVICE 3.0.0
2025-02-17 21:45:06,137 [INFO] ThirdParty:1030 - CMSIS Pack Vendor :STMicroelectronics X-CUBE-TCPP 4.1.0
2025-02-17 21:45:06,137 [INFO] ThirdParty:1030 - CMSIS Pack Vendor :STMicroelectronics X-CUBE-ISPU 2.1.0
2025-02-17 21:45:06,137 [INFO] ThirdParty:1030 - CMSIS Pack Vendor :STMicroelectronics X-CUBE-FREERTOS 1.2.0
2025-02-17 21:45:06,138 [INFO] ThirdParty:1030 - CMSIS Pack Vendor :STMicroelectronics X-CUBE-IPS 3.0.0
2025-02-17 21:45:06,138 [INFO] ThirdParty:1030 - CMSIS Pack Vendor :STMicroelectronics X-CUBE-AZRTOS-WB 2.0.0
2025-02-17 21:45:06,138 [INFO] ThirdParty:1030 - CMSIS Pack Vendor :STMicroelectronics X-CUBE-GNSS1 7.0.0
2025-02-17 21:45:06,138 [INFO] ThirdParty:1030 - CMSIS Pack Vendor :STMicroelectronics X-CUBE-GNSS1 7.0.1
2025-02-17 21:45:06,138 [INFO] ThirdParty:1030 - CMSIS Pack Vendor :STMicroelectronics X-CUBE-AZRTOS-F7 1.1.0
2025-02-17 21:45:06,138 [INFO] ThirdParty:1030 - CMSIS Pack Vendor :STMicroelectronics X-CUBE-AZRTOS-L5 2.0.0
2025-02-17 21:45:06,138 [INFO] ThirdParty:1030 - CMSIS Pack Vendor :STMicroelectronics USB_DEVICE 2.0.0
2025-02-17 21:45:06,138 [INFO] ThirdParty:1030 - CMSIS Pack Vendor :STMicroelectronics X-CUBE-NFC6 3.1.0
2025-02-17 21:45:06,139 [INFO] ThirdParty:1030 - CMSIS Pack Vendor :STMicroelectronics FP-SNS-STBOX1 2.0.0
2025-02-17 21:45:06,139 [INFO] ThirdParty:1030 - CMSIS Pack Vendor :STMicroelectronics X-CUBE-MEMS1 11.0.0
2025-02-17 21:45:06,139 [INFO] ThirdParty:1030 - CMSIS Pack Vendor :STMicroelectronics FreeRTOS 0.0.1
2025-02-17 21:45:06,139 [INFO] ThirdParty:1030 - CMSIS Pack Vendor :STMicroelectronics X-CUBE-AZRTOS-G0 1.1.0
2025-02-17 21:45:06,139 [INFO] ThirdParty:1030 - CMSIS Pack Vendor :STMicroelectronics X-CUBE-SAFEA1 1.2.2
2025-02-17 21:45:06,139 [INFO] ThirdParty:1030 - CMSIS Pack Vendor :STMicroelectronics X-CUBE-NFC4 3.0.0
2025-02-17 21:45:06,139 [INFO] ThirdParty:1030 - CMSIS Pack Vendor :STMicroelectronics X-CUBE-DPower 1.2.0
2025-02-17 21:45:06,139 [INFO] ThirdParty:1030 - CMSIS Pack Vendor :STMicroelectronics X-CUBE-SUBG2 5.0.0
2025-02-17 21:45:06,139 [INFO] ThirdParty:1030 - CMSIS Pack Vendor :STMicroelectronics STM32_WPAN 1.0.0
2025-02-17 21:45:06,139 [INFO] ThirdParty:1030 - CMSIS Pack Vendor :EmbeddedOffice I-CUBE-FS-RTOS 1.0.1
2025-02-17 21:45:06,139 [INFO] ThirdParty:1030 - CMSIS Pack Vendor :STMicroelectronics lwIP 2.0.3
2025-02-17 21:45:06,139 [INFO] ThirdParty:1030 - CMSIS Pack Vendor :STMicroelectronics FP-SNS-FLIGHT1 5.0.2
2025-02-17 21:45:06,139 [INFO] ThirdParty:1030 - CMSIS Pack Vendor :Cesanta I-CUBE-Mongoose 7.13.0
2025-02-17 21:45:06,139 [INFO] ThirdParty:1030 - CMSIS Pack Vendor :STMicroelectronics USB_HOST 1.0.0
2025-02-17 21:45:06,139 [INFO] ThirdParty:1030 - CMSIS Pack Vendor :STMicroelectronics X-CUBE-AZRTOS-G4 2.0.0
2025-02-17 21:45:06,139 [INFO] ThirdParty:1030 - CMSIS Pack Vendor :STMicroelectronics PDM2PCM 3.1.0
2025-02-17 21:45:06,139 [INFO] ThirdParty:1030 - CMSIS Pack Vendor :STMicroelectronics PDM2PCM 3.3.0
2025-02-17 21:45:06,139 [INFO] ThirdParty:1030 - CMSIS Pack Vendor :STMicroelectronics X-CUBE-DISPLAY 3.0.0
2025-02-17 21:45:06,139 [INFO] ThirdParty:1030 - CMSIS Pack Vendor :RealThread X-CUBE-RT-Thread_Nano 4.1.1
2025-02-17 21:45:06,139 [INFO] ThirdParty:1030 - CMSIS Pack Vendor :STMicroelectronics X-CUBE-BLE1 7.0.0
2025-02-17 21:45:06,139 [INFO] ThirdParty:1030 - CMSIS Pack Vendor :STMicroelectronics FP-ATR-SIGFOX1 3.2.0
2025-02-17 21:45:06,139 [INFO] ThirdParty:1030 - CMSIS Pack Vendor :STMicroelectronics X-CUBE-NFC10 1.0.0
2025-02-17 21:45:06,139 [INFO] ThirdParty:1030 - CMSIS Pack Vendor :quantropi X-CUBE-qispace-sdk-base 1.9.3
2025-02-17 21:45:06,139 [INFO] ThirdParty:1030 - CMSIS Pack Vendor :STMicroelectronics X-CUBE-BLEMGR 4.0.0
2025-02-17 21:45:06,139 [INFO] ThirdParty:1030 - CMSIS Pack Vendor :STMicroelectronics X-CUBE-EEPRMA1 5.1.0
2025-02-17 21:45:06,139 [INFO] ThirdParty:1030 - CMSIS Pack Vendor :STMicroelectronics HAL Drivers 0.0.0
2025-02-17 21:45:06,139 [INFO] ThirdParty:1030 - CMSIS Pack Vendor :STMicroelectronics MBEDTLS 2.16.2
2025-02-17 21:45:06,139 [INFO] ThirdParty:1030 - CMSIS Pack Vendor :STMicroelectronics X-CUBE-ALS 1.0.2
2025-02-17 21:45:06,139 [INFO] ThirdParty:1030 - CMSIS Pack Vendor :emotas I-CUBE-CANOPEN 1.3.0
2025-02-17 21:45:06,139 [INFO] ThirdParty:1030 - CMSIS Pack Vendor :STMicroelectronics X-CUBE-FREERTOS 1.3.0
2025-02-17 21:45:06,139 [INFO] ThirdParty:1030 - CMSIS Pack Vendor :wolfSSL I-CUBE-wolfSSL 5.7.4
2025-02-17 21:45:06,139 [INFO] ThirdParty:1030 - CMSIS Pack Vendor :STMicroelectronics X-CUBE-NFC7 1.0.1
2025-02-17 21:45:06,140 [INFO] ThirdParty:1030 - CMSIS Pack Vendor :STMicroelectronics MBEDTLS 2.14.1
2025-02-17 21:45:06,140 [INFO] ThirdParty:1030 - CMSIS Pack Vendor :ITTIA_DB I-CUBE-ITTIADB 8.9.0
2025-02-17 21:45:06,140 [INFO] ThirdParty:1030 - CMSIS Pack Vendor :STMicroelectronics X-CUBE-TOUCHGFX 4.24.2
2025-02-17 21:45:06,140 [INFO] ThirdParty:1030 - CMSIS Pack Vendor :STMicroelectronics X-CUBE-TOUCHGFX 4.24.1
2025-02-17 21:45:06,140 [INFO] ThirdParty:1030 - CMSIS Pack Vendor :wolfSSL I-CUBE-wolfTPM 3.4.0
2025-02-17 21:45:06,140 [INFO] ThirdParty:1030 - CMSIS Pack Vendor :portGmbH I-Cube-SoM-uGOAL 1.1.0
2025-02-17 21:45:06,140 [INFO] ThirdParty:1030 - CMSIS Pack Vendor :STMicroelectronics X-CUBE-BLEMGR 3.1.0
2025-02-17 21:45:06,140 [INFO] ThirdParty:1030 - CMSIS Pack Vendor :STMicroelectronics X-CUBE-AI 10.0.0
2025-02-17 21:45:06,140 [INFO] ThirdParty:1030 - CMSIS Pack Vendor :STMicroelectronics ThreadX 1.0.0
2025-02-17 21:45:06,140 [INFO] ThirdParty:1030 - CMSIS Pack Vendor :STMicroelectronics FP-SNS-SMARTAG2 1.2.0
2025-02-17 21:45:06,140 [INFO] ThirdParty:1030 - CMSIS Pack Vendor :STMicroelectronics X-CUBE-MEMS1 11.1.0
2025-02-17 21:45:06,140 [INFO] ThirdParty:1030 - CMSIS Pack Vendor :STMicroelectronics X-CUBE-AZRTOS-WL 2.0.0
2025-02-17 21:45:06,140 [INFO] ThirdParty:1030 - CMSIS Pack Vendor :SEGGER I-CUBE-embOS 1.3.1
2025-02-17 21:45:06,140 [INFO] ThirdParty:1030 - CMSIS Pack Vendor :STMicroelectronics X-CUBE-ALGOBUILD 1.4.0
2025-02-17 21:45:06,140 [INFO] ThirdParty:1030 - CMSIS Pack Vendor :STMicroelectronics FP-SNS-MOTENV1 5.0.0
2025-02-17 21:45:06,140 [INFO] ThirdParty:1030 - CMSIS Pack Vendor :STMicroelectronics USB_DEVICE 1.0.0
2025-02-17 21:45:06,140 [INFO] ThirdParty:1030 - CMSIS Pack Vendor :STMicroelectronics X-CUBE-AZRTOS-H7RS 1.0.0
2025-02-17 21:45:06,140 [INFO] ThirdParty:1030 - CMSIS Pack Vendor :wolfSSL I-CUBE-wolfMQTT 1.19.0
2025-02-17 21:45:06,140 [INFO] ThirdParty:1030 - CMSIS Pack Vendor :STMicroelectronics X-CUBE-AZRTOS-L4 2.0.0
2025-02-17 21:45:06,140 [INFO] ThirdParty:1030 - CMSIS Pack Vendor :STMicroelectronics ThreadX 0.0.2
2025-02-17 21:45:06,140 [INFO] ThirdParty:1030 - CMSIS Pack Vendor :WES I-CUBE-Cesium 1.3.0
2025-02-17 21:45:06,140 [INFO] ThirdParty:1030 - CMSIS Pack Vendor :STMicroelectronics lwIP 2.1.2
2025-02-17 21:45:06,140 [INFO] ThirdParty:1030 - CMSIS Pack Vendor :STMicroelectronics X-CUBE-SFXS2LP1 4.0.0
2025-02-17 21:45:06,140 [INFO] ThirdParty:1030 - CMSIS Pack Vendor :STMicroelectronics X-CUBE-BLE2 3.3.0
2025-02-17 21:45:06,140 [INFO] ThirdParty:1030 - CMSIS Pack Vendor :STMicroelectronics X-CUBE-TOF1 3.4.2
2025-02-17 21:45:06,140 [INFO] ThirdParty:1030 - CMSIS Pack Vendor :STMicroelectronics X-CUBE-AI 9.1.0
2025-02-17 21:45:06,140 [INFO] ThirdParty:1030 - CMSIS Pack Vendor :Infineon AIROC-Wi-Fi-Bluetooth-STM32 1.6.1
2025-02-17 21:45:06,140 [INFO] ThirdParty:1030 - CMSIS Pack Vendor :STMicroelectronics PDM2PCM 3.2.0
2025-02-17 21:45:06,140 [INFO] ThirdParty:1030 - CMSIS Pack Vendor :wolfSSL I-CUBE-wolfSSH 1.4.17
2025-02-17 21:45:06,140 [INFO] ThirdParty:841 - exiting critical section [change project]
2025-02-17 21:45:06,609 [INFO] PinOutPanel:1561 - setPackage(No Configuration,No Configuration)
2025-02-17 21:45:06,610 [INFO] PinOutPanel:1561 - setPackage(STM32F407VGTx,LQFP100)
2025-02-17 21:45:06,978 [INFO] UtilMem:75 - Before build in PCC Used Memory: 681286184 Bytes (1073741824)
2025-02-17 21:45:07,693 [INFO] UtilMem:75 - After build in PCC Used Memory: 538383872 Bytes (1073741824)
2025-02-17 21:45:07,746 [INFO] IPUIPlugin:80 - create IPUIPlugin
2025-02-17 21:45:07,746 [INFO] IPUIPlugin:80 - create IPUIPlugin
2025-02-17 21:45:07,746 [INFO] IPUIPlugin:80 - create IPUIPlugin
2025-02-17 21:45:07,746 [INFO] IPUIPlugin:80 - create IPUIPlugin
2025-02-17 21:45:07,746 [INFO] IPUIPlugin:80 - create IPUIPlugin
2025-02-17 21:45:07,746 [INFO] IPUIPlugin:80 - create IPUIPlugin
2025-02-17 21:45:07,746 [INFO] IPUIPlugin:80 - create IPUIPlugin
2025-02-17 21:45:07,746 [INFO] IPUIPlugin:80 - create IPUIPlugin
2025-02-17 21:45:07,746 [INFO] IPUIPlugin:80 - create IPUIPlugin
2025-02-17 21:45:07,747 [INFO] IPUIPlugin:80 - create IPUIPlugin
2025-02-17 21:45:07,747 [INFO] IPUIPlugin:80 - create IPUIPlugin
2025-02-17 21:45:07,747 [INFO] IPUIPlugin:80 - create IPUIPlugin
2025-02-17 21:45:07,747 [INFO] IPUIPlugin:80 - create IPUIPlugin
2025-02-17 21:45:07,747 [INFO] IPUIPlugin:80 - create IPUIPlugin
2025-02-17 21:45:07,747 [INFO] IPUIPlugin:80 - create IPUIPlugin
2025-02-17 21:45:07,747 [INFO] IPUIPlugin:80 - create IPUIPlugin
2025-02-17 21:45:07,747 [INFO] IPUIPlugin:80 - create IPUIPlugin
2025-02-17 21:45:07,747 [INFO] IPUIPlugin:80 - create IPUIPlugin
2025-02-17 21:45:07,747 [INFO] IPUIPlugin:80 - create IPUIPlugin
2025-02-17 21:45:07,747 [INFO] IPUIPlugin:80 - create IPUIPlugin
2025-02-17 21:45:07,747 [INFO] IPUIPlugin:80 - create IPUIPlugin
2025-02-17 21:45:07,748 [INFO] IPUIPlugin:80 - create IPUIPlugin
2025-02-17 21:45:07,748 [INFO] IPUIPlugin:80 - create IPUIPlugin
2025-02-17 21:45:07,748 [INFO] IPUIPlugin:80 - create IPUIPlugin
2025-02-17 21:45:07,748 [INFO] IPUIPlugin:80 - create IPUIPlugin
2025-02-17 21:45:07,748 [INFO] IPUIPlugin:80 - create IPUIPlugin
2025-02-17 21:45:07,748 [INFO] IPUIPlugin:80 - create IPUIPlugin
2025-02-17 21:45:07,748 [INFO] IPUIPlugin:80 - create IPUIPlugin
2025-02-17 21:45:07,748 [INFO] IPUIPlugin:80 - create IPUIPlugin
2025-02-17 21:45:07,748 [INFO] IPUIPlugin:80 - create IPUIPlugin
2025-02-17 21:45:07,748 [INFO] IPUIPlugin:80 - create IPUIPlugin
2025-02-17 21:45:07,749 [INFO] IPUIPlugin:80 - create IPUIPlugin
2025-02-17 21:45:07,749 [INFO] IPUIPlugin:80 - create IPUIPlugin
2025-02-17 21:45:07,749 [INFO] IPUIPlugin:80 - create IPUIPlugin
2025-02-17 21:45:07,749 [INFO] IPUIPlugin:80 - create IPUIPlugin
2025-02-17 21:45:07,751 [INFO] IPUIPlugin:80 - create IPUIPlugin
2025-02-17 21:45:07,751 [INFO] IPUIPlugin:80 - create IPUIPlugin
2025-02-17 21:45:07,752 [INFO] IPUIPlugin:80 - create IPUIPlugin
2025-02-17 21:45:07,752 [INFO] IPUIPlugin:80 - create IPUIPlugin
2025-02-17 21:45:07,752 [INFO] IPUIPlugin:80 - create IPUIPlugin
2025-02-17 21:45:07,752 [INFO] IPUIPlugin:80 - create IPUIPlugin
2025-02-17 21:45:07,752 [INFO] IPUIPlugin:80 - create IPUIPlugin
2025-02-17 21:45:07,752 [INFO] IPUIPlugin:80 - create IPUIPlugin
2025-02-17 21:45:07,753 [INFO] IPUIPlugin:80 - create IPUIPlugin
2025-02-17 21:45:07,753 [INFO] IPUIPlugin:80 - create IPUIPlugin
2025-02-17 21:45:07,753 [INFO] IPUIPlugin:80 - create IPUIPlugin
2025-02-17 21:45:07,753 [INFO] IPUIPlugin:80 - create IPUIPlugin
2025-02-17 21:45:07,753 [INFO] IPUIPlugin:80 - create IPUIPlugin
2025-02-17 21:45:07,753 [INFO] IPUIPlugin:80 - create IPUIPlugin
2025-02-17 21:45:07,753 [INFO] IPUIPlugin:80 - create IPUIPlugin
2025-02-17 21:45:07,753 [INFO] IPUIPlugin:80 - create IPUIPlugin
2025-02-17 21:45:07,753 [INFO] IPUIPlugin:80 - create IPUIPlugin
2025-02-17 21:45:07,753 [INFO] IPUIPlugin:80 - create IPUIPlugin
2025-02-17 21:45:07,753 [INFO] IPUIPlugin:80 - create IPUIPlugin
2025-02-17 21:45:07,754 [INFO] IPUIPlugin:80 - create IPUIPlugin
2025-02-17 21:45:07,756 [INFO] IPUIPlugin:80 - create IPUIPlugin
2025-02-17 21:45:07,756 [INFO] IPUIPlugin:80 - create IPUIPlugin
2025-02-17 21:45:07,756 [INFO] IPUIPlugin:80 - create IPUIPlugin
2025-02-17 21:45:07,811 [INFO] ApiDbMcu:508 - Load IP Config File for PDM2PCM
2025-02-17 21:45:08,032 [INFO] CADModel:165 - CPN selected for project levelSTM32F407VGT6
2025-02-17 21:45:08,032 [INFO] CADModel:114 - Register for checkConnection events
2025-02-17 21:45:08,083 [INFO] OpenFileManager:363 - Restore cursor
2025-02-17 21:45:08,575 [INFO] UtilMem:75 - End SaveConfig() Used Memory: 769594880 Bytes (1073741824)
2025-02-17 21:45:08,648 [INFO] UtilMem:75 - End SaveConfig() Used Memory: 788499088 Bytes (1073741824)
2025-02-17 21:45:09,165 [INFO] BlockDiagram:2766 - set Specific Code input for plugin: SYS
2025-02-17 21:45:09,166 [INFO] BlockDiagram:2766 - set Specific Code input for plugin: RCC
2025-02-17 21:45:09,166 [INFO] BlockDiagram:2766 - set Specific Code input for plugin: NVIC
2025-02-17 21:45:09,166 [INFO] BlockDiagram:2766 - set Specific Code input for plugin: GPIO
2025-02-17 21:45:09,167 [INFO] CodeGenerator:807 - code generatio: config db path: /home/engineering/st/stm32cubeide_1.16.1/plugins/com.st.stm32cube.common.mx_6.12.1.202409122256//db/
2025-02-17 21:45:09,303 [INFO] CodeEngine:255 - oldGeneratedFile, /home/engineering/STM32CubeIDE/workspace_1.16.1/STM32_FreeRTOS_Development/FreeRTOS_QueuesandTasks/MXTmpFiles/license.tmp_save
2025-02-17 21:45:09,859 [INFO] CodeEngine:279 - Generated code: /home/engineering/STM32CubeIDE/workspace_1.16.1/STM32_FreeRTOS_Development/FreeRTOS_QueuesandTasks/MXTmpFiles/license.tmp
2025-02-17 21:45:09,980 [INFO] CodeEngine:255 - oldGeneratedFile, /home/engineering/STM32CubeIDE/workspace_1.16.1/STM32_FreeRTOS_Development/FreeRTOS_QueuesandTasks/MXTmpFiles/gpio.tmp_save
2025-02-17 21:45:10,171 [INFO] CodeEngine:279 - Generated code: /home/engineering/STM32CubeIDE/workspace_1.16.1/STM32_FreeRTOS_Development/FreeRTOS_QueuesandTasks/MXTmpFiles/gpio.tmp
2025-02-17 21:45:10,220 [INFO] CodeEngine:255 - oldGeneratedFile, /home/engineering/STM32CubeIDE/workspace_1.16.1/STM32_FreeRTOS_Development/FreeRTOS_QueuesandTasks/Core/Src/stm32f4xx_it.c_save
2025-02-17 21:45:10,372 [INFO] CodeEngine:279 - Generated code: /home/engineering/STM32CubeIDE/workspace_1.16.1/STM32_FreeRTOS_Development/FreeRTOS_QueuesandTasks/Core/Src/stm32f4xx_it.c
2025-02-17 21:45:10,373 [INFO] CodeEngine:255 - oldGeneratedFile, /home/engineering/STM32CubeIDE/workspace_1.16.1/STM32_FreeRTOS_Development/FreeRTOS_QueuesandTasks/Core/Inc/stm32f4xx_it.h_save
2025-02-17 21:45:10,423 [INFO] CodeEngine:279 - Generated code: /home/engineering/STM32CubeIDE/workspace_1.16.1/STM32_FreeRTOS_Development/FreeRTOS_QueuesandTasks/Core/Inc/stm32f4xx_it.h
2025-02-17 21:45:10,427 [INFO] CodeEngine:255 - oldGeneratedFile, /home/engineering/STM32CubeIDE/workspace_1.16.1/STM32_FreeRTOS_Development/FreeRTOS_QueuesandTasks/Core/Src/stm32f4xx_hal_msp.c_save
2025-02-17 21:45:10,535 [INFO] CodeEngine:279 - Generated code: /home/engineering/STM32CubeIDE/workspace_1.16.1/STM32_FreeRTOS_Development/FreeRTOS_QueuesandTasks/Core/Src/stm32f4xx_hal_msp.c
2025-02-17 21:45:10,536 [INFO] CodeEngine:255 - oldGeneratedFile, /home/engineering/STM32CubeIDE/workspace_1.16.1/STM32_FreeRTOS_Development/FreeRTOS_QueuesandTasks/MXTmpFiles/system.tmp_save
2025-02-17 21:45:10,602 [INFO] CodeEngine:279 - Generated code: /home/engineering/STM32CubeIDE/workspace_1.16.1/STM32_FreeRTOS_Development/FreeRTOS_QueuesandTasks/MXTmpFiles/system.tmp
2025-02-17 21:45:10,608 [INFO] CodeEngine:311 - oldGeneratedFile, /home/engineering/STM32CubeIDE/workspace_1.16.1/STM32_FreeRTOS_Development/FreeRTOS_QueuesandTasks/Core/Inc/stm32f4xx_hal_conf.h_save
2025-02-17 21:45:10,671 [INFO] CodeEngine:335 - Generated code: /home/engineering/STM32CubeIDE/workspace_1.16.1/STM32_FreeRTOS_Development/FreeRTOS_QueuesandTasks/Core/Inc/stm32f4xx_hal_conf.h
2025-02-17 21:45:10,700 [INFO] CodeEngine:255 - oldGeneratedFile, /home/engineering/STM32CubeIDE/workspace_1.16.1/STM32_FreeRTOS_Development/FreeRTOS_QueuesandTasks/Core/Inc/main.h_save
2025-02-17 21:45:10,783 [INFO] CodeEngine:279 - Generated code: /home/engineering/STM32CubeIDE/workspace_1.16.1/STM32_FreeRTOS_Development/FreeRTOS_QueuesandTasks/Core/Inc/main.h
2025-02-17 21:45:10,786 [INFO] CodeEngine:255 - oldGeneratedFile, /home/engineering/STM32CubeIDE/workspace_1.16.1/STM32_FreeRTOS_Development/FreeRTOS_QueuesandTasks/Core/Src/main.c_save
2025-02-17 21:45:10,939 [INFO] CodeEngine:279 - Generated code: /home/engineering/STM32CubeIDE/workspace_1.16.1/STM32_FreeRTOS_Development/FreeRTOS_QueuesandTasks/Core/Src/main.c
2025-02-17 21:45:11,220 [INFO] ProjectBuilder:3249 - Time for Copy HAL[1] : 21mS.
2025-02-17 21:45:11,227 [INFO] ProjectBuilder:4828 - Project Generator version: 4.5.0-B34
2025-02-17 21:45:11,383 [INFO] ConfigFileManager:1531 - The Die is : DIE413
2025-02-17 21:45:11,397 [INFO] ApiDbMcu:508 - Load IP Config File for FATFS
2025-02-17 21:45:11,408 [INFO] ApiDbMcu:508 - Load IP Config File for FREERTOS
2025-02-17 21:45:11,416 [INFO] ApiDbMcu:508 - Load IP Config File for LIBJPEG
2025-02-17 21:45:11,431 [INFO] ApiDbMcu:508 - Load IP Config File for LWIP
2025-02-17 21:45:11,451 [INFO] ApiDbMcu:508 - Load IP Config File for MBEDTLS
2025-02-17 21:45:11,476 [INFO] ApiDbMcu:508 - Load IP Config File for USB_DEVICE
2025-02-17 21:45:11,501 [INFO] ApiDbMcu:508 - Load IP Config File for USB_HOST
2025-02-17 21:45:11,909 [INFO] LogOutputStream:77 - [STDOUT_REDIRECT] 
2025-02-17 21:45:16,239 [INFO] ProjectBuilder:5097 - Time for Generating toolchain IDE Files: 5011mS.
2025-02-17 21:45:16,240 [INFO] ProjectBuilder:3107 - Time for Copy CMSIS : 0mS.
2025-02-17 21:45:16,240 [INFO] ProjectBuilder:3107 - Time for Copy CMSIS : 0mS.
2025-02-17 21:45:17,077 [INFO] McuFinderGlobals:76 - Set McuFinderConnectedMode to true
2025-02-17 21:45:17,083 [INFO] ApiDb:448 - Save user favorites file /home/engineering/.stm32cubeide/favorites.mcus.txt: 0 item(s)
2025-02-17 21:45:17,083 [INFO] ApiDb:452 - User favorites MCUs=[]
2025-02-17 21:45:17,086 [INFO] ApiDb:448 - Save user favorites file /home/engineering/.stm32cubeide/favorites.boards.txt: 1 item(s)
2025-02-17 21:45:17,087 [INFO] ApiDb:452 - User favorites Boards=[STM32F407G-DISC1]
2025-02-17 21:46:51,937 [INFO] UtilMem:75 - End SaveConfig() Used Memory: 986073696 Bytes (1073741824)
2025-02-17 21:46:53,386 [INFO] UtilMem:75 - End SaveConfig() Used Memory: 964632064 Bytes (1073741824)
2025-02-17 21:46:54,208 [INFO] UtilMem:75 - End SaveConfig() Used Memory: 958448776 Bytes (1073741824)
2025-02-17 21:46:54,349 [INFO] BlockDiagram:2766 - set Specific Code input for plugin: SYS
2025-02-17 21:46:54,349 [INFO] BlockDiagram:2766 - set Specific Code input for plugin: RCC
2025-02-17 21:46:54,349 [INFO] BlockDiagram:2766 - set Specific Code input for plugin: NVIC
2025-02-17 21:46:54,349 [INFO] BlockDiagram:2766 - set Specific Code input for plugin: GPIO
2025-02-17 21:46:54,349 [INFO] CodeGenerator:807 - code generatio: config db path: /home/engineering/st/stm32cubeide_1.16.1/plugins/com.st.stm32cube.common.mx_6.12.1.202409122256//db/
2025-02-17 21:46:54,452 [INFO] CodeEngine:255 - oldGeneratedFile, /home/engineering/STM32CubeIDE/workspace_1.16.1/STM32_FreeRTOS_Development/FreeRTOS_QueuesandTasks/MXTmpFiles/license.tmp_save
2025-02-17 21:46:54,559 [INFO] CodeEngine:279 - Generated code: /home/engineering/STM32CubeIDE/workspace_1.16.1/STM32_FreeRTOS_Development/FreeRTOS_QueuesandTasks/MXTmpFiles/license.tmp
2025-02-17 21:46:54,613 [INFO] CodeEngine:255 - oldGeneratedFile, /home/engineering/STM32CubeIDE/workspace_1.16.1/STM32_FreeRTOS_Development/FreeRTOS_QueuesandTasks/MXTmpFiles/gpio.tmp_save
2025-02-17 21:46:54,740 [INFO] CodeEngine:279 - Generated code: /home/engineering/STM32CubeIDE/workspace_1.16.1/STM32_FreeRTOS_Development/FreeRTOS_QueuesandTasks/MXTmpFiles/gpio.tmp
2025-02-17 21:46:54,809 [INFO] CodeEngine:255 - oldGeneratedFile, /home/engineering/STM32CubeIDE/workspace_1.16.1/STM32_FreeRTOS_Development/FreeRTOS_QueuesandTasks/Core/Src/stm32f4xx_it.c_save
2025-02-17 21:46:54,915 [INFO] CodeEngine:279 - Generated code: /home/engineering/STM32CubeIDE/workspace_1.16.1/STM32_FreeRTOS_Development/FreeRTOS_QueuesandTasks/Core/Src/stm32f4xx_it.c
2025-02-17 21:46:54,918 [INFO] CodeEngine:255 - oldGeneratedFile, /home/engineering/STM32CubeIDE/workspace_1.16.1/STM32_FreeRTOS_Development/FreeRTOS_QueuesandTasks/Core/Inc/stm32f4xx_it.h_save
2025-02-17 21:46:54,995 [INFO] CodeEngine:279 - Generated code: /home/engineering/STM32CubeIDE/workspace_1.16.1/STM32_FreeRTOS_Development/FreeRTOS_QueuesandTasks/Core/Inc/stm32f4xx_it.h
2025-02-17 21:46:55,006 [INFO] CodeEngine:255 - oldGeneratedFile, /home/engineering/STM32CubeIDE/workspace_1.16.1/STM32_FreeRTOS_Development/FreeRTOS_QueuesandTasks/Core/Src/stm32f4xx_hal_msp.c_save
2025-02-17 21:46:55,135 [INFO] CodeEngine:279 - Generated code: /home/engineering/STM32CubeIDE/workspace_1.16.1/STM32_FreeRTOS_Development/FreeRTOS_QueuesandTasks/Core/Src/stm32f4xx_hal_msp.c
2025-02-17 21:46:55,137 [INFO] CodeEngine:255 - oldGeneratedFile, /home/engineering/STM32CubeIDE/workspace_1.16.1/STM32_FreeRTOS_Development/FreeRTOS_QueuesandTasks/MXTmpFiles/system.tmp_save
2025-02-17 21:46:55,207 [INFO] CodeEngine:279 - Generated code: /home/engineering/STM32CubeIDE/workspace_1.16.1/STM32_FreeRTOS_Development/FreeRTOS_QueuesandTasks/MXTmpFiles/system.tmp
2025-02-17 21:46:55,208 [INFO] CodeEngine:255 - oldGeneratedFile, /home/engineering/STM32CubeIDE/workspace_1.16.1/STM32_FreeRTOS_Development/FreeRTOS_QueuesandTasks/Core/Src/stm32f4xx_hal_timebase_tim.c_save
2025-02-17 21:46:55,281 [INFO] CodeEngine:279 - Generated code: /home/engineering/STM32CubeIDE/workspace_1.16.1/STM32_FreeRTOS_Development/FreeRTOS_QueuesandTasks/Core/Src/stm32f4xx_hal_timebase_tim.c
2025-02-17 21:46:55,286 [INFO] CodeEngine:311 - oldGeneratedFile, /home/engineering/STM32CubeIDE/workspace_1.16.1/STM32_FreeRTOS_Development/FreeRTOS_QueuesandTasks/Core/Inc/stm32f4xx_hal_conf.h_save
2025-02-17 21:46:55,374 [INFO] CodeEngine:335 - Generated code: /home/engineering/STM32CubeIDE/workspace_1.16.1/STM32_FreeRTOS_Development/FreeRTOS_QueuesandTasks/Core/Inc/stm32f4xx_hal_conf.h
2025-02-17 21:46:55,405 [INFO] CodeEngine:255 - oldGeneratedFile, /home/engineering/STM32CubeIDE/workspace_1.16.1/STM32_FreeRTOS_Development/FreeRTOS_QueuesandTasks/Core/Inc/main.h_save
2025-02-17 21:46:55,484 [INFO] CodeEngine:279 - Generated code: /home/engineering/STM32CubeIDE/workspace_1.16.1/STM32_FreeRTOS_Development/FreeRTOS_QueuesandTasks/Core/Inc/main.h
2025-02-17 21:46:55,487 [INFO] CodeEngine:255 - oldGeneratedFile, /home/engineering/STM32CubeIDE/workspace_1.16.1/STM32_FreeRTOS_Development/FreeRTOS_QueuesandTasks/Core/Src/main.c_save
2025-02-17 21:46:55,563 [INFO] CodeEngine:279 - Generated code: /home/engineering/STM32CubeIDE/workspace_1.16.1/STM32_FreeRTOS_Development/FreeRTOS_QueuesandTasks/Core/Src/main.c
2025-02-17 21:46:55,689 [INFO] ProjectBuilder:3249 - Time for Copy HAL[1] : 14mS.
2025-02-17 21:46:55,691 [INFO] ProjectBuilder:4828 - Project Generator version: 4.5.0-B34
2025-02-17 21:46:55,736 [INFO] ConfigFileManager:1531 - The Die is : DIE413
2025-02-17 21:46:56,275 [INFO] ProjectBuilder:5097 - Time for Generating toolchain IDE Files: 584mS.
2025-02-17 21:46:56,276 [INFO] ProjectBuilder:3107 - Time for Copy CMSIS : 0mS.
2025-02-17 21:46:56,276 [INFO] ProjectBuilder:3107 - Time for Copy CMSIS : 0mS.
2025-02-17 21:53:12,369 [INFO] MainUpdater:2873 - connection check result : 10
2025-02-17 21:53:12,370 [INFO] MainUpdater:2873 - connection check result : 10
2025-02-17 21:53:12,394 [INFO] MicroXplorer:468 - Change Database Path : 
2025-02-17 21:53:12,394 [INFO] MicroXplorer:498 - Change Database Version : DB.6.0.121
2025-02-17 21:53:12,404 [ERROR] ProjectManagerView:394 - 
java.lang.NullPointerException: Cannot invoke "javax.swing.JTextField.getText()" because the return value of "java.util.List.get(int)" is null
	at com.st.microxplorer.plugins.projectmanager.gui.ProjectChoiceTab$10.caretUpdate(ProjectChoiceTab.java:2622) ~[filemanager.jar:?]
	at javax.swing.text.JTextComponent.fireCaretUpdate(JTextComponent.java:412) ~[?:?]
	at javax.swing.text.JTextComponent$MutableCaretEvent.fire(JTextComponent.java:4491) ~[?:?]
	at javax.swing.text.JTextComponent$MutableCaretEvent.stateChanged(JTextComponent.java:4513) ~[?:?]
	at javax.swing.text.DefaultCaret.fireStateChanged(DefaultCaret.java:842) ~[?:?]
	at javax.swing.text.DefaultCaret.changeCaretPosition(DefaultCaret.java:1313) ~[?:?]
	at javax.swing.text.DefaultCaret.handleSetDot(DefaultCaret.java:1212) ~[?:?]
	at javax.swing.text.DefaultCaret.setDot(DefaultCaret.java:1193) ~[?:?]
	at javax.swing.text.DefaultCaret$Handler.insertUpdate(DefaultCaret.java:1789) ~[?:?]
	at javax.swing.text.AbstractDocument.fireInsertUpdate(AbstractDocument.java:226) ~[?:?]
	at javax.swing.text.AbstractDocument.handleInsertString(AbstractDocument.java:780) ~[?:?]
	at javax.swing.text.AbstractDocument.insertString(AbstractDocument.java:739) ~[?:?]
	at javax.swing.text.PlainDocument.insertString(PlainDocument.java:131) ~[?:?]
	at javax.swing.text.AbstractDocument.replace(AbstractDocument.java:698) ~[?:?]
	at javax.swing.text.JTextComponent.setText(JTextComponent.java:1729) ~[?:?]
	at com.st.microxplorer.plugins.projectmanager.gui.ProjectChoiceTab.createHeapStackFields(ProjectChoiceTab.java:972) ~[filemanager.jar:?]
	at com.st.microxplorer.plugins.projectmanager.gui.ProjectChoiceTab.buildLinkSettingsPanel(ProjectChoiceTab.java:3597) ~[filemanager.jar:?]
	at com.st.microxplorer.plugins.projectmanager.gui.ProjectChoiceTab.defineWindowsFields(ProjectChoiceTab.java:1940) ~[filemanager.jar:?]
	at com.st.microxplorer.plugins.projectmanager.gui.ProjectChoiceTab.updateSettings(ProjectChoiceTab.java:550) ~[filemanager.jar:?]
	at com.st.microxplorer.plugins.projectmanager.gui.ProjectSettingsPanel.UpdateDialog(ProjectSettingsPanel.java:245) ~[filemanager.jar:?]
	at com.st.microxplorer.plugins.projectmanager.ProjectManagerView.propertyChange(ProjectManagerView.java:391) ~[filemanager.jar:?]
	at java.beans.PropertyChangeSupport.fire(PropertyChangeSupport.java:343) ~[?:?]
	at java.beans.PropertyChangeSupport.firePropertyChange(PropertyChangeSupport.java:335) ~[?:?]
	at java.beans.PropertyChangeSupport.firePropertyChange(PropertyChangeSupport.java:268) ~[?:?]
	at com.st.microxplorer.util.MXPropertyChangeSupport.firePropertyChange(MXPropertyChangeSupport.java:54) ~[STM32CubeMX.jar:?]
	at com.st.microxplorer.mxsystem.MxSystem.closeConfig(MxSystem.java:900) ~[STM32CubeMX.jar:?]
	at com.st.microxplorer.maingui.MainPanel.closeConfig(MainPanel.java:781) ~[STM32CubeMX.jar:?]
	at com.st.microxplorer.plugins.filemanager.engine.OpenFileManager.loadConfigurationFile(OpenFileManager.java:265) ~[filemanager.jar:?]
	at com.st.microxplorer.plugins.filemanager.engine.MainFileManager.userLoadConfig(MainFileManager.java:352) ~[filemanager.jar:?]
	at com.st.microxplorer.plugins.filemanager.engine.MainFileManager.userLoadConfig(MainFileManager.java:330) ~[filemanager.jar:?]
	at com.st.microxplorer.plugins.filemanager.FileManagerView.getSpecificTask(FileManagerView.java:246) ~[filemanager.jar:?]
	at com.st.stm32cube.common.mx.editor.CubeMxEditor.getMxTabbedPaneInstance(CubeMxEditor.java:1198) ~[com.st.stm32cube.common.mx_6.12.1.202409122256/:?]
	at com.st.stm32cube.common.mx.editor.CubeMxEditor$12$1.createSwingComponent(CubeMxEditor.java:1068) ~[com.st.stm32cube.common.mx_6.12.1.202409122256/:?]
	at com.st.stm32cube.common.mx.oss.core.awtswtbridge.EmbeddedSwingComposite.doComponentCreation(EmbeddedSwingComposite.java:492) ~[com.st.stm32cube.common.mx.oss_6.12.1.202409122256/:?]
	at com.st.stm32cube.common.mx.oss.core.awtswtbridge.EmbeddedSwingComposite$4.run(EmbeddedSwingComposite.java:291) ~[com.st.stm32cube.common.mx.oss_6.12.1.202409122256/:?]
	at com.st.stm32cube.common.mx.oss.core.awtswtbridge.AwtEnvironment$2.run(AwtEnvironment.java:166) ~[com.st.stm32cube.common.mx.oss_6.12.1.202409122256/:?]
	at java.awt.event.InvocationEvent.dispatch(InvocationEvent.java:318) ~[?:?]
	at java.awt.EventQueue.dispatchEventImpl(EventQueue.java:773) ~[?:?]
	at java.awt.EventQueue$4.run(EventQueue.java:720) ~[?:?]
	at java.awt.EventQueue$4.run(EventQueue.java:714) ~[?:?]
	at java.security.AccessController.doPrivileged(AccessController.java:399) ~[?:?]
	at java.security.ProtectionDomain$JavaSecurityAccessImpl.doIntersectionPrivilege(ProtectionDomain.java:86) ~[?:?]
	at java.awt.EventQueue.dispatchEvent(EventQueue.java:742) ~[?:?]
	at java.awt.EventDispatchThread.pumpOneEventForFilters(EventDispatchThread.java:203) ~[?:?]
	at java.awt.EventDispatchThread.pumpEventsForFilter(EventDispatchThread.java:124) ~[?:?]
	at java.awt.EventDispatchThread.pumpEventsForHierarchy(EventDispatchThread.java:113) ~[?:?]
	at java.awt.EventDispatchThread.pumpEvents(EventDispatchThread.java:109) ~[?:?]
	at java.awt.EventDispatchThread.pumpEvents(EventDispatchThread.java:101) ~[?:?]
	at java.awt.EventDispatchThread.run(EventDispatchThread.java:90) ~[?:?]
2025-02-17 21:53:12,409 [WARN] ThirdParty:871 - waiting for thirdparty lock release [close project]
2025-02-17 21:53:12,409 [INFO] ThirdParty:873 - entering critical section [close project]
2025-02-17 21:53:12,409 [INFO] ThirdParty:883 - exiting critical section [close project]
2025-02-17 21:53:12,411 [INFO] PinOutPanel:1561 - setPackage(No Configuration,No Configuration)
2025-02-17 21:53:12,417 [WARN] IpParametersView:151 - Warning: This peripheral hasn't parameters
2025-02-17 21:53:12,421 [WARN] MainPanel:284 - <html><b><center>Warning: This peripheral has no parameters to be configured<br></b></html>
2025-02-17 21:53:12,423 [INFO] UtilMem:75 - Begin LoadConfig() Used Memory: 755694480 Bytes (1073741824)
2025-02-17 21:53:12,424 [INFO] MicroXplorer:468 - Change Database Path : 
2025-02-17 21:53:12,424 [INFO] MicroXplorer:498 - Change Database Version : DB.6.0.121
2025-02-17 21:53:12,424 [INFO] OpenFileManager:332 - Change cursor
2025-02-17 21:53:12,441 [INFO] RulesReader:64 - Compatibility file has been processed (297 Rules)
2025-02-17 21:53:12,448 [INFO] Mcu:2032 - Initializing MCU STM32F407V(E-G)Tx STM32F407VGTx STM32F407VGT6
2025-02-17 21:53:14,581 [INFO] Context:742 - Trying to add GPIOservice into a context  which must be forbidden
2025-02-17 21:53:15,252 [INFO] RtosManager:555 - Registered RTOS mode: class=CMSIS, group=RTOS, mode=CMSIS_V1, owner=FREERTOS
2025-02-17 21:53:15,253 [INFO] RtosManager:555 - Registered RTOS mode: class=CMSIS, group=RTOS2, mode=CMSIS_V2, owner=FREERTOS
2025-02-17 21:53:15,253 [INFO] RtosManager:555 - Registered RTOS mode: class=RTOS, group=Core, mode=CMSIS_V1, owner=FREERTOS
2025-02-17 21:53:15,253 [INFO] RtosManager:555 - Registered RTOS mode: class=RTOS, group=Core, mode=CMSIS_V2, owner=FREERTOS
2025-02-17 21:53:15,253 [WARN] ModelIntegratedComponent:184 - Missing modes for component STMicroelectronics:FreeRTOS:0.0.1:STMicroelectronics:RTOS:FreeRTOS:Core:::10.2.0:
2025-02-17 21:53:15,264 [WARN] ModelIntegratedComponent:63 - No mode defined for component null
2025-02-17 21:53:15,264 [WARN] ModelIntegratedComponent:63 - No mode defined for component null
2025-02-17 21:53:15,264 [WARN] ModelIntegratedComponent:63 - No mode defined for component null
2025-02-17 21:53:15,264 [WARN] ModelIntegratedComponent:63 - No mode defined for component null
2025-02-17 21:53:15,264 [WARN] ModelIntegratedComponent:63 - No mode defined for component null
2025-02-17 21:53:15,264 [WARN] ModelIntegratedComponent:63 - No mode defined for component null
2025-02-17 21:53:15,264 [WARN] ModelIntegratedComponent:63 - No mode defined for component null
2025-02-17 21:53:15,264 [WARN] ModelIntegratedComponent:63 - No mode defined for component null
2025-02-17 21:53:15,264 [WARN] ModelIntegratedComponent:63 - No mode defined for component null
2025-02-17 21:53:15,264 [WARN] ModelIntegratedComponent:63 - No mode defined for component null
2025-02-17 21:53:15,265 [WARN] ModelIntegratedComponent:63 - No mode defined for component null
2025-02-17 21:53:15,265 [WARN] ModelIntegratedComponent:63 - No mode defined for component null
2025-02-17 21:53:15,265 [WARN] ModelIntegratedComponent:63 - No mode defined for component null
2025-02-17 21:53:15,265 [WARN] ModelIntegratedComponent:63 - No mode defined for component null
2025-02-17 21:53:15,265 [WARN] ModelIntegratedComponent:63 - No mode defined for component null
2025-02-17 21:53:15,265 [WARN] ModelIntegratedComponent:63 - No mode defined for component null
2025-02-17 21:53:15,266 [WARN] ModelIntegratedComponent:63 - No mode defined for component null
2025-02-17 21:53:15,266 [WARN] ModelIntegratedComponent:63 - No mode defined for component null
2025-02-17 21:53:15,266 [WARN] ModelIntegratedComponent:63 - No mode defined for component null
2025-02-17 21:53:15,266 [WARN] ModelIntegratedComponent:63 - No mode defined for component null
2025-02-17 21:53:15,266 [WARN] ModelIntegratedComponent:63 - No mode defined for component null
2025-02-17 21:53:15,266 [WARN] ModelIntegratedComponent:63 - No mode defined for component null
2025-02-17 21:53:15,266 [WARN] ModelIntegratedComponent:63 - No mode defined for component null
2025-02-17 21:53:15,266 [WARN] ModelIntegratedComponent:63 - No mode defined for component null
2025-02-17 21:53:15,266 [WARN] ModelIntegratedComponent:63 - No mode defined for component null
2025-02-17 21:53:15,266 [WARN] ModelIntegratedComponent:63 - No mode defined for component null
2025-02-17 21:53:15,266 [WARN] ModelIntegratedComponent:63 - No mode defined for component null
2025-02-17 21:53:15,266 [WARN] ModelIntegratedComponent:63 - No mode defined for component null
2025-02-17 21:53:15,266 [WARN] ModelIntegratedComponent:63 - No mode defined for component null
2025-02-17 21:53:15,266 [WARN] ModelIntegratedComponent:63 - No mode defined for component null
2025-02-17 21:53:15,266 [WARN] ModelIntegratedComponent:63 - No mode defined for component null
2025-02-17 21:53:15,266 [WARN] ModelIntegratedComponent:63 - No mode defined for component null
2025-02-17 21:53:15,266 [WARN] ModelIntegratedComponent:63 - No mode defined for component null
2025-02-17 21:53:15,266 [WARN] ModelIntegratedComponent:63 - No mode defined for component null
2025-02-17 21:53:15,266 [WARN] ModelIntegratedComponent:63 - No mode defined for component null
2025-02-17 21:53:15,266 [WARN] ModelPack:524 - Component already loaded: STMicroelectronics:HAL Drivers:0.0.0:STMicroelectronics:Device:STMicro_Driver:XSPI:HAL::0.0.1:HAL_XSPI
2025-02-17 21:53:15,399 [INFO] ThirdPartyModel:298 - Start build external matchings
2025-02-17 21:53:15,995 [INFO] ThirdPartyModel:316 - End build external matchings
2025-02-17 21:53:16,286 [INFO] UtilMem:75 - End LoadConfig() Used Memory: 857953432 Bytes (1073741824)
2025-02-17 21:53:16,341 [WARN] ThirdParty:833 - waiting for thirdparty lock release [change project]
2025-02-17 21:53:16,341 [INFO] ThirdParty:835 - entering critical section [change project]
2025-02-17 21:53:16,341 [INFO] ThirdParty:1030 - CMSIS Pack Vendor :STMicroelectronics USBPD 4.1
2025-02-17 21:53:16,341 [INFO] ThirdParty:1030 - CMSIS Pack Vendor :STMicroelectronics X-CUBE-AZRTOS-H7 3.3.0
2025-02-17 21:53:16,341 [INFO] ThirdParty:1030 - CMSIS Pack Vendor :STMicroelectronics X-CUBE-NFC9 1.0.0
2025-02-17 21:53:16,341 [INFO] ThirdParty:1030 - CMSIS Pack Vendor :STMicroelectronics USB_HOST 2.0.0
2025-02-17 21:53:16,341 [INFO] ThirdParty:1030 - CMSIS Pack Vendor :STMicroelectronics FP-SNS-MOTENVWB1 1.4.0
2025-02-17 21:53:16,341 [INFO] ThirdParty:1030 - CMSIS Pack Vendor :STMicroelectronics X-CUBE-AZRTOS-F4 1.1.0
2025-02-17 21:53:16,341 [INFO] ThirdParty:1030 - CMSIS Pack Vendor :STMicroelectronics LIBJPEG 8.0.0
2025-02-17 21:53:16,341 [INFO] ThirdParty:1030 - CMSIS Pack Vendor :STMicroelectronics FP-ATR-ASTRA1 2.0.1
2025-02-17 21:53:16,341 [INFO] ThirdParty:1030 - CMSIS Pack Vendor :STMicroelectronics X-CUBE-SMBUS 2.1.0
2025-02-17 21:53:16,341 [INFO] ThirdParty:1030 - CMSIS Pack Vendor :STMicroelectronics X-CUBE-WB05N 1.1.0
2025-02-17 21:53:16,341 [INFO] ThirdParty:1030 - CMSIS Pack Vendor :STMicroelectronics USB_DEVICE 3.0.0
2025-02-17 21:53:16,341 [INFO] ThirdParty:1030 - CMSIS Pack Vendor :STMicroelectronics X-CUBE-TCPP 4.1.0
2025-02-17 21:53:16,341 [INFO] ThirdParty:1030 - CMSIS Pack Vendor :STMicroelectronics X-CUBE-ISPU 2.1.0
2025-02-17 21:53:16,341 [INFO] ThirdParty:1030 - CMSIS Pack Vendor :STMicroelectronics X-CUBE-FREERTOS 1.2.0
2025-02-17 21:53:16,341 [INFO] ThirdParty:1030 - CMSIS Pack Vendor :STMicroelectronics X-CUBE-IPS 3.0.0
2025-02-17 21:53:16,341 [INFO] ThirdParty:1030 - CMSIS Pack Vendor :STMicroelectronics X-CUBE-AZRTOS-WB 2.0.0
2025-02-17 21:53:16,341 [INFO] ThirdParty:1030 - CMSIS Pack Vendor :STMicroelectronics X-CUBE-GNSS1 7.0.0
2025-02-17 21:53:16,341 [INFO] ThirdParty:1030 - CMSIS Pack Vendor :STMicroelectronics X-CUBE-GNSS1 7.0.1
2025-02-17 21:53:16,341 [INFO] ThirdParty:1030 - CMSIS Pack Vendor :STMicroelectronics X-CUBE-AZRTOS-F7 1.1.0
2025-02-17 21:53:16,341 [INFO] ThirdParty:1030 - CMSIS Pack Vendor :STMicroelectronics X-CUBE-AZRTOS-L5 2.0.0
2025-02-17 21:53:16,341 [INFO] ThirdParty:1030 - CMSIS Pack Vendor :STMicroelectronics USB_DEVICE 2.0.0
2025-02-17 21:53:16,341 [INFO] ThirdParty:1030 - CMSIS Pack Vendor :STMicroelectronics X-CUBE-NFC6 3.1.0
2025-02-17 21:53:16,341 [INFO] ThirdParty:1030 - CMSIS Pack Vendor :STMicroelectronics FP-SNS-STBOX1 2.0.0
2025-02-17 21:53:16,341 [INFO] ThirdParty:1030 - CMSIS Pack Vendor :STMicroelectronics X-CUBE-MEMS1 11.0.0
2025-02-17 21:53:16,341 [INFO] ThirdParty:1030 - CMSIS Pack Vendor :STMicroelectronics FreeRTOS 0.0.1
2025-02-17 21:53:16,341 [INFO] ThirdParty:1030 - CMSIS Pack Vendor :STMicroelectronics X-CUBE-AZRTOS-G0 1.1.0
2025-02-17 21:53:16,341 [INFO] ThirdParty:1030 - CMSIS Pack Vendor :STMicroelectronics X-CUBE-SAFEA1 1.2.2
2025-02-17 21:53:16,341 [INFO] ThirdParty:1030 - CMSIS Pack Vendor :STMicroelectronics X-CUBE-NFC4 3.0.0
2025-02-17 21:53:16,341 [INFO] ThirdParty:1030 - CMSIS Pack Vendor :STMicroelectronics X-CUBE-DPower 1.2.0
2025-02-17 21:53:16,341 [INFO] ThirdParty:1030 - CMSIS Pack Vendor :STMicroelectronics X-CUBE-SUBG2 5.0.0
2025-02-17 21:53:16,341 [INFO] ThirdParty:1030 - CMSIS Pack Vendor :STMicroelectronics STM32_WPAN 1.0.0
2025-02-17 21:53:16,341 [INFO] ThirdParty:1030 - CMSIS Pack Vendor :EmbeddedOffice I-CUBE-FS-RTOS 1.0.1
2025-02-17 21:53:16,341 [INFO] ThirdParty:1030 - CMSIS Pack Vendor :STMicroelectronics lwIP 2.0.3
2025-02-17 21:53:16,341 [INFO] ThirdParty:1030 - CMSIS Pack Vendor :STMicroelectronics FP-SNS-FLIGHT1 5.0.2
2025-02-17 21:53:16,341 [INFO] ThirdParty:1030 - CMSIS Pack Vendor :Cesanta I-CUBE-Mongoose 7.13.0
2025-02-17 21:53:16,341 [INFO] ThirdParty:1030 - CMSIS Pack Vendor :STMicroelectronics USB_HOST 1.0.0
2025-02-17 21:53:16,341 [INFO] ThirdParty:1030 - CMSIS Pack Vendor :STMicroelectronics X-CUBE-AZRTOS-G4 2.0.0
2025-02-17 21:53:16,342 [INFO] ThirdParty:1030 - CMSIS Pack Vendor :STMicroelectronics PDM2PCM 3.1.0
2025-02-17 21:53:16,342 [INFO] ThirdParty:1030 - CMSIS Pack Vendor :STMicroelectronics PDM2PCM 3.3.0
2025-02-17 21:53:16,342 [INFO] ThirdParty:1030 - CMSIS Pack Vendor :STMicroelectronics X-CUBE-DISPLAY 3.0.0
2025-02-17 21:53:16,342 [INFO] ThirdParty:1030 - CMSIS Pack Vendor :RealThread X-CUBE-RT-Thread_Nano 4.1.1
2025-02-17 21:53:16,342 [INFO] ThirdParty:1030 - CMSIS Pack Vendor :STMicroelectronics X-CUBE-BLE1 7.0.0
2025-02-17 21:53:16,342 [INFO] ThirdParty:1030 - CMSIS Pack Vendor :STMicroelectronics FP-ATR-SIGFOX1 3.2.0
2025-02-17 21:53:16,342 [INFO] ThirdParty:1030 - CMSIS Pack Vendor :STMicroelectronics X-CUBE-NFC10 1.0.0
2025-02-17 21:53:16,342 [INFO] ThirdParty:1030 - CMSIS Pack Vendor :quantropi X-CUBE-qispace-sdk-base 1.9.3
2025-02-17 21:53:16,342 [INFO] ThirdParty:1030 - CMSIS Pack Vendor :STMicroelectronics X-CUBE-BLEMGR 4.0.0
2025-02-17 21:53:16,342 [INFO] ThirdParty:1030 - CMSIS Pack Vendor :STMicroelectronics X-CUBE-EEPRMA1 5.1.0
2025-02-17 21:53:16,342 [INFO] ThirdParty:1030 - CMSIS Pack Vendor :STMicroelectronics HAL Drivers 0.0.0
2025-02-17 21:53:16,342 [INFO] ThirdParty:1030 - CMSIS Pack Vendor :STMicroelectronics MBEDTLS 2.16.2
2025-02-17 21:53:16,342 [INFO] ThirdParty:1030 - CMSIS Pack Vendor :STMicroelectronics X-CUBE-ALS 1.0.2
2025-02-17 21:53:16,342 [INFO] ThirdParty:1030 - CMSIS Pack Vendor :emotas I-CUBE-CANOPEN 1.3.0
2025-02-17 21:53:16,342 [INFO] ThirdParty:1030 - CMSIS Pack Vendor :STMicroelectronics X-CUBE-FREERTOS 1.3.0
2025-02-17 21:53:16,342 [INFO] ThirdParty:1030 - CMSIS Pack Vendor :wolfSSL I-CUBE-wolfSSL 5.7.4
2025-02-17 21:53:16,342 [INFO] ThirdParty:1030 - CMSIS Pack Vendor :STMicroelectronics X-CUBE-NFC7 1.0.1
2025-02-17 21:53:16,342 [INFO] ThirdParty:1030 - CMSIS Pack Vendor :STMicroelectronics MBEDTLS 2.14.1
2025-02-17 21:53:16,342 [INFO] ThirdParty:1030 - CMSIS Pack Vendor :ITTIA_DB I-CUBE-ITTIADB 8.9.0
2025-02-17 21:53:16,342 [INFO] ThirdParty:1030 - CMSIS Pack Vendor :STMicroelectronics X-CUBE-TOUCHGFX 4.24.2
2025-02-17 21:53:16,342 [INFO] ThirdParty:1030 - CMSIS Pack Vendor :STMicroelectronics X-CUBE-TOUCHGFX 4.24.1
2025-02-17 21:53:16,342 [INFO] ThirdParty:1030 - CMSIS Pack Vendor :wolfSSL I-CUBE-wolfTPM 3.4.0
2025-02-17 21:53:16,342 [INFO] ThirdParty:1030 - CMSIS Pack Vendor :portGmbH I-Cube-SoM-uGOAL 1.1.0
2025-02-17 21:53:16,342 [INFO] ThirdParty:1030 - CMSIS Pack Vendor :STMicroelectronics X-CUBE-BLEMGR 3.1.0
2025-02-17 21:53:16,342 [INFO] ThirdParty:1030 - CMSIS Pack Vendor :STMicroelectronics X-CUBE-AI 10.0.0
2025-02-17 21:53:16,342 [INFO] ThirdParty:1030 - CMSIS Pack Vendor :STMicroelectronics ThreadX 1.0.0
2025-02-17 21:53:16,342 [INFO] ThirdParty:1030 - CMSIS Pack Vendor :STMicroelectronics FP-SNS-SMARTAG2 1.2.0
2025-02-17 21:53:16,342 [INFO] ThirdParty:1030 - CMSIS Pack Vendor :STMicroelectronics X-CUBE-MEMS1 11.1.0
2025-02-17 21:53:16,342 [INFO] ThirdParty:1030 - CMSIS Pack Vendor :STMicroelectronics X-CUBE-AZRTOS-WL 2.0.0
2025-02-17 21:53:16,342 [INFO] ThirdParty:1030 - CMSIS Pack Vendor :SEGGER I-CUBE-embOS 1.3.1
2025-02-17 21:53:16,342 [INFO] ThirdParty:1030 - CMSIS Pack Vendor :STMicroelectronics X-CUBE-ALGOBUILD 1.4.0
2025-02-17 21:53:16,342 [INFO] ThirdParty:1030 - CMSIS Pack Vendor :STMicroelectronics FP-SNS-MOTENV1 5.0.0
2025-02-17 21:53:16,342 [INFO] ThirdParty:1030 - CMSIS Pack Vendor :STMicroelectronics USB_DEVICE 1.0.0
2025-02-17 21:53:16,342 [INFO] ThirdParty:1030 - CMSIS Pack Vendor :STMicroelectronics X-CUBE-AZRTOS-H7RS 1.0.0
2025-02-17 21:53:16,342 [INFO] ThirdParty:1030 - CMSIS Pack Vendor :wolfSSL I-CUBE-wolfMQTT 1.19.0
2025-02-17 21:53:16,342 [INFO] ThirdParty:1030 - CMSIS Pack Vendor :STMicroelectronics X-CUBE-AZRTOS-L4 2.0.0
2025-02-17 21:53:16,342 [INFO] ThirdParty:1030 - CMSIS Pack Vendor :STMicroelectronics ThreadX 0.0.2
2025-02-17 21:53:16,342 [INFO] ThirdParty:1030 - CMSIS Pack Vendor :WES I-CUBE-Cesium 1.3.0
2025-02-17 21:53:16,342 [INFO] ThirdParty:1030 - CMSIS Pack Vendor :STMicroelectronics lwIP 2.1.2
2025-02-17 21:53:16,342 [INFO] ThirdParty:1030 - CMSIS Pack Vendor :STMicroelectronics X-CUBE-SFXS2LP1 4.0.0
2025-02-17 21:53:16,342 [INFO] ThirdParty:1030 - CMSIS Pack Vendor :STMicroelectronics X-CUBE-BLE2 3.3.0
2025-02-17 21:53:16,342 [INFO] ThirdParty:1030 - CMSIS Pack Vendor :STMicroelectronics X-CUBE-TOF1 3.4.2
2025-02-17 21:53:16,342 [INFO] ThirdParty:1030 - CMSIS Pack Vendor :STMicroelectronics X-CUBE-AI 9.1.0
2025-02-17 21:53:16,342 [INFO] ThirdParty:1030 - CMSIS Pack Vendor :Infineon AIROC-Wi-Fi-Bluetooth-STM32 1.6.1
2025-02-17 21:53:16,342 [INFO] ThirdParty:1030 - CMSIS Pack Vendor :STMicroelectronics PDM2PCM 3.2.0
2025-02-17 21:53:16,342 [INFO] ThirdParty:1030 - CMSIS Pack Vendor :wolfSSL I-CUBE-wolfSSH 1.4.17
2025-02-17 21:53:16,342 [INFO] ThirdParty:841 - exiting critical section [change project]
2025-02-17 21:53:16,617 [INFO] PinOutPanel:1561 - setPackage(No Configuration,No Configuration)
2025-02-17 21:53:16,617 [INFO] PinOutPanel:1561 - setPackage(STM32F407VGTx,LQFP100)
2025-02-17 21:53:16,785 [INFO] UtilMem:75 - Before build in PCC Used Memory: 701874848 Bytes (1073741824)
2025-02-17 21:53:16,923 [INFO] UtilMem:75 - After build in PCC Used Memory: 746963616 Bytes (1073741824)
2025-02-17 21:53:16,938 [INFO] IPUIPlugin:80 - create IPUIPlugin
2025-02-17 21:53:16,938 [INFO] IPUIPlugin:80 - create IPUIPlugin
2025-02-17 21:53:16,938 [INFO] IPUIPlugin:80 - create IPUIPlugin
2025-02-17 21:53:16,939 [INFO] IPUIPlugin:80 - create IPUIPlugin
2025-02-17 21:53:16,939 [INFO] IPUIPlugin:80 - create IPUIPlugin
2025-02-17 21:53:16,939 [INFO] IPUIPlugin:80 - create IPUIPlugin
2025-02-17 21:53:16,939 [INFO] IPUIPlugin:80 - create IPUIPlugin
2025-02-17 21:53:16,939 [INFO] IPUIPlugin:80 - create IPUIPlugin
2025-02-17 21:53:16,939 [INFO] IPUIPlugin:80 - create IPUIPlugin
2025-02-17 21:53:16,939 [INFO] IPUIPlugin:80 - create IPUIPlugin
2025-02-17 21:53:16,939 [INFO] IPUIPlugin:80 - create IPUIPlugin
2025-02-17 21:53:16,939 [INFO] IPUIPlugin:80 - create IPUIPlugin
2025-02-17 21:53:16,939 [INFO] IPUIPlugin:80 - create IPUIPlugin
2025-02-17 21:53:16,939 [INFO] IPUIPlugin:80 - create IPUIPlugin
2025-02-17 21:53:16,939 [INFO] IPUIPlugin:80 - create IPUIPlugin
2025-02-17 21:53:16,939 [INFO] IPUIPlugin:80 - create IPUIPlugin
2025-02-17 21:53:16,939 [INFO] IPUIPlugin:80 - create IPUIPlugin
2025-02-17 21:53:16,939 [INFO] IPUIPlugin:80 - create IPUIPlugin
2025-02-17 21:53:16,939 [INFO] IPUIPlugin:80 - create IPUIPlugin
2025-02-17 21:53:16,939 [INFO] IPUIPlugin:80 - create IPUIPlugin
2025-02-17 21:53:16,940 [INFO] IPUIPlugin:80 - create IPUIPlugin
2025-02-17 21:53:16,940 [INFO] IPUIPlugin:80 - create IPUIPlugin
2025-02-17 21:53:16,940 [INFO] IPUIPlugin:80 - create IPUIPlugin
2025-02-17 21:53:16,940 [INFO] IPUIPlugin:80 - create IPUIPlugin
2025-02-17 21:53:16,940 [INFO] IPUIPlugin:80 - create IPUIPlugin
2025-02-17 21:53:16,940 [INFO] IPUIPlugin:80 - create IPUIPlugin
2025-02-17 21:53:16,940 [INFO] IPUIPlugin:80 - create IPUIPlugin
2025-02-17 21:53:16,940 [INFO] IPUIPlugin:80 - create IPUIPlugin
2025-02-17 21:53:16,940 [INFO] IPUIPlugin:80 - create IPUIPlugin
2025-02-17 21:53:16,940 [INFO] IPUIPlugin:80 - create IPUIPlugin
2025-02-17 21:53:16,940 [INFO] IPUIPlugin:80 - create IPUIPlugin
2025-02-17 21:53:16,940 [INFO] IPUIPlugin:80 - create IPUIPlugin
2025-02-17 21:53:16,941 [INFO] IPUIPlugin:80 - create IPUIPlugin
2025-02-17 21:53:16,941 [INFO] IPUIPlugin:80 - create IPUIPlugin
2025-02-17 21:53:16,941 [INFO] IPUIPlugin:80 - create IPUIPlugin
2025-02-17 21:53:16,941 [INFO] IPUIPlugin:80 - create IPUIPlugin
2025-02-17 21:53:16,941 [INFO] IPUIPlugin:80 - create IPUIPlugin
2025-02-17 21:53:16,941 [INFO] IPUIPlugin:80 - create IPUIPlugin
2025-02-17 21:53:16,941 [INFO] IPUIPlugin:80 - create IPUIPlugin
2025-02-17 21:53:16,941 [INFO] IPUIPlugin:80 - create IPUIPlugin
2025-02-17 21:53:16,942 [INFO] IPUIPlugin:80 - create IPUIPlugin
2025-02-17 21:53:16,942 [INFO] IPUIPlugin:80 - create IPUIPlugin
2025-02-17 21:53:16,942 [INFO] IPUIPlugin:80 - create IPUIPlugin
2025-02-17 21:53:16,942 [INFO] IPUIPlugin:80 - create IPUIPlugin
2025-02-17 21:53:16,942 [INFO] IPUIPlugin:80 - create IPUIPlugin
2025-02-17 21:53:16,942 [INFO] IPUIPlugin:80 - create IPUIPlugin
2025-02-17 21:53:16,942 [INFO] IPUIPlugin:80 - create IPUIPlugin
2025-02-17 21:53:16,942 [INFO] IPUIPlugin:80 - create IPUIPlugin
2025-02-17 21:53:16,942 [INFO] IPUIPlugin:80 - create IPUIPlugin
2025-02-17 21:53:16,942 [INFO] IPUIPlugin:80 - create IPUIPlugin
2025-02-17 21:53:16,942 [INFO] IPUIPlugin:80 - create IPUIPlugin
2025-02-17 21:53:16,942 [INFO] IPUIPlugin:80 - create IPUIPlugin
2025-02-17 21:53:16,942 [INFO] IPUIPlugin:80 - create IPUIPlugin
2025-02-17 21:53:16,943 [INFO] IPUIPlugin:80 - create IPUIPlugin
2025-02-17 21:53:16,943 [INFO] IPUIPlugin:80 - create IPUIPlugin
2025-02-17 21:53:16,943 [INFO] IPUIPlugin:80 - create IPUIPlugin
2025-02-17 21:53:16,944 [INFO] IPUIPlugin:80 - create IPUIPlugin
2025-02-17 21:53:16,944 [INFO] IPUIPlugin:80 - create IPUIPlugin
2025-02-17 21:53:16,946 [INFO] ApiDbMcu:508 - Load IP Config File for PDM2PCM
2025-02-17 21:53:16,961 [INFO] CADModel:165 - CPN selected for project levelSTM32F407VGT6
2025-02-17 21:53:16,961 [INFO] CADModel:114 - Register for checkConnection events
2025-02-17 21:53:17,008 [INFO] OpenFileManager:363 - Restore cursor
2025-02-17 21:53:49,117 [INFO] Gpio:277 - dependency for GPIO []
2025-02-17 21:54:27,803 [INFO] Gpio:277 - dependency for GPIO []
2025-02-17 21:54:57,704 [INFO] NvicIntPanel:101 - NVIC parent = com.st.microxplorer.plugins.ip.nvic.MultiNvicIntPanel[,0,0,723x274,layout=javax.swing.BoxLayout,alignmentX=0.0,alignmentY=0.0,border=,flags=9,maximumSize=,minimumSize=,preferredSize=]
2025-02-17 21:54:59,205 [INFO] NvicIntPanel:101 - NVIC parent = com.st.microxplorer.plugins.ip.nvic.MultiNvicIntPanel[,0,0,0x0,invalid,layout=javax.swing.BoxLayout,alignmentX=0.0,alignmentY=0.0,border=,flags=9,maximumSize=,minimumSize=,preferredSize=]
2025-02-17 22:00:19,393 [INFO] UtilMem:75 - End SaveConfig() Used Memory: 950365384 Bytes (1073741824)
2025-02-17 22:00:20,621 [INFO] UtilMem:75 - End SaveConfig() Used Memory: 681825280 Bytes (1073741824)
2025-02-17 22:00:20,984 [INFO] UtilMem:75 - End SaveConfig() Used Memory: 668446688 Bytes (1073741824)
2025-02-17 22:00:21,078 [INFO] BlockDiagram:2766 - set Specific Code input for plugin: SYS
2025-02-17 22:00:21,078 [INFO] BlockDiagram:2766 - set Specific Code input for plugin: RCC
2025-02-17 22:00:21,078 [INFO] BlockDiagram:2766 - set Specific Code input for plugin: RTC
2025-02-17 22:00:21,078 [INFO] BlockDiagram:2766 - set Specific Code input for plugin: NVIC
2025-02-17 22:00:21,078 [INFO] BlockDiagram:2766 - set Specific Code input for plugin: USART
2025-02-17 22:00:21,078 [INFO] BlockDiagram:2766 - set Specific Code input for plugin: GPIO
2025-02-17 22:00:21,079 [INFO] CodeGenerator:807 - code generatio: config db path: /home/engineering/st/stm32cubeide_1.16.1/plugins/com.st.stm32cube.common.mx_6.12.1.202409122256//db/
2025-02-17 22:00:21,145 [INFO] CodeEngine:255 - oldGeneratedFile, /home/engineering/STM32CubeIDE/workspace_1.16.1/STM32_FreeRTOS_Development/FreeRTOS_QueuesandTasks/MXTmpFiles/license.tmp_save
2025-02-17 22:00:21,289 [INFO] CodeEngine:279 - Generated code: /home/engineering/STM32CubeIDE/workspace_1.16.1/STM32_FreeRTOS_Development/FreeRTOS_QueuesandTasks/MXTmpFiles/license.tmp
2025-02-17 22:00:21,359 [INFO] CodeEngine:255 - oldGeneratedFile, /home/engineering/STM32CubeIDE/workspace_1.16.1/STM32_FreeRTOS_Development/FreeRTOS_QueuesandTasks/MXTmpFiles/gpio.tmp_save
2025-02-17 22:00:21,496 [INFO] CodeEngine:279 - Generated code: /home/engineering/STM32CubeIDE/workspace_1.16.1/STM32_FreeRTOS_Development/FreeRTOS_QueuesandTasks/MXTmpFiles/gpio.tmp
2025-02-17 22:00:21,685 [INFO] CodeEngine:255 - oldGeneratedFile, /home/engineering/STM32CubeIDE/workspace_1.16.1/STM32_FreeRTOS_Development/FreeRTOS_QueuesandTasks/Core/Src/stm32f4xx_it.c_save
2025-02-17 22:00:21,948 [INFO] CodeEngine:279 - Generated code: /home/engineering/STM32CubeIDE/workspace_1.16.1/STM32_FreeRTOS_Development/FreeRTOS_QueuesandTasks/Core/Src/stm32f4xx_it.c
2025-02-17 22:00:21,951 [INFO] CodeEngine:255 - oldGeneratedFile, /home/engineering/STM32CubeIDE/workspace_1.16.1/STM32_FreeRTOS_Development/FreeRTOS_QueuesandTasks/Core/Inc/stm32f4xx_it.h_save
2025-02-17 22:00:22,045 [INFO] CodeEngine:279 - Generated code: /home/engineering/STM32CubeIDE/workspace_1.16.1/STM32_FreeRTOS_Development/FreeRTOS_QueuesandTasks/Core/Inc/stm32f4xx_it.h
2025-02-17 22:00:22,060 [INFO] CodeEngine:255 - oldGeneratedFile, /home/engineering/STM32CubeIDE/workspace_1.16.1/STM32_FreeRTOS_Development/FreeRTOS_QueuesandTasks/Core/Src/stm32f4xx_hal_msp.c_save
2025-02-17 22:00:22,264 [INFO] CodeEngine:279 - Generated code: /home/engineering/STM32CubeIDE/workspace_1.16.1/STM32_FreeRTOS_Development/FreeRTOS_QueuesandTasks/Core/Src/stm32f4xx_hal_msp.c
2025-02-17 22:00:22,273 [INFO] CodeEngine:255 - oldGeneratedFile, /home/engineering/STM32CubeIDE/workspace_1.16.1/STM32_FreeRTOS_Development/FreeRTOS_QueuesandTasks/MXTmpFiles/system.tmp_save
2025-02-17 22:00:22,328 [INFO] CodeEngine:279 - Generated code: /home/engineering/STM32CubeIDE/workspace_1.16.1/STM32_FreeRTOS_Development/FreeRTOS_QueuesandTasks/MXTmpFiles/system.tmp
2025-02-17 22:00:22,329 [INFO] CodeEngine:255 - oldGeneratedFile, /home/engineering/STM32CubeIDE/workspace_1.16.1/STM32_FreeRTOS_Development/FreeRTOS_QueuesandTasks/Core/Src/stm32f4xx_hal_timebase_tim.c_save
2025-02-17 22:00:22,372 [INFO] CodeEngine:279 - Generated code: /home/engineering/STM32CubeIDE/workspace_1.16.1/STM32_FreeRTOS_Development/FreeRTOS_QueuesandTasks/Core/Src/stm32f4xx_hal_timebase_tim.c
2025-02-17 22:00:22,375 [INFO] CodeEngine:311 - oldGeneratedFile, /home/engineering/STM32CubeIDE/workspace_1.16.1/STM32_FreeRTOS_Development/FreeRTOS_QueuesandTasks/Core/Inc/stm32f4xx_hal_conf.h_save
2025-02-17 22:00:22,422 [INFO] CodeEngine:335 - Generated code: /home/engineering/STM32CubeIDE/workspace_1.16.1/STM32_FreeRTOS_Development/FreeRTOS_QueuesandTasks/Core/Inc/stm32f4xx_hal_conf.h
2025-02-17 22:00:22,435 [INFO] CodeEngine:255 - oldGeneratedFile, /home/engineering/STM32CubeIDE/workspace_1.16.1/STM32_FreeRTOS_Development/FreeRTOS_QueuesandTasks/Core/Inc/main.h_save
2025-02-17 22:00:22,494 [INFO] CodeEngine:279 - Generated code: /home/engineering/STM32CubeIDE/workspace_1.16.1/STM32_FreeRTOS_Development/FreeRTOS_QueuesandTasks/Core/Inc/main.h
2025-02-17 22:00:22,496 [INFO] CodeEngine:255 - oldGeneratedFile, /home/engineering/STM32CubeIDE/workspace_1.16.1/STM32_FreeRTOS_Development/FreeRTOS_QueuesandTasks/Core/Src/main.c_save
2025-02-17 22:00:22,567 [INFO] CodeEngine:279 - Generated code: /home/engineering/STM32CubeIDE/workspace_1.16.1/STM32_FreeRTOS_Development/FreeRTOS_QueuesandTasks/Core/Src/main.c
2025-02-17 22:00:22,694 [INFO] ProjectBuilder:3249 - Time for Copy HAL[1] : 34mS.
2025-02-17 22:00:22,699 [INFO] ProjectBuilder:4828 - Project Generator version: 4.5.0-B34
2025-02-17 22:00:22,744 [INFO] ConfigFileManager:1531 - The Die is : DIE413
2025-02-17 22:00:22,745 [INFO] ApiDbMcu:508 - Load IP Config File for FATFS
2025-02-17 22:00:22,748 [INFO] ApiDbMcu:508 - Load IP Config File for FREERTOS
2025-02-17 22:00:22,749 [INFO] ApiDbMcu:508 - Load IP Config File for LIBJPEG
2025-02-17 22:00:22,752 [INFO] ApiDbMcu:508 - Load IP Config File for LWIP
2025-02-17 22:00:22,754 [INFO] ApiDbMcu:508 - Load IP Config File for MBEDTLS
2025-02-17 22:00:22,762 [INFO] ApiDbMcu:508 - Load IP Config File for USB_DEVICE
2025-02-17 22:00:22,786 [INFO] ApiDbMcu:508 - Load IP Config File for USB_HOST
2025-02-17 22:00:23,572 [INFO] ProjectBuilder:5097 - Time for Generating toolchain IDE Files: 872mS.
2025-02-17 22:00:23,572 [INFO] ProjectBuilder:3107 - Time for Copy CMSIS : 0mS.
2025-02-17 22:00:23,572 [INFO] ProjectBuilder:3107 - Time for Copy CMSIS : 0mS.
